"Sl","#","From Date","Type","Customer","Pax","Tel","Amount","Received","Balance","Commission","Pickup","Drop off","Vehicle","Driver","Added By","Requested By","Actions"
"1","1244","19-Nov-22 03:00","Pickup / Drop","Sky Bahrain Tourism","","","45.000","0.000","45.000","45.000","Bahrain","Dammam Airport","SUV","rabab","via","Sky Bahrain Tourism","                                                                                                                                              "
"2","2430","03-Mar-23 11:00","Chauffeur","Layla Issa Abuzaid","Sebastian  Dumonet","+1 (646) 361-3389","450.000","0.000","450.000","0.000","Riyadh","Bahrain","GMC or similar","apiuser","via","wanaan","                                                                                                                                              "
"3","2455","05-Mar-23 11:00","Pickup / Drop","Sebastian Dumonet","Layla","","180.000","0.000","180.000","0.000","Reef resort to Al Nayfah compound","Riyadh","SUV","apiuser","mariam","Wanaan","                                                                                                                                              "
"4","3357","25-Jun-23 19:00","Pickup / Drop","One Rent","N/A","","110.000","0.000","110.000","0.000","Bahrain","Riyadh","SUV","","mac","One Rent","                                                                                                                                              "
"5","7676","29-Jul-24 15:30","Chauffeur","Saleh Hussein Al-Ajmi","","","60.000","0.000","60.000","0.000","Manama https://maps.app.goo.gl/g5w1GcqS6YEyWwXp8","chauffeur services 4 hours","BMW","p","mariam","Wanaan","                                                                                                                                              "
"6","8688","27-Oct-24 15:59","Pickup / Drop","Al-Ettifaq FC","","","90.000","0.000","90.000","60.000","Riyadh","almjama","Sedan","hlimo","via","Al-Ettifaq","                                                                                                                                              "
"7","8689","27-Oct-24 20:00","Pickup / Drop","Al-Ettifaq FC","","","90.000","0.000","90.000","60.000","alamjama","Riyadh","Sedan","hlimo","via","Al-Ettifaq","                                                                                                                                              "
"8","9304","07-Dec-24 12:51","Chauffeur","Educaring","","","350.000","220.000","130.000","460.000","4 cars cahff hotel","dammma airport","SUV","salsameer","ali","Wanaan","                                                                                                                                              "
"9","11965","24-Jul-25 17:00","Pickup / Drop","Qassim Makhlooq","","","25.000","0.000","25.000","0.000","busaiteen","Dammam Railway Station","Sedan","hbusafwan","ali","Wanaan","                                                                                                                                              "
"10","11972","27-Jul-25 20:55","Pickup / Drop","Qassim Makhlooq","","","25.000","0.000","25.000","0.000","Dammam train station","Buasiteen","Sedan","Ahmed","ali","Wanaan","                                                                                                                                              "
"11","12065","05-Aug-25 11:00","Pickup / Drop","Qassim Makhlooq","mohd","","50.000","0.000","50.000","0.000","Dammam Train Station","round tirp","Sedan","Ahmed","via","Wanaan","                                                                                                                                              "
"12","12269","09-Sep-25 16:30","Chauffeur","Sarah almutairi","Sara","","60.000","40.000","20.000","0.000","Bahrain Airport","Bahrain","Suv","","qassim","Wanaan","                                                                                                                                              "
"13","12462","20-Sep-25 12:00","Chauffeur","Hasan Fakhroo/Al Anood","Hasan Fakhroo/Al Anood","","1,800.000","0.000","1,800.000","0.000","Chauffeur","Bahrain(48days)","BMW 7 Series,Patrol & expedition","habib","via","Wanaan","                                                                                                                                              "
"14","12552","02-Oct-25 18:00","Pickup / Drop","World Seas Shipping Services W.L.L","ALLAN GUTIERREZ PANGAN","","45.000","37.000","8.000","0.000","Manama, Grand Safir","MARINA COMPOUND","Sedan","hassand","hassan","WSSS","                                                                                                                                              "
"15","12571","05-Oct-25 06:45","Pickup / Drop","World Seas Shipping Services W.L.L","Veeravali","","15.000","0.000","15.000","0.000","Movinpick","Asry","SUV","yusuf","ali","Wanaan","                                                                                                                                              "
"16","12572","05-Oct-25 15:00","Pickup / Drop","World Seas Shipping Services W.L.L","Bruno /Vikram","","51.000","0.000","51.000","0.000","Asry(3 hours waiting)","Movenpick hotel","SUV","","ali","Wanaan","                                                                                                                                              "
"17","12592","06-Oct-25 18:00","Pickup / Drop","World Seas Shipping Services W.L.L","Eduard","","36.000","0.000","36.000","0.000","Wyndham Garden Hotel waiting one hour","Las Dunas Khobar","Sedan","mariam","via","WSSS","                                                                                                                                              "
"18","12593","06-Oct-25 18:15","Pickup / Drop","World Seas Shipping Services W.L.L","Unni, Valsala","","36.000","0.000","36.000","0.000","Wyndhan Hotel waiting one hour","Rezayat Compound Khobar","Sedan","mariam","via","Wsss","                                                                                                                                              "
"19","12596","07-Oct-25 09:30","Pickup / Drop","World Seas Shipping Services W.L.L","Marihot Panjaitan","","28.000","0.000","28.000","0.000","Manama, Wyndham Garden","Khobar, Holiday inn hotel","Sedan","habib","hassan","WSSS","                                                                                                                                              "
"20","12597","07-Oct-25 09:30","Pickup / Drop","World Seas Shipping Services W.L.L","Yernar Kaupenov","","45.000","0.000","45.000","0.000","Manama, Wyndham Garden","Jubail, Marina Compound","Sedan","habib","hassan","WSSS","                                                                                                                                              "
"21","12604","07-Oct-25 18:00","Pickup / Drop","World Seas Shipping Services W.L.L","Mr. Evan Alfrid","","90.000","0.000","90.000","0.000","Grand Safir hotel","Safaniya villa","SUV","yusuf","via","Wanaan","                                                                                                                                              "
"22","12605","07-Oct-25 18:00","Pickup / Drop","World Seas Shipping Services W.L.L","BABU SHANKAR/BIJU CHANGANCHERIL","","45.000","0.000","45.000","0.000","Wyndham Garden hotel","REZAYET JUBAIL","Sedan","sali","via","Wanaan","                                                                                                                                              "
"23","12606","07-Oct-25 18:00","Pickup / Drop","World Seas Shipping Services W.L.L","FAISAL ABDAU","","45.000","0.000","45.000","0.000","Wyndham Garden hotel","MARINA CAMPOUND","Sedan","sali","via","Wanaan","                                                                                                                                              "
"24","12650","13-Oct-25 09:00","Chauffeur","Romin Holdings WLL","","","80.000","0.000","80.000","0.000","Regency hotel","8 hours","Haice","aanood","ali","Wanaan","                                                                                                                                              "
"25","12651","14-Oct-25 09:00","Chauffeur","Romin Holdings WLL","","","110.000","0.000","110.000","0.000","Regency hotel","8 hours extra 3 hours","Haice","aanood","ali","Wanaan","                                                                                                                                              "
"26","12663","14-Oct-25 18:00","Pickup / Drop","World Seas Shipping Services W.L.L","Asam,Dennis,Huseynadh,Marcial","","90.000","0.000","90.000","0.000","Grand Safir hotel","Safanyia Camp","SUV","sali","via","WSSS","                                                                                                                                              "
"27","12728","16-Oct-25 10:00","Pickup / Drop","World Seas Shipping Services W.L.L","Fadillah Akhbar Marsha","","45.000","0.000","45.000","0.000","Manama, Wyndham Garden","Jubail, Rezayat Compound","Sedan","yusuf","hassan","WSSS","                                                                                                                                              "
"28","12712","20-Oct-25 18:00","Pickup / Drop","World Seas Shipping Services W.L.L","Kamlesh","","90.000","0.000","90.000","0.000","Grand Safir hotel","Safaniya villa","SUV","alifuad","via","WSSS","                                                                                                                                              "
"29","12713","20-Oct-25 19:00","Pickup / Drop","World Seas Shipping Services W.L.L","Mr.vinod","","45.000","0.000","45.000","0.000","Wyndham garden","Alreem jubail","Sedan","yusuf","ali","Wanaan","                                                                                                                                              "
"30","12710","21-Oct-25 08:00","Pickup / Drop","World Seas Shipping Services W.L.L","Feng & Li","0554007196","90.000","0.000","90.000","0.000","Wareef Compound Jubail","Cross board and back Jubail","Sedan","sali","via","Wsss","                                                                                                                                              "
"31","12741","25-Oct-25 06:45","Pickup / Drop","World Seas Shipping Services W.L.L","Radoslaw & Alfonso","","15.000","0.000","15.000","0.000","Movenpick hotel","Asry","SUV","sohail","via","WSSS","                                                                                                                                              "
"32","12742","25-Oct-25 14:00","Pickup / Drop","World Seas Shipping Services W.L.L","Rana & Toni","","30.000","0.000","30.000","0.000","Asry than Minaa Salman","Movenpick hotel","SUV","sohail","via","WSSS","                                                                                                                                              "
"33","12790","27-Oct-25 18:00","Pickup / Drop","World Seas Shipping Services W.L.L","Nair Sabha","","90.000","0.000","90.000","0.000","Manama, Grand Safir","Safaniya villa","Suv","Al Thawadi","hassan","WSSS","                                                                                                                                              "
"34","12800","27-Oct-25 18:00","Pickup / Drop","World Seas Shipping Services W.L.L","Ragovin","","28.000","0.000","28.000","0.000","Manama grand safir","Massar al Khobar","Sedan","habib","abbas1","Wanaan","                                                                                                                                              "
"35","12799","28-Oct-25 18:00","Pickup / Drop","World Seas Shipping Services W.L.L","Henry","","90.000","0.000","90.000","0.000","Grand Safir hotel","Safaniya villa","SUV","alifuad","via","WSSS","                                                                                                                                              "
"36","12807","29-Oct-25 18:00","Pickup / Drop","World Seas Shipping Services W.L.L","Rustiyo arief","","90.000","0.000","90.000","0.000","Grand safir","Safaniya villa","SUV","yusuf","abbas1","Wanaan","                                                                                                                                              "
"37","12808","29-Oct-25 18:00","Pickup / Drop","World Seas Shipping Services W.L.L","Fares musa","","28.000","0.000","28.000","0.000","grand safir hotel","Massar hotel","Sedan","alifuad","abbas1","Wanaan","                                                                                                                                              "
"38","12814","01-Nov-25 15:00","Pickup / Drop","World Seas Shipping Services W.L.L","Mobile: 0554007196 Mr Ji / Mobile: 0532591357  Yang Ke Zhao","","45.000","0.000","45.000","0.000","Wareef Compound Jubail","Grand safir","Sedan","sali","via","Wanaan","                                                                                                                                              "
"39","12865","02-Nov-25 12:00","Pickup / Drop","World Seas Shipping Services W.L.L","Mr jike +966554007196","","45.000","0.000","45.000","0.000","Wareef compound jubail","Grand safir","Sedan","yusuf","ali","Wanaan","                                                                                                                                              "
"40","12871","02-Nov-25 18:00","Pickup / Drop","World Seas Shipping Services W.L.L","Yang Khezao","","45.000","0.000","45.000","0.000","Manama, Grand Safir","Wareef Compound","Sedan","","hassan","WSSS","                                                                                                                                              "
"41","12875","03-Nov-25 18:00","Pickup / Drop","World Seas Shipping Services W.L.L","Min Winxin","","45.000","0.000","45.000","0.000","Grand safir","Wareef compound","Sedan","ajaber","ali","Wanaan","                                                                                                                                              "
"42","12887","04-Nov-25 18:00","Pickup / Drop","World Seas Shipping Services W.L.L","Geng Cheng","","45.000","0.000","45.000","0.000","Grand Safir","Wareef Compound","Sedan","alifuad","via","Wanaan","                                                                                                                                              "
"43","12892","06-Nov-25 07:30","Pickup / Drop","World Seas Shipping Services W.L.L","Mr. Wang Xiaowei +966535562549","","102.000","0.000","102.000","0.000","Wareef Compound Jubail https://maps.app.goo.gl/998H4VtKhSpZHQdG7","round tirp visa 12 BD","Sedan","yusuf","ali","Wanaan","                                                                                                                                              "
"44","12977","10-Nov-25 18:00","Pickup / Drop","World Seas Shipping Services W.L.L","Gordan janjic","","28.000","0.000","28.000","0.000","Grand safir","Massara hotel Khobar","Sedan","alifuad","ali","Wanaan","                                                                                                                                              "
"45","12978","10-Nov-25 18:00","Pickup / Drop","World Seas Shipping Services W.L.L","Richard","","90.000","0.000","90.000","0.000","Grand safir","Safaniya","Suv","alifuad","ali","Wanaan","                                                                                                                                              "
"46","12979","10-Nov-25 18:00","Pickup / Drop","World Seas Shipping Services W.L.L","Wahyu Alfia","","28.000","0.000","28.000","0.000","Wyndham garden","Holiday inn Corniche Khobar","Sedan","yusuf","ali","Wanaan","                                                                                                                                              "
"47","12973","11-Nov-25 07:00","Pickup / Drop","World Seas Shipping Services W.L.L","Mustafa","","15.000","0.000","15.000","0.000","Movinpick","Asry gate","Suv","yusuf","ali","Wanaan","                                                                                                                                              "
"48","12974","11-Nov-25 07:00","Pickup / Drop","World Seas Shipping Services W.L.L","Leonard - Jayson","","15.000","0.000","15.000","0.000","Wyndham garden","Asri gate","Suv","","ali","Wanaan","                                                                                                                                              "
"49","12985","11-Nov-25 18:00","Pickup / Drop","World Seas Shipping Services W.L.L","Bopy","","90.000","0.000","90.000","0.000","Grand safir","Safaniya","Suv","yusuf","ali","Wanaan","                                                                                                                                              "
"50","12986","11-Nov-25 18:00","Pickup / Drop","World Seas Shipping Services W.L.L","Zderic","","28.000","0.000","28.000","0.000","Grand safir","Massara hotel Khobar","Sedan","yusuf","ali","Wanaan","                                                                                                                                              "
"51","12997","12-Nov-25 18:00","Pickup / Drop","World Seas Shipping Services W.L.L","ASEP","","90.000","0.000","90.000","0.000","Manama, Grand Safir","Safanyia","Suv","alifuad","hassan","WSSS","                                                                                                                                              "
"52","13014","13-Nov-25 17:30","Pickup / Drop","World Seas Shipping Services W.L.L","IGor","","28.000","0.000","28.000","0.000","Grand safir","Massara hotel Khobar","Sedan","alifuad","ali","Wanaan","                                                                                                                                              "
"53","13009","16-Nov-25 08:00","Pickup / Drop","World Seas Shipping Services W.L.L","Li Siyuan","5 bd visa","50.000","0.000","50.000","0.000","Wareef Compound Jubail","Grand Safir","Sedan","alifuad","via","WSSS","                                                                                                                                              "
"54","13080","16-Nov-25 18:00","Pickup / Drop","World Seas Shipping Services W.L.L","Philipus","","28.000","0.000","28.000","0.000","Grand safir","Massara hotel Khobar","Sedan","alifuad","ali","Wanaan","                                                                                                                                              "
"55","13089","17-Nov-25 18:00","Pickup / Drop","World Seas Shipping Services W.L.L","Tawfiq & Arkadiy","","28.000","0.000","28.000","0.000","Grand safir","Khobar","Sedan","sali","ali","Wanaan","                                                                                                                                              "
"56","13090","17-Nov-25 18:00","Pickup / Drop","World Seas Shipping Services W.L.L","Shamim","","28.000","0.000","28.000","0.000","Wyndham grand","Rezayat compound Khobar","Sedan","sali","ali","Wanaan","                                                                                                                                              "
"57","13094","18-Nov-25 10:00","Pickup / Drop","World Seas Shipping Services W.L.L","Li Siyuan","","45.000","0.000","45.000","0.000","Grand safir","Wareef compound","Sedan","kown","ali","Wanaan","                                                                                                                                              "
"58","13093","18-Nov-25 10:30","Pickup / Drop","World Seas Shipping Services W.L.L","Rajan","","90.000","0.000","90.000","0.000","Grand safir","Safaniya","Suv","kown","ali","Wanaan","                                                                                                                                              "
"59","13095","18-Nov-25 10:30","Pickup / Drop","World Seas Shipping Services W.L.L","Gunapiyan & praveen","","28.000","0.000","28.000","0.000","Grand safir","Massara hotel Khobar","Sedan","kown","ali","Wanaan","                                                                                                                                              "
"60","13102","18-Nov-25 17:30","Pickup / Drop","World Seas Shipping Services W.L.L","Andrei & Volodymyr","","28.000","0.000","28.000","0.000","Manama, Grand Safir","Massara Hotel Al-Khobar.","Sedan","Al Thawadi","hassan","WSSS","                                                                                                                                              "
"61","13103","18-Nov-25 18:00","Pickup / Drop","World Seas Shipping Services W.L.L","Ratheesh","","28.000","0.000","28.000","0.000","Manama, Wyndham Garden","Rezayat Residential Complex at Al-Khobar.","Sedan","Al Thawadi","hassan","WSSS","                                                                                                                                              "
"62","13130","20-Nov-25 17:30","Pickup / Drop","World Seas Shipping Services W.L.L","Paul, Sholat and Ninan","","33.000","0.000","33.000","0.000","Manama, Grand Safir","Massara Hotel Al-Khobar","Suv","","hassan","WSSS","                                                                                                                                              "
"63","13132","20-Nov-25 18:00","Pickup / Drop","World Seas Shipping Services W.L.L","Nasim","","45.000","0.000","45.000","0.000","Wyndham Garden Juffair","Alreem jubail","Sedan","kown","hassan","WSSS","                                                                                                                                              "
"64","13131","23-Nov-25 08:00","Pickup / Drop","World Seas Shipping Services W.L.L","Mikhail Nekrasov","","45.000","0.000","45.000","0.000","Jubail, wareef Compound","Manama, Grand Safir","Sedan","alifuad","hassan","WSSS","                                                                                                                                              "
"65","13165","23-Nov-25 18:00","Pickup / Drop","World Seas Shipping Services W.L.L","Juned Chavan.","","45.000","0.000","45.000","0.000","Grand safir","https://maps.app.goo.gl/uVat4arcRRtRuxYb6 Ras Tanura.","Sedan","praji","ali","Wanaan","                                                                                                                                              "
"66","13166","23-Nov-25 18:00","Pickup / Drop","World Seas Shipping Services W.L.L","Valetyn","","90.000","0.000","90.000","0.000","Grand Safir hotel","Safaniya","SUV","praji","ali","Wanna","                                                                                                                                              "
"67","13167","23-Nov-25 18:00","Pickup / Drop","World Seas Shipping Services W.L.L","Ahmed Emad","","28.000","0.000","28.000","0.000","Grand Safir","Massara Hotel","Sedan","praji","ali","Wanaan","                                                                                                                                              "
"68","13168","23-Nov-25 18:00","Pickup / Drop","World Seas Shipping Services W.L.L","WALTER GERTOS TUYCO/ARISTEO DEL MUNDO TORRES/JOEL DE TORRES DEL MUNDO/JOHN PATRICK DEL RIO GONZALES/ALEX PANOPIO LUCERO/ROLDAN CANTOS MERCADO","","60.000","0.000","60.000","0.000","Wyndham Garden","MARINA COMPOUND JUBAIL","SUV","habib","ali","Wanna","                                                                                                                                              "
"69","13169","23-Nov-25 18:00","Pickup / Drop","World Seas Shipping Services W.L.L","hI Jaile","","45.000","0.000","45.000","0.000","Grand Safir hotel","Wareef Compound.","Sedan","habib","ali","Wanna","                                                                                                                                              "
"70","13189","24-Nov-25 18:00","Pickup / Drop","World Seas Shipping Services W.L.L","Refat Roshdi","","45.000","0.000","45.000","0.000","Grand safir HoteL","Wareef Compound","Sedan","sali","ali","Wanaan","                                                                                                                                              "
"71","13190","24-Nov-25 18:00","Pickup / Drop","World Seas Shipping Services W.L.L","ALFREDO","","28.000","0.000","28.000","0.000","Grand safir Hotel","MASSRA HOTEL","Sedan","sali","ali","Wanaan","                                                                                                                                              "
"72","13205","26-Nov-25 07:30","Pickup / Drop","World Seas Shipping Services W.L.L","Haris Andreansyah/JESSIE ADOPTANTE UMANDAL","","30.000","0.000","30.000","0.000","Wymdham garden","Asry(1 hr  waiting)","SUV","sali","hassan","WSSS","                                                                                                                                              "
"73","13206","26-Nov-25 13:00","Pickup / Drop","World Seas Shipping Services W.L.L","ROLDAN JANOLINO ABEJO/ROHIT KUMAR/KELVIN KLEIN TABUZO DE GRACIA","","15.000","0.000","15.000","0.000","Sulaiti Jetty","Manama, Wyndham Garden Hotel","SUV","alifuad","hassan","WSSS","                                                                                                                                              "
"74","13280","28-Nov-25 23:00","Pickup / Drop","Al Anood","","","35.000","0.000","35.000","0.000","Bahrain Airport","Dmm airport","Sedan","mkarranh","ali","Wanaan","                                                                                                                                              "
"75","13340","04-Dec-25 14:00","Pickup / Drop","World Seas Shipping Services W.L.L","Mr Wang Yuan","0535902740","68.000","0.000","68.000","0.000","DMM Asayel Compound 85XJ+GJX, Qurtoba, Al Khobar 34234","ROUNDTRIP","Sedan","praji","via","WSSS","                                                                                                                                              "
"76","13400","08-Dec-25 18:00","Pickup / Drop","World Seas Shipping Services W.L.L","SUN JIANFEI","","45.000","0.000","45.000","0.000","Grand Safir hotel","Wareef Compound","Sedan","alifuad","via","WSSS","                                                                                                                                              "
"77","13401","08-Dec-25 18:00","Pickup / Drop","World Seas Shipping Services W.L.L","HEI AND ZHAO","","45.000","0.000","45.000","0.000","Grand Safir hotel","Parkinn hotel in Jubail","Sedan","alifuad","via","WSSS","                                                                                                                                              "
"78","13391","08-Dec-25 18:50","Pickup / Drop","World Seas Shipping Services W.L.L","Ms","","15.000","0.000","15.000","0.000","Bahrain Airport GF 0142","Marassi Park, Building C, Road 0069, Block 0264, Marassi, Diyar Al Muharraq","SUV","sohail","via","WSSS","                                                                                                                                              "
"79","13388","09-Dec-25 08:00","Pickup / Drop","World Seas Shipping Services W.L.L","Feng Haoran","","28.000","0.000","28.000","0.000","Europe village","Grand safir","Sedan","alifuad","ali","Wanaan","                                                                                                                                              "
"80","13413","09-Dec-25 08:00","Chauffeur","Asry Net","","","210.000","0.000","210.000","0.000","Bahrain to Dammam (8am to 5pm-9 hours)","round tirp(waiting in bahrain)","Vito","","via","Wanaan","                                                                                                                                              "
"81","13445","10-Dec-25 23:30","Pickup / Drop","Pine Tree Limousine","","","15.000","0.000","15.000","0.000","Awal Private Terminal","Sheraton hotel","Suv","alifuad","ali","Wanaan","                                                                                                                                              "
"82","13449","11-Dec-25 18:00","Pickup / Drop","World Seas Shipping Services W.L.L","Sakthvignesh/rajesh/Saleh/Abdul","","90.000","0.000","90.000","0.000","Grand Safir","Safaniya","SUV","alifuad","via","WSSS","                                                                                                                                              "
"83","13450","14-Dec-25 18:00","Pickup / Drop","World Seas Shipping Services W.L.L","Feng","","45.000","0.000","45.000","0.000","Grand Safir","Dammam","Sedan","alifuad","via","WSSS","                                                                                                                                              "
"84","13500","14-Dec-25 18:00","Pickup / Drop","World Seas Shipping Services W.L.L","Shailndra","","90.000","0.000","90.000","0.000","Grand Safir hotel","Safaniya","SUV","alifuad","via","WSSS","                                                                                                                                              "
"85","13504","15-Dec-25 18:00","Pickup / Drop","World Seas Shipping Services W.L.L","Ahmed / michael / Haidar","","105.000","0.000","105.000","0.000","Grand safir+ 1 hour waiting extra","Safaniya","Suv","alifuad","ali","Wanaan","                                                                                                                                              "
"86","13503","15-Dec-25 18:30","Pickup / Drop","World Seas Shipping Services W.L.L","vladimir/Jose/ahmed/vahid/Danilo","","48.000","0.000","48.000","0.000","Grand safir + 1 hour wedding extra","Massara hotel Khobar","Suv","","ali","Wanaan","                                                                                                                                              "
"87","13526","18-Dec-25 16:00","Pickup / Drop","World Seas Shipping Services W.L.L","Juan Carlos","","28.000","0.000","28.000","0.000","Grand Safir hotel","Massara Hotel Khobar","Sedan","alifuad","via","WSSS","                                                                                                                                              "
"88","13589","23-Dec-25 18:00","Pickup / Drop","World Seas Shipping Services W.L.L","1.Zhao Honglei 2.Li Bing 3.Yu Jinghu 4.Chew pin yee","","60.000","0.000","60.000","0.000","Manama, Grand Safir","Wareef Compound","Suv","abdullaa","hassan","WSSS","                                                                                                                                              "
"89","13629","25-Dec-25 17:30","Pickup / Drop","Pine Tree Limousine","","","15.000","0.000","15.000","0.000","Bahrain Airport","Hotel","Suv","kown","ali","Wanaan","                                                                                                                                              "
"90","13661","29-Dec-25 15:00","Pickup / Drop","World Seas Shipping Services W.L.L","Liu Jianwei","","90.000","0.000","90.000","0.000","Wareef Compound","Roundtrip","Sedan","alifuad","via","Wsss","                                                                                                                                              "
"91","13708","31-Dec-25 16:00","Pickup / Drop","World Seas Shipping Services W.L.L","Mr.Jike 0554007196","","45.000","0.000","45.000","0.000","Hidd","Wareef compound","Sedan","kown","ali","Wanaan","                                                                                                                                              "
"92","13748","04-Jan-26 07:45","Chauffeur","Al Anood","","","120.000","0.000","120.000","0.000","Bahrain Airport","Chauffeur 15 HOURS","Suv","hassand","ali","Wanaan","                                                                                                                                              "
"93","13804","09-Jan-26 09:00","Pickup / Drop","World Seas Shipping Services W.L.L","Mr.Yuan +966554007196","","90.000","0.000","90.000","0.000","Wareef Compound Jubail https://maps.app.goo.gl/998H4VtKhSpZHQdG7","round tirp","Sedan","alifuad","ali","Wanaan","                                                                                                                                              "
"94","13803","10-Jan-26 09:00","Pickup / Drop","World Seas Shipping Services W.L.L","MR.Huo 0508540028","","70.000","0.000","70.000","0.000","Dammam Europe village","round tirp","Sedan","","ali","Wanaan","                                                                                                                                              "
"95","13946","18-Jan-26 12:45","Chauffeur","Wedding Event(Praveen)","Qassim","","45.000","0.000","45.000","0.000","Adilya","2-4 hours","Sedan","sohail","ali","Wanaan","                                                                                                                                              "
"96","14015","21-Jan-26 13:00","Pickup / Drop","World Seas Shipping Services W.L.L","Mr Jess","+966 509 281 514","90.000","0.000","90.000","0.000","Wareef compound","Roundtrip","Sedan","alifuad","ali","WSSS","                                                                                                                                              "
"97","14094","24-Jan-26 13:30","Pickup / Drop","World Seas Shipping Services W.L.L","Seaman's book-Hammad Ahmad","","28.000","0.000","28.000","0.000","WSSS Head Office, Al Hidd","Office #405, 4th Floor, Old NCB Bank Building, Cross 18, Prince Thamar Street, King Abdulaziz Road, Khobar Shumaliyah 31952, KSA","Sedan","mariam","hassan","WSSS","                                                                                                                                              "
"98","14242","25-Jan-26 08:00","Pickup / Drop","Wedding Event(Praveen)","N/A","","17.000","0.000","17.000","0.000","Bahrain Airport","Royal Saray","SUV","sohail","via","Wanaan","                                                                                                                                              "
"99","14202","27-Jan-26 11:00","Chauffeur","Wedding Event(Praveen)","","","60.000","0.000","60.000","0.000","Royal Saray","4 hous","SUV","hassand","via","Wanaan","                                                                                                                                              "
"100","14203","28-Jan-26 11:00","Chauffeur","Wedding Event(Praveen)","","","60.000","0.000","60.000","0.000","Royal Saray","4 hous","SUV","hassand","via","Wanaan","                                                                                                                                              "
"101","14131","28-Jan-26 20:30","Chauffeur","Salem Al Hajri",".","","80.000","65.000","15.000","0.000","Four season hotel","5 hours 2 EXTRA HOURS","Sedan","","hassan","Wanaan","                                                                                                                                              "
"102","14151","29-Jan-26 18:00","Pickup / Drop","World Seas Shipping Services W.L.L","Mr. Wang Panfei","","45.000","0.000","45.000","0.000","Grand Safir hotel","Wareef Compound, Al Jubail, KSA","Sedan","","via","Wanaan","                                                                                                                                              "
"103","14155","29-Jan-26 18:30","Chauffeur","Wedding Event(Praveen)","","","53.000","0.000","53.000","0.000","Royal Saray","5 hours","Sedan","hassand","ali","Wanaan","                                                                                                                                              "
"104","14201","30-Jan-26 13:00","Chauffeur","Wedding Event(Praveen)","","","88.000","0.000","88.000","0.000","Royal Saray","6 hours","suv","sohail","ali","Wanaan","                                                                                                                                              "
"105","14162","31-Jan-26 07:45","Pickup / Drop","Al Anood","","","14.000","0.000","14.000","0.000","Bahrain Airport","Alareen raffles hotel","Suv","sohail","ali","Wanaan","                                                                                                                                              "
"106","14169","31-Jan-26 22:00","Pickup / Drop","Prima Tourist Transportation and Car Rental Co W.L.L","","","20.000","0.000","20.000","0.000","Le Meridien City Center","Bahrain Airport","Vito","hassand","ali","Wanaan","                                                                                                                                              "
"107","14163","31-Jan-26 23:45","Pickup / Drop","Al Anood","","","29.000","0.000","29.000","0.000","Bahrain Airport","Alareen raffles hotel EXTRA 1 HOUR","Suv","hassand","ali","Wanaan","                                                                                                                                              "
"108","14164","31-Jan-26 23:45","Pickup / Drop","Al Anood","","","29.000","0.000","29.000","0.000","Bahrain Airport","Alareen raffles hotel EXTRA 1 HOUR","Suv","hassand","ali","Wanaan","                                                                                                                                              "
"109","14170","01-Feb-26 07:10","Pickup / Drop","Al Anood","","","14.000","0.000","14.000","0.000","Bahrain Airport","alareen hotel zallaq","SUV XL","sohail","ali","Wanaan","                                                                                                                                              "
"110","14171","01-Feb-26 07:10","Pickup / Drop","Al Anood","","","29.000","0.000","29.000","0.000","Bahrain Airport","alareen hotel zallaq EXTRA 1 HOUR","Expedition","alifuad","ali","Wanaan","                                                                                                                                              "
"111","14172","01-Feb-26 07:10","Pickup / Drop","Al Anood","","","29.000","0.000","29.000","0.000","Bahrain Airport","alareen hotel zallaq EXTRA 1 HOUR","Expedition","","ali","Wanaan","                                                                                                                                              "
"112","14173","01-Feb-26 07:45","Pickup / Drop","Al Anood","","","29.000","0.000","29.000","0.000","Bahrain Airport","alareen hotel zallaq EXTRA 1 HOUR","Expedition","","ali","Wanaan","                                                                                                                                              "
"113","14174","01-Feb-26 07:45","Pickup / Drop","Al Anood","","","29.000","0.000","29.000","0.000","Bahrain Airport","alareen hotel zallaq EXTRA 1 HOUR","Expedition","Falah","ali","Wanaan","                                                                                                                                              "
"114","14175","01-Feb-26 07:45","Pickup / Drop","Al Anood","","","29.000","0.000","29.000","0.000","Bahrain Airport","alareen hotel zallaq EXTRA 1 HOUR","Expedition","Falah","ali","Wanaan","                                                                                                                                              "
"115","14176","01-Feb-26 07:45","Pickup / Drop","Al Anood","","","29.000","0.000","29.000","0.000","Bahrain Airport","alareen hotel zallaq EXTRA 1 HOUR","Expedition","Falah","ali","Wanaan","                                                                                                                                              "
"116","14177","01-Feb-26 07:45","Pickup / Drop","Al Anood","","","29.000","0.000","29.000","0.000","Bahrain Airport","alareen hotel zallaq EXTRA 1 HOUR","Expedition","Falah","ali","Wanaan","                                                                                                                                              "
"117","14178","01-Feb-26 07:45","Pickup / Drop","Al Anood","","","29.000","0.000","29.000","0.000","Bahrain Airport","alareen hotel zallaq EXTRA 1 HOUR","Expedition","Falah","ali","Wanaan","                                                                                                                                              "
"118","14179","01-Feb-26 07:45","Pickup / Drop","Al Anood","","","29.000","0.000","29.000","0.000","Bahrain Airport","alareen hotel zallaq EXTRA 1 HOUR","Expedition","Falah","ali","Wanaan","                                                                                                                                              "
"119","14180","01-Feb-26 07:45","Pickup / Drop","Al Anood","","","29.000","0.000","29.000","0.000","Bahrain Airport","alareen hotel zallaq EXTRA 1 HOUR","Expedition","Falah","ali","Wanaan","                                                                                                                                              "
"120","14181","01-Feb-26 07:45","Pickup / Drop","Al Anood","","","14.000","0.000","14.000","0.000","Bahrain Airport","alareen hotel zallaq","Expedition","Falah","ali","Wanaan","                                                                                                                                              "
"121","14182","01-Feb-26 07:45","Pickup / Drop","Al Anood","","","14.000","0.000","14.000","0.000","Bahrain Airport","alareen hotel zallaq","Expedition","Falah","ali","Wanaan","                                                                                                                                              "
"122","14183","01-Feb-26 07:45","Pickup / Drop","Al Anood","","","14.000","0.000","14.000","0.000","Bahrain Airport","alareen hotel zallaq","Expedition","Falah","ali","Wanaan","                                                                                                                                              "
"123","14184","01-Feb-26 07:45","Pickup / Drop","Al Anood","","","14.000","0.000","14.000","0.000","Bahrain Airport","alareen hotel zallaq","Expedition","Falah","ali","Wanaan","                                                                                                                                              "
"124","14185","01-Feb-26 07:45","Pickup / Drop","Al Anood","","","14.000","0.000","14.000","0.000","Bahrain Airport","alareen hotel zallaq","Expedition","Falah","ali","Wanaan","                                                                                                                                              "
"125","14186","01-Feb-26 07:45","Pickup / Drop","Al Anood","","","14.000","0.000","14.000","0.000","Bahrain Airport","alareen hotel zallaq","Expedition","Falah","ali","Wanaan","                                                                                                                                              "
"126","14187","01-Feb-26 08:00","Pickup / Drop","Al Anood","","","14.000","0.000","14.000","0.000","Bahrain Airport","alareen hotel zallaq","Expedition","Falah","ali","Wanaan","                                                                                                                                              "
"127","14188","01-Feb-26 08:00","Pickup / Drop","Al Anood","","","14.000","0.000","14.000","0.000","Bahrain Airport","alareen hotel zallaq","Expedition","sohail","ali","Wanaan","                                                                                                                                              "
"128","14189","01-Feb-26 08:00","Pickup / Drop","Al Anood","","","14.000","0.000","14.000","0.000","Bahrain Airport","alareen hotel zallaq","Expedition","","ali","Wanaan","                                                                                                                                              "
"129","14190","01-Feb-26 08:00","Pickup / Drop","Al Anood","","","14.000","0.000","14.000","0.000","Bahrain Airport","alareen hotel zallaq","Expedition","","ali","Wanaan","                                                                                                                                              "
"130","14191","01-Feb-26 08:00","Pickup / Drop","Al Anood","","","14.000","0.000","14.000","0.000","Bahrain Airport","alareen hotel zallaq","Expedition","","ali","Wanaan","                                                                                                                                              "
"131","14192","01-Feb-26 08:00","Pickup / Drop","Al Anood","","","14.000","0.000","14.000","0.000","Bahrain Airport","alareen hotel zallaq","Expedition","Falah","ali","Wanaan","                                                                                                                                              "
"132","14193","01-Feb-26 08:00","Pickup / Drop","Al Anood","","","14.000","0.000","14.000","0.000","Bahrain Airport","alareen hotel zallaq","Expedition","Falah","ali","Wanaan","                                                                                                                                              "
"133","14194","01-Feb-26 08:00","Pickup / Drop","Al Anood","","","14.000","0.000","14.000","0.000","Bahrain Airport","alareen hotel zallaq","Expedition","Falah","ali","Wanaan","                                                                                                                                              "
"134","14195","01-Feb-26 16:20","Pickup / Drop","Al Anood","","","14.000","0.000","14.000","0.000","Bahrain Airport","alareen hotel zallaq","Expedition","","ali","Wanaan","                                                                                                                                              "
"135","14196","01-Feb-26 22:40","Pickup / Drop","Al Anood","","","14.000","0.000","14.000","0.000","Bahrain Airport","alareen hotel zallaq","Expedition","","ali","Wanaan","                                                                                                                                              "
"136","14197","01-Feb-26 23:10","Pickup / Drop","Al Anood","","","14.000","0.000","14.000","0.000","Bahrain Airport","alareen hotel zallaq","Expedition","","ali","Wanaan","                                                                                                                                              "
"137","14214","02-Feb-26 05:45","Pickup / Drop","Al Anood","N/A","","43.000","0.000","43.000","0.000","Sofitel Hotel Zallaq EXTRA 1HOUR","Bahrain Airport(extra drop)","SUV","kown","via","Wanaan","                                                                                                                                              "
"138","14215","02-Feb-26 06:30","Pickup / Drop","Al Anood","N/A","","14.000","0.000","14.000","0.000","Sofitel Hotel Zallaq","Bahrain Airport","SUV","","via","Wanaan","                                                                                                                                              "
"139","14216","02-Feb-26 06:30","Pickup / Drop","Al Anood","N/A","","29.000","0.000","29.000","0.000","Sofitel Hotel Zallaq EXTRA 1HOUR","Bahrain Airport","SUV","","via","Wanaan","                                                                                                                                              "
"140","14217","02-Feb-26 06:45","Pickup / Drop","Al Anood","N/A","","14.000","0.000","14.000","0.000","Sofitel Hotel Zallaq","Bahrain Airport","SUV","sohail","via","Wanaan","                                                                                                                                              "
"141","14218","02-Feb-26 06:45","Pickup / Drop","Al Anood","N/A","","28.000","0.000","28.000","0.000","Sofitel Hotel Zallaq","Bahrain Airport(1 extra drops)","SUV","","via","Wanaan","                                                                                                                                              "
"142","14219","02-Feb-26 06:45","Pickup / Drop","Al Anood","N/A","","14.000","0.000","14.000","0.000","Sofitel Hotel Zallaq","Bahrain Airport","SUV","Falah","via","Wanaan","                                                                                                                                              "
"143","14220","02-Feb-26 06:45","Pickup / Drop","Al Anood","N/A","","29.000","0.000","29.000","0.000","Sofitel Hotel Zallaq EXTRA 1HOUR","Bahrain Airport","SUV","Falah","via","Wanaan","                                                                                                                                              "
"144","14221","02-Feb-26 07:00","Pickup / Drop","Al Anood","N/A","","14.000","0.000","14.000","0.000","Sofitel Hotel Zallaq","Bahrain Airport","SUV","Falah","via","Wanaan","                                                                                                                                              "
"145","14222","02-Feb-26 07:30","Pickup / Drop","Al Anood","N/A","","14.000","0.000","14.000","0.000","Sofitel Hotel Zallaq","Bahrain Airport","SUV","Falah","via","Wanaan","                                                                                                                                              "
"146","14223","02-Feb-26 07:45","Pickup / Drop","Al Anood","N/A","","59.000","0.000","59.000","0.000","Sofitel Hotel Zallaq EXTRA 3HOUR","Bahrain Airport","SUV","","via","Wanaan","                                                                                                                                              "
"147","14224","02-Feb-26 11:15","Pickup / Drop","Al Anood","N/A","","28.000","0.000","28.000","0.000","Sofitel Hotel Zallaq","Bahrain Airport + EXRTA DROP","SUV","","via","Wanaan","                                                                                                                                              "
"148","14225","02-Feb-26 11:15","Pickup / Drop","Al Anood","N/A","","14.000","0.000","14.000","0.000","Sofitel Hotel Zallaq","Bahrain Airport","SUV","kown","via","Wanaan","                                                                                                                                              "
"149","14226","02-Feb-26 12:30","Pickup / Drop","Al Anood","N/A","","14.000","0.000","14.000","0.000","Sofitel Hotel Zallaq","Bahrain Airport","SUV","sohail","via","Wanaan","                                                                                                                                              "
"150","14227","02-Feb-26 12:30","Pickup / Drop","Al Anood","N/A","","14.000","0.000","14.000","0.000","Sofitel Hotel Zallaq","Bahrain Airport","SUV","","via","Wanaan","                                                                                                                                              "
"151","14228","02-Feb-26 12:30","Pickup / Drop","Al Anood","N/A","","14.000","0.000","14.000","0.000","Sofitel Hotel Zallaq","Bahrain Airport","SUV","Falah","via","Wanaan","                                                                                                                                              "
"152","14229","02-Feb-26 12:30","Pickup / Drop","Al Anood","N/A","","14.000","0.000","14.000","0.000","Sofitel Hotel Zallaq","Bahrain Airport","SUV","Falah","via","Wanaan","                                                                                                                                              "
"153","14230","02-Feb-26 12:30","Pickup / Drop","Al Anood","N/A","","14.000","0.000","14.000","0.000","Sofitel Hotel Zallaq","Bahrain Airport","SUV","Falah","via","Wanaan","                                                                                                                                              "
"154","14231","02-Feb-26 12:30","Pickup / Drop","Al Anood","N/A","","14.000","0.000","14.000","0.000","Sofitel Hotel Zallaq","Bahrain Airport","SUV","Falah","via","Wanaan","                                                                                                                                              "
"155","14232","02-Feb-26 12:30","Pickup / Drop","Al Anood","N/A","","29.000","0.000","29.000","0.000","Sofitel Hotel Zallaq EXTRA 1HOUR","Bahrain Airport","SUV","Falah","via","Wanaan","                                                                                                                                              "
"156","14268","02-Feb-26 12:30","Pickup / Drop","Al Anood","","","14.000","0.000","14.000","0.000","Al Areen","Bahrain Airport","SUV","habib","via","Wanaan","                                                                                                                                              "
"157","14218","02-Feb-26 13:30","Pickup / Drop","Go Easy Rent Car",".","","15.000","0.000","15.000","0.000","Bahrain airport","Four seasons hotel","Vito","sohail","hassan","Go Easy","                                                                                                                                              "
"158","14233","02-Feb-26 13:30","Pickup / Drop","Al Anood","N/A","","29.000","0.000","29.000","0.000","Sofitel Hotel Zallaq EXTRA 1HOUR","Bahrain Airport","SUV","","via","Wanaan","                                                                                                                                              "
"159","14234","02-Feb-26 13:30","Pickup / Drop","Al Anood","N/A","","29.000","0.000","29.000","0.000","Sofitel Hotel Zallaq EXTRA 1HOUR","Bahrain Airport","SUV","","via","Wanaan","                                                                                                                                              "
"160","14240","02-Feb-26 14:00","Pickup / Drop","Al Anood","N/A","","14.000","0.000","14.000","0.000","Al Fateh","Khalifa Port","SUV","Falah","via","Wanaan","                                                                                                                                              "
"161","14241","02-Feb-26 14:00","Pickup / Drop","Al Anood","N/A","","14.000","0.000","14.000","0.000","Al fate","Formula 1","SUV","Falah","via","Wanaan","                                                                                                                                              "
"162","14235","02-Feb-26 14:30","Pickup / Drop","Al Anood","N/A","","14.000","0.000","14.000","0.000","Sofitel Hotel Zallaq","Bahrain Airport","SUV","habib","via","Wanaan","                                                                                                                                              "
"163","14236","02-Feb-26 14:30","Pickup / Drop","Al Anood","N/A","","14.000","0.000","14.000","0.000","Sofitel Hotel Zallaq","Bahrain Airport","SUV","Falah","via","Wanaan","                                                                                                                                              "
"164","14237","02-Feb-26 14:30","Pickup / Drop","Al Anood","N/A","","14.000","0.000","14.000","0.000","Sofitel Hotel Zallaq","Bahrain Airport","SUV","Falah","via","Wanaan","                                                                                                                                              "
"165","14238","02-Feb-26 18:00","Pickup / Drop","Al Anood","N/A","","14.000","0.000","14.000","0.000","Sofitel Hotel Zallaq","Bahrain Airport","SUV","sohail","via","Wanaan","                                                                                                                                              "
"166","14239","02-Feb-26 19:30","Pickup / Drop","Al Anood","N/A","","44.000","0.000","44.000","0.000","Al Areen 2 EXTRA HOURS","Bahrain Airport","SUV","sohail","via","Wanaan","                                                                                                                                              "
"167","14243","03-Feb-26 06:00","Pickup / Drop","Al Anood","","","14.000","0.000","14.000","0.000","Alareen hotel","Airport bh","Suv","","ali","Wanaan","                                                                                                                                              "
"168","14248","03-Feb-26 08:00","Pickup / Drop","Al Anood","","","14.000","0.000","14.000","0.000","Salmabad","Gulf Hotel","Expedition","","via","Wanaan","                                                                                                                                              "
"169","14249","03-Feb-26 09:00","Pickup / Drop","Al Anood","","","14.000","0.000","14.000","0.000","Gulf Hotel Bahrain","Salmabad","SUV","","via","Wanaan","                                                                                                                                              "
"170","14250","03-Feb-26 09:45","Pickup / Drop","Al Anood","","","14.000","0.000","14.000","0.000","Salmabad","Gulf Hotel","Expedition","","via","Wanaan","                                                                                                                                              "
"171","14251","03-Feb-26 10:20","Pickup / Drop","Al Anood","","","14.000","0.000","14.000","0.000","Gulf Hotel Bahrain","Salmabad","SUV","","via","Wanaan","                                                                                                                                              "
"172","14261","03-Feb-26 17:00","Chauffeur","Al Anood","N/A","","95.000","0.000","95.000","0.000","Raffles Hotels & Resorts","8 hours","Expedition","hassand","via","Wanaan","                                                                                                                                              "
"173","14264","03-Feb-26 19:00","Pickup / Drop","World Seas Shipping Services W.L.L","","","60.000","0.000","60.000","0.000","Grand safir","Jubail","Suv","kown","ali","Wanaan","                                                                                                                                              "
"174","14265","03-Feb-26 19:00","Pickup / Drop","World Seas Shipping Services W.L.L","","","60.000","0.000","60.000","0.000","Grand safir","Jubail","Suv","mkarranh","ali","Wanaan","                                                                                                                                              "
"175","14266","04-Feb-26 06:15","Pickup / Drop","Al Anood","","","14.000","0.000","14.000","0.000","Al Areen","Bahrain Airport","SUV","","via","Wanaan","                                                                                                                                              "
"176","14267","04-Feb-26 10:20","Pickup / Drop","Al Anood","","","29.000","0.000","29.000","0.000","Al Areen 1 EXTRA HOURS","Bahrain Airport","SUV","","via","Wanaan","                                                                                                                                              "
"177","14281","04-Feb-26 10:20","Pickup / Drop","Al Anood","","","29.000","0.000","29.000","0.000","Al Areen 1 EXTRA HOURS","Bahrain Airport","Expedition","Falah","via","Wanaan","                                                                                                                                              "
"178","14269","04-Feb-26 18:00","Chauffeur","Al Anood","","","50.000","0.000","50.000","0.000","Al Areen","4 hous","Expedition","","via","Wanaan","                                                                                                                                              "
"179","14298","08-Feb-26 10:30","Chauffeur","Wedding Event(Praveen)","","","16.000","0.000","16.000","0.000","Royal Saray","2 hours","Sedan","habib","ali","Wanaan","                                                                                                                                              "
"180","14318","10-Feb-26 23:35","Pickup / Drop","Al Anood","","","10.000","0.000","10.000","0.000","Onyx rotana","Airport bh","Sedan","hassand","ali","Wanaan","                                                                                                                                              "
"181","14319","11-Feb-26 10:00","Pickup / Drop","Al Anood","","","10.000","0.000","10.000","0.000","Onyx rotana","Airport bh","Sedan","sohail","ali","Wanaan","                                                                                                                                              "
"182","14304","11-Feb-26 13:00","Pickup / Drop","World Seas Shipping Services W.L.L","Mr Lou jinming","","104.000","0.000","104.000","0.000","Jubail, wareef Compound","King Fahad Causeway then Wareef Compound","Sedan","kown","hassan","WSSS","                                                                                                                                              "
"183","14354","15-Feb-26 18:30","Pickup / Drop","World Seas Shipping Services W.L.L","Yan","","52.000","0.000","52.000","0.000","Juffair, Wyndham Garden","Jubail, park inn by Ridisson Hotel","Sedan","","hassan","WSSS","                                                                                                                                              "
"184","14353","16-Feb-26 12:00","Pickup / Drop","World Seas Shipping Services W.L.L","Cui Wang","","35.000","0.000","35.000","0.000","Wsss office","Euro Village","Sedan","kown","via","Wsss","                                                                                                                                              "
"185","14360","16-Feb-26 18:30","Pickup / Drop","World Seas Shipping Services W.L.L","LIU TAO","","52.000","0.000","52.000","0.000","Wyndham Grand Manama","Park Inn Al Jubail Hotel","Sedan","kown","ali","Wanaan","                                                                                                                                              "
"186","14368","18-Feb-26 13:30","Pickup / Drop","World Seas Shipping Services W.L.L","Fernando","","35.000","0.000","35.000","0.000","Barcelo hotel","Massara hotel Khobar","Sedan","kown","ali","Wanaan","                                                                                                                                              "
"187","14394","26-Feb-26 20:00","Pickup / Drop","World Seas Shipping Services W.L.L","Maged Gomaa","","17.000","0.000","17.000","0.000","Barcelo Hotel & Residences Bahrain","Bahrain Airport","Sedan","sohail","via","WSSS","                                                                                                                                              "
"188","14436","03-Mar-26 17:00","Pickup / Drop","Hashtag Limo Company","Daniel Dominic Patterson","+97455070933","350.000","247.400","102.600","0.000","Dubai, Water edge building 10 yas island","Doha, Meshrib","Suv","kown","hassan","Hashtag","                                                                                                                                              "
"189","14451","04-Mar-26 10:00","Pickup / Drop","Hashtag Limo Company","Muneer N","+97450992812","400.000","0.000","400.000","0.000","Abu Dhabi","Doha","Suv","abbas1","hassan","Hashtag","                                                                                                                                              "
"190","14460","04-Mar-26 15:00","Pickup / Drop","Muneera",".","","90.000","45.000","45.000","0.000","Khobar","Riffa views","Sedan","habib","hassan","Wanaan","                                                                                                                                              "
"191","14456","05-Mar-26 10:00","Pickup / Drop","Hashtag Limo Company","Anthony Conx","+974 55991741","350.000","0.000","350.000","0.000","DXB airport Terminal 1","Doha","Suv","habib","hassan","Hashtag","                                                                                                                                              "
"192","14461","05-Mar-26 10:00","Pickup / Drop","World Seas Shipping Services W.L.L","Seaman's book","","35.000","0.000","35.000","0.000","Manama","Khobar","Sedan","","hassan","Wsss","                                                                                                                                              "
"193","14469","05-Mar-26 10:00","Pickup / Drop","World Seas Shipping Services W.L.L","Wang Bao","","52.000","0.000","52.000","0.000","Barcelo Hotel","Wareef Compound","Sedan","kown","hassan","WSSS","                                                                                                                                              "
"194","14467","05-Mar-26 20:00","Pickup / Drop","Hashtag Limo Company","Driver Abbas&Ali Yusuf","","400.000","0.000","400.000","0.000","Dubai","Doha","Suv","","hassan","Hashtag","                                                                                                                                              "
"195","14468","05-Mar-26 21:00","Pickup / Drop","Hashtag Limo Company","Driver Sayed Ali","","400.000","0.000","400.000","0.000","Riyadh","Dubai","Suv","sali","hassan","Hashtag","                                                                                                                                              "
"196","14521","17-Mar-26 15:00","Pickup / Drop","Jens serup",".","","350.000","160.000","190.000","0.000","Marriot Executive Apartment Manama","Dubai","Sedan","habib","hassan","Wanaan","                                                                                                                                              "
"197","14535","19-Mar-26 22:00","Pickup / Drop","Mohamed Alparky",".","","45.000","0.000","45.000","0.000","Busaiteen","Damam","Suv XL","habib","hassan","Wanaan","                                                                                                                                              "
"198","14557","23-Mar-26 11:00","Pickup / Drop","Hashtag Limo Company","Sameera Mohamed Moosa Al Ansari","+97470185185 / +97430377999","250.000","0.000","250.000","0.000","Intercontinental Al Hofoof","Qatar, Al Khoor","Suv","habib","hassan","Hashtag","                                                                                                                                              "
"199","14559","24-Mar-26 08:30","Pickup / Drop","Hashtag Limo Company","Stephane Guillaume-Barry","+971 52 582 4583  -  +966544470176","350.000","0.000","350.000","0.000","Riddison blu Qurtaba","Abu Dhabi","Suv","habib","hassan","Hashtag","                                                                                                                                              "
"200","14565","26-Mar-26 08:45","Pickup / Drop","World Seas Shipping Services W.L.L","Hammad Ahmad","+966 58 006 5487","35.000","0.000","35.000","0.000","Hidd, WSSS head office","Khobar, Office #405, 4th Floor, Old NCB Bank Building, Cross 18, Prince Thamar Street, https://maps.app.goo.gl/9Z9uNdnJmS91Uqg57","Sedan","kown","hassan","WSSS","                                                                                                                                              "
"201","14576","29-Mar-26 23:55","Pickup / Drop","Hashtag Limo Company","Faisal Al Enazi / SAYED ALI 278003","","250.000","0.000","250.000","0.000","Damam airport ku5102","Kuwait","Suv","sali","hassan","Hashtag","                                                                                                                                              "
"202","14611","11-Apr-26 10:00","Pickup / Drop","World Seas Shipping Services W.L.L","Seaman's book-Hammad Ahmad","+966 58 006 5487","35.000","0.000","35.000","0.000","Hidd","Khobar, https://maps.app.goo.gl/kUmBNbynJuG37M656","Sedan","kown","hassan","WSSS","                                                                                                                                              "
"203","14620","13-Apr-26 07:30","Pickup / Drop","World Seas Shipping Services W.L.L","Radoslaw,Steven ,Allwyn","","59.000","0.000","59.000","0.000","Wyndham Grand Hotel","Asry extra one hour and extra drop","SUV","sohail","via","WSSS","                                                                                                                                              "
"204","14621","13-Apr-26 07:30","Pickup / Drop","World Seas Shipping Services W.L.L","Sumeet ,Sankar","","59.000","0.000","59.000","0.000","Wyndham Grand Hotel","Asry extra one hour and extra drop","SUV","sohail","via","WSSS","                                                                                                                                              "
"205","14622","13-Apr-26 15:00","Pickup / Drop","World Seas Shipping Services W.L.L","Rana,Vukoja,Tykul","","52.000","0.000","52.000","0.000","Ports and Offshore Jetty Hidd to Asry","Wyndham Grand Hotel extra 2 hours","SUV","hassand","via","WSSS","                                                                                                                                              "
"206","14623","13-Apr-26 15:00","Pickup / Drop","World Seas Shipping Services W.L.L","Mustafa,Abidi,Makarov","","74.000","0.000","74.000","0.000","Ports and Offshore Jetty Hidd to Asry","Wyndham Grand Hotel extra 2 hours & extra drop","SUV","sohail","via","WSSS","                                                                                                                                              "
"207","14624","13-Apr-26 15:00","Pickup / Drop","World Seas Shipping Services W.L.L","Kapoor,Songano,Olano","","74.000","0.000","74.000","0.000","Ports and Offshore Jetty Hidd to Asry","Wyndham Grand Hotel extra 2 hours & extra drop","SUV","sohail","via","WSSS","                                                                                                                                              "
"208","14619","14-Apr-26 04:30","Pickup / Drop","World Seas Shipping Services W.L.L","Rana Anoop,Kapoor, Ritesh","","17.000","0.000","17.000","0.000","Wyndham Grand Hotel","Bahrain International Exhibition and Convention Centre, Sanabis.","Sedan","sohail","via","WSSS","                                                                                                                                              "
"209","14631","16-Apr-26 13:00","Pickup / Drop","World Seas Shipping Services W.L.L","Seaman's book","","35.000","0.000","35.000","0.000","Bahrain","Khobar","Sedan","","via","WSSS","                                                                                                                                              "
"210","14643","23-Apr-26 18:00","Pickup / Drop","World Seas Shipping Services W.L.L","Oliver, Ronald & Mardie","","102.000","0.000","102.000","0.000","Wyndham Garden Hotel","Safanyia","Suv","kown","hassan","Wsss","                                                                                                                                              "
"211","14662","28-Apr-26 18:00","Pickup / Drop","World Seas Shipping Services W.L.L","Mark & Ernie","","102.000","0.000","102.000","0.000","Juffair, Wyndham Garden Hotel","Safanyia","Suv","kown","hassan","WSSS","                                                                                                                                              "
"212","14678","05-May-26 18:00","Pickup / Drop","World Seas Shipping Services W.L.L","Andriy","","35.000","0.000","35.000","0.000","Manama, BARCELO HOTEL","Massara hotel Al Khobar.","Sedan","kown","hassan","WSSS","                                                                                                                                              "
"213","14686","07-May-26 17:30","Pickup / Drop","World Seas Shipping Services W.L.L","ALVIN CARINAN","","102.000","0.000","102.000","0.000","Wyndham Garden","Safaniya hotel","Suv","kown","Hashim","WSSS","                                                                                                                                              "
"214","14706","14-May-26 17:30","Pickup / Drop","World Seas Shipping Services W.L.L","Yanis","","35.000","0.000","35.000","0.000","Seef, BARCELO HOTEL","Massara hotel Al Khobar.","Sedan","kown","hassan","Wanaan","                                                                                                                                              "
"215","14712","17-May-26 18:40","Pickup / Drop","Hashtag Limo Company","Mehrdad Silatani","+44 751 093 0722","40.000","0.000","40.000","0.000","Bahrain airport GF","Khobar","Sedan","kown","hassan","Hashtag","                                                                                                                                              "
"216","14762","02-Jun-26 08:00","Pickup / Drop","World Seas Shipping Services W.L.L","ZHANG ZHAO-BGP","","39.000","0.000","39.000","0.000","Park Inn Hotel Dammam","Barcelo Hotel","Sedan","habib","via","WSSS","                                                                                                                                              "
"217","14787","08-Jun-26 12:30","Pickup / Drop","World Seas Shipping Services W.L.L","Zhang zhao","","52.000","0.000","52.000","0.000","Barcelo hotel","Jubail","Sedan","kown","ali","Wanaan","                                                                                                                                              "
"218","14790","09-Jun-26 14:00","Pickup / Drop","World Seas Shipping Services W.L.L","Mihai Andrei Bucur","","32.000","0.000","32.000","0.000","Barcelo Hotel","Massara Hotel Khobar","Sedan","","via","Wsss","                                                                                                                                              "
"219","14802","12-Jun-26 07:20","Pickup / Drop","Braxtone Plus W.L.L","Ahmed Al Bastaki","38008007","8.000","0.000","8.000","0.000","Tubli-H 17-https://goo.gl/maps/gJjuVSaUVWgFVwut6","Bahrain airport","Sedan","sohail","hassan","Braxtone","                                                                                                                                              "
"220","14827","15-Jun-26 12:00","Pickup / Drop","World Seas Shipping Services W.L.L","Eddie Edgard","","35.000","0.000","35.000","0.000","Massara Hotel KSA","BARCELO HOTEL, BAHRAIN.","Sedan","kown","hassan","WSSS","                                                                                                                                              "
"221","14895","24-Jun-26 07:00","Pickup / Drop","Braxtone Plus W.L.L","Aisha bukamal","66601992","12.000","0.000","12.000","0.000","Isa Town","Bahrain Airport","SUV","sohail","via","Braxton","                                                                                                                                              "
"222","14886","24-Jun-26 18:00","Pickup / Drop","Braxtone Plus W.L.L","BTRSA/0626/2908","+97339099975","8.000","0.000","8.000","0.000","Sadad","Bahrain Airport","Sedan","sohail","via","Braxtone","                                                                                                                                              "
"223","14903","24-Jun-26 23:00","Pickup / Drop","Welcome pickups","Igor Petlyakov","+17866507755","15.360","0.000","15.360","0.000","Hilton Bahrain City Centre Hotel & Residences Building 3222, Road 4654? Manama 346, Bahrain","Bahrain airport","Vito","sohail","hassan","Welcome pickups","                                                                                                                                              "
"224","14904","25-Jun-26 06:50","Pickup / Drop","Braxtone Plus W.L.L","May  36777122","","8.000","0.000","8.000","0.000","Awali","Bahrain airport","Sedan","sohail","ali","Wanaan","                                                                                                                                              "
"225","14896","25-Jun-26 19:30","Pickup / Drop","Braxtone Plus W.L.L","Daniel Barrie","39234764","12.000","0.000","12.000","0.000","Villa 33 Lari park 2, gate 131, road 20, Barbar, block 522","Bahrain Airport","SUV","sohail","via","Braxtone","                                                                                                                                              "
"226","14902","28-Jun-26 10:00","Pickup / Drop","Braxtone Plus W.L.L","N/A","+97333232025","8.000","0.000","8.000","0.000","Movinpick Hotel","Aali","Sedan","sohail","ali","Braxton","                                                                                                                                              "
"227","14951","02-Jul-26 15:30","Pickup / Drop","World Seas Shipping Services W.L.L","Yevheni Zhurylo","","102.000","0.000","102.000","0.000","Wyndham Garden Hotel","Safaniya villa","Suv","","hassan","WSSS","                                                                                                                                              "
"228","14938","02-Jul-26 17:00","Pickup / Drop","Braxtone Plus W.L.L","Hisham Sharaf","39939356","8.000","0.000","8.000","0.000","Aali https://maps.app.goo.gl/8aeikV7DCWDQsBeeA","Bahrain Airport","Sedan","sohail","via","Braxton","                                                                                                                                              "
"229","14926","02-Jul-26 20:50","Pickup / Drop","DayTrip","Saad Alrabah","","7.300","0.000","7.300","0.000","Bahrain Airport QR1108","Manama","Expedition","sohail","via","Daytrip","                                                                                                                                              "
"230","14937","03-Jul-26 00:00","Pickup / Drop","Braxtone Plus W.L.L","Husain Salman","36676671","14.000","0.000","14.000","0.000","West Eker","Bahrain Airport","SUV","sohail","via","Braxton","                                                                                                                                              "
"231","14939","03-Jul-26 14:00","Pickup / Drop","Braxtone Plus W.L.L","Khaled","33338993","8.000","0.000","8.000","0.000","Sanad, https://maps.app.goo.gl/FLAXWmnnuQLTakjR7","Bahrain Airport","Sedan","sohail","via","Braxtone","                                                                                                                                              "
"232","14949","04-Jul-26 14:00","Pickup / Drop","Braxtone Plus W.L.L","Fahed","33205666","8.000","0.000","8.000","0.000","Hidd Meme Residence","Bahrain Airport","Sedan","sohail","via","Braxton","                                                                                                                                              "
"233","14955","05-Jul-26 10:00","Pickup / Drop","Welcome pickups","Ian Milne","+6598259121","9.650","0.000","9.650","0.000","Bahrain airport QR1102","Hilton Bahrain Building 4672 Road 2468? Manama, Bahrain","Sedan","sohail","hassan","Welcome pickups","                                                                                                                                              "
"234","14987","07-Jul-26 14:30","Pickup / Drop","World Seas Shipping Services W.L.L","SYAMSURIZAL-P & O","","102.000","0.000","102.000","0.000","Wyndham Garden Hotel","Safaniya villa","SUV","","via","WSSS","                                                                                                                                              "
"235","14988","07-Jul-26 14:30","Pickup / Drop","World Seas Shipping Services W.L.L","CONRADO JR DE LEON DE LEON-SAIPEM","","39.000","0.000","39.000","0.000","BARCELO","WYNDHAM GARDEN DAMMAM","Sedan","","via","WSSS","                                                                                                                                              "
"236","14985","07-Jul-26 17:00","Pickup / Drop","Rony Tabbal",".","","45.000","0.000","45.000","0.000","Onyx Residence by Rotana","Damam airport","Suv","","hassan","Wanaan","                                                                                                                                              "
"237","14996","09-Jul-26 04:50","Pickup / Drop","Braxtone Plus W.L.L","zainab allaith","32211017","14.000","0.000","14.000","0.000","hamad town-H 2000,https://maps.app.goo.gl/CLRoyN5oyMRdSsFp6","Bahrain Airport","SUV","sali","via","braxton","                                                                                                                                              "
"238","15007","09-Jul-26 15:30","Pickup / Drop","World Seas Shipping Services W.L.L","Mr. RANDY","","102.000","0.000","102.000","0.000","Manama, Wyndham Garden Hotel","Safaniya villa","Suv","sali","hassan","WSSS","                                                                                                                                              "
"239","14998","10-Jul-26 06:00","Pickup / Drop","Braxtone Plus W.L.L","Moh’d Qambar","+97336363210","8.000","0.000","8.000","0.000","Galali h3966 R5463 b254-https://maps.app.goo.gl/vK7eiZJKBckG92jE7","Bahrain Airport","Sedan","sohail","via","Braxton","                                                                                                                                              "
"240","14997","10-Jul-26 09:00","Pickup / Drop","Braxtone Plus W.L.L","Khalid Albayyat","39443301","14.000","0.000","14.000","0.000","house 1806 road 5548 block 455 buquah","Bahrain Airport","SUV","admin","via","Braxton","                                                                                                                                              "
"241","14981","10-Jul-26 14:00","Pickup / Drop","Braxtone Plus W.L.L","","39251695","14.000","0.000","14.000","0.000","Riffa, H 399-https://maps.app.goo.gl/qHcXk8291YyrkguW7","Bahrain Airport","Suv","sohail","hassan","Braxtone","                                                                                                                                              "
"242","14982","10-Jul-26 14:00","Pickup / Drop","Braxtone Plus W.L.L",".","37377676","14.000","0.000","14.000","0.000","JURDAB H 2777,https://maps.app.goo.gl/Mi5w9oZ3SZUhSMPg9","Bahrain Airport","Suv","admin","hassan","Braxtone","                                                                                                                                              "
"243","14983","12-Jul-26 17:30","Pickup / Drop","Braxtone Plus W.L.L",".","32182010","14.000","0.000","14.000","0.000","Riffa Building 1391,https://maps.app.goo.gl/auq4y8MsXVu2BLHt8","Bahrain Airport","Suv","admin","hassan","Braxtone","                                                                                                                                              "
"244","15025","12-Jul-26 19:10","Pickup / Drop","Hashtag Limo Company","+447510930722","","40.000","0.000","40.000","0.000","Bahrain airport","Hilton garden inn Khobar","Sedan","kown","ali","Wanaan","                                                                                                                                              "
"245","15026","15-Jul-26 06:30","Pickup / Drop","Braxtone Plus W.L.L","Dr.Khalid","","14.000","0.000","14.000","0.000","Jid Ali","Bahrain airport","Suv","sohail","hassan","Braxtone","                                                                                                                                              "
"246","15039","15-Jul-26 07:00","Pickup / Drop","World Seas Shipping Services W.L.L","7 passengers","","81.000","0.000","81.000","0.000","Hilton Juffair","Asry(roundtrip)","Coaster","aanood","via","WSSS","                                                                                                                                              "
"247","15040","15-Jul-26 13:30","Pickup / Drop","World Seas Shipping Services W.L.L","7 passengers","","54.000","0.000","54.000","0.000","Amwaj Marina","Hilton Juffair","Coaster","aanood","via","WSSS","                                                                                                                                              "
"248","15038","16-Jul-26 14:15","Pickup / Drop","Braxtone Plus W.L.L","Sayed Hashem","39022100","8.000","0.000","8.000","0.000","Buri?https://maps.app.goo.gl/V6WESHNU8jFLVUXaA","Bahrain Airport","Sedan","sohail","hassan","Braxtone","                                                                                                                                              "
"249","15061","17-Jul-26 19:40","Pickup / Drop","Ahmed Al Zaini",".","","130.000","10.000","120.000","0.000","Bahrain airport GF42","4 hours(Bahrain) then Dammam","Ford Expedition","","hassan","Wanaan","                                                                                                                                              "
"250","15058","18-Jul-26 12:00","Pickup / Drop","Braxtone Plus W.L.L","Tariq Abdullah","39466125","14.000","0.000","14.000","0.000","Hamad town-H 2766,https://maps.app.goo.gl/r7L7K7Adctqw2dDX9","Bahrain Airport","SUV","kown","via","Braxton","                                                                                                                                              "
"251","15057","18-Jul-26 19:00","Pickup / Drop","Braxtone Plus W.L.L","No name","+97339008845","14.000","0.000","14.000","0.000","Karana, https://maps.app.goo.gl/Ej7ixy5Qi2KBVd4W9","Bahrain Airport","SUV","sohail","via","Braxton","                                                                                                                                              "
"252","15060","19-Jul-26 04:00","Pickup / Drop","Braxtone Plus W.L.L","Bayan Al Mahhari","+973 66600191","8.000","0.000","8.000","0.000","Hamad town, https://maps.app.goo.gl/kdHQ7uJ1FXFS7avj7","Bahrain airport","Sedan","mariam","hassan","Braxtone","                                                                                                                                              "
"253","15080","21-Jul-26 08:30","Pickup / Drop","Braxtone Plus W.L.L","MAHMOOD Alrafaei","36555527","14.000","0.000","14.000","0.000","Magabah, https://maps.app.goo.gl/jdWg4zRDMzm9JRBf7","Bahrain Airport","Suv","sohail","via","braxton","                                                                                                                                              "
"254","15090","22-Jul-26 17:30","Pickup / Drop","Braxtone Plus W.L.L",".","+97338779577","14.000","0.000","14.000","0.000","Tubli-H 2023-https://maps.app.goo.gl/WyhA6vTJkBs4vjwz8","Bahrain airport","Suv","Hashim","hassan","Braxtone","                                                                                                                                              "
"255","15083","22-Jul-26 18:00","Pickup / Drop","Braxtone Plus W.L.L","Ahmed Omran","39955002","8.000","0.000","8.000","0.000","Isa Town-H 4472,https://maps.app.goo.gl/FbRrjRN3mVdErSiW7","Bahrain Airport","Sedan","sohail","via","braxton","                                                                                                                                              "
"256","15081","23-Jul-26 18:15","Pickup / Drop","Braxtone Plus W.L.L","Madina Albalushi","39099975","8.000","0.000","8.000","0.000","Saddad-Villa 1340-https://maps.google.com/?q=26.081507,50.496262","Bahrain Airport","Sedan","","via","braxton","                                                                                                                                              "
"257","15093","24-Jul-26 09:00","Pickup / Drop","Braxtone Plus W.L.L",".","39339755","14.000","0.000","14.000","0.000","Al Hamala H 402 - https://maps.app.goo.gl/7BJq5nU5rEMNZYJE7","Bahrain airport","Suv","sohail","hassan","Braxtone","                                                                                                                                              "
"258","15088","25-Jul-26 13:00","Pickup / Drop","Braxtone Plus W.L.L","Abdulla Al Rowaimi","+97337777034","14.000","0.000","14.000","0.000","A'Ali, https://maps.app.goo.gl/4wKEZngKdWuSVWDL6","Bahrain airport","Suv","","hassan","Braxtone","                                                                                                                                              "
"259","15108","26-Jul-26 05:45","Pickup / Drop","Braxtone Plus W.L.L","Faisal Alsada","33366557","14.000","0.000","14.000","0.000","Riffa-H 1057-https://maps.app.goo.gl/r6jkdsbPM7V7uahi7","Bahrain airport","Suv","sohail","hassan","Bra","                                                                                                                                              "
"260","15123","29-Jul-26 12:15","Pickup / Drop","Braxtone Plus W.L.L","Abdul Razaq","+97339645346","14.000","0.000","14.000","0.000","A A'Ali 758-https://maps.app.goo.gl/PxmdMarDn9gZFuTh9","Bahrain airport","Suv","","hassan","Braxtone","                                                                                                                                              "
"261","15122","30-Jul-26 11:50","Pickup / Drop","Braxtone Plus W.L.L","Muhammed Nasir Iqbal","34512154","14.000","0.000","14.000","0.000","Jablet Habshi, https://maps.app.goo.gl/qRYZriXqYLT4GRPr9","Bahrain airport","Suv","","hassan","Braxtone","                                                                                                                                              "
"262","15121","31-Jul-26 06:15","Pickup / Drop","Braxtone Plus W.L.L","Hasan Almaskati","33349339","8.000","0.000","8.000","0.000","Jidhafs -H 107, https://maps.google.com/?q=26.219320,50.532608","Bahrain airport","Sedan","mariam","hassan","Braxtone","                                                                                                                                              "
"263","15131","01-Aug-26 14:30","Pickup / Drop","Braxtone Plus W.L.L","Hussain Al Mansoor","+973 3333 8599","8.000","0.000","8.000","0.000","Magabah, https://maps.app.goo.gl/wPJ3sL9VSgGTvutWA","Bahrain airport","Sedan","abbas1","hassan","Braxtone","                                                                                                                                              "
"264","15119","01-Aug-26 22:00","Pickup / Drop","Braxtone Plus W.L.L","badrya","39696925","14.000","0.000","14.000","0.000","riffa, https://maps.app.goo.gl/NfkKPMTLTF5JkBrK6","Bahrain airport","SUV","","via","Braxton","                                                                                                                                              "
"265","15154","02-Aug-26 15:15","Pickup / Drop","Braxtone Plus W.L.L","Shayma","+97334142883","14.000","0.000","14.000","0.000","Zayed Town - H2593-https://maps.google.com/?q=26.168280,50.537849","Bahrain airport","Suv","","hassan","Braxtone","                                                                                                                                              "
"266","15124","02-Aug-26 16:00","Pickup / Drop","Braxtone Plus W.L.L","JP Menon","+97332203600","14.000","0.000","14.000","0.000","Janabiya Villa 620-https://goo.gl/maps/gXo2LAbdrSNbao8D6","Bahrain airport","Suv","sohail","hassan","Braxtone","                                                                                                                                              "
"267","15161","04-Aug-26 16:00","Pickup / Drop","Braxtone Plus W.L.L","Khalid Humood Rayash","3338993","8.000","0.000","8.000","0.000","Sanad H 3067,https://maps.app.goo.gl/y8ZJMe23dwyvw8SW9","Bahrain Airport","Sedan","mariam","hassan","Braxtone","                                                                                                                                              "
"268","15155","05-Aug-26 05:00","Pickup / Drop","Braxtone Plus W.L.L","Gelan Hussain","66901300","8.000","0.000","8.000","0.000","Bani Jamra-H 1062, https://maps.app.goo.gl/BsdNgmv82jaskf9h8","Bahrain airport","Sedan","","hassan","Braxtone","                                                                                                                                              "
"269","15163","05-Aug-26 18:00","Pickup / Drop","Braxtone Plus W.L.L","Dalal Al Thawadi","33595649","15.500","7.500","8.000","0.000","Isa Town, https://maps.app.goo.gl/a2gZ4vSrHwG4PCtX6","Bahrain airport","Suv","","hassan","Braxtone","                                                                                                                                              "
"270","15159","06-Aug-26 22:00","Pickup / Drop","Braxtone Plus W.L.L","Wafa Al Mansoori","39699162","8.000","0.000","8.000","0.000","Hamad Town - H 2352-https://maps.app.goo.gl/8as4riq13UPD5uGG7","Bahrain airport","Sedan","sohail","hassan","Braxtone","                                                                                                                                              "
"271","15171","07-Aug-26 06:45","Pickup / Drop","Braxtone Plus W.L.L","Omar Mustafa","+97333474711","18.000","10.000","8.000","0.000","Riffa views, https://maps.app.goo.gl/Y47qSJCqHR2FEfYT7","Bahrain airport","Suv","","hassan","Braxtone","                                                                                                                                              "
"272","15172","07-Aug-26 21:00","Pickup / Drop","Braxtone Plus W.L.L","Fatima Nasser","37220035","8.000","0.000","8.000","0.000","North Sehla Villa 24,https://maps.google.com/?q=26.201256,50.523708","Bahrain airport","Sedan","","hassan","Braxtone","                                                                                                                                              "
"273","15173","07-Aug-26 21:00","Pickup / Drop","Braxtone Plus W.L.L","Abdulla Janahi","33393995","8.000","0.000","8.000","0.000","North sehal, Villa 24,https://maps.google.com/?q=26.201256,50.523708","Bahrain airport","Sedan","","hassan","Braxtone","                                                                                                                                              "
"274","15160","08-Aug-26 05:00","Pickup / Drop","Braxtone Plus W.L.L","Mohamed Al Qobaiti","39967877","8.000","0.000","8.000","0.000","Salman City, https://maps.app.goo.gl/2sqq7aYVph8KGwK76","Bahrain airport","Sedan","sohail","hassan","Braxtone","                                                                                                                                              "
"275","15175","08-Aug-26 07:00","Pickup / Drop","Braxtone Plus W.L.L","Sayed Aed Ali","33009018","8.000","0.000","8.000","0.000","Hamad town - H2486, https://maps.app.goo.gl/LYUVf8PbxatnTLFf9","Bahrain airport","Sedan","sohail","hassan","Braxtone","                                                                                                                                              "
"276","15128","09-Aug-26 20:15","Pickup / Drop","Travel Gate","Fares","39455661","8.000","0.000","8.000","0.000","Bahrain airport","Salman City","Sedan","sohail","hassan","Travel gate","                                                                                                                                              "
"277","15196","11-Aug-26 11:30","Pickup / Drop","Braxtone Plus W.L.L","Michel","39854464","8.000","0.000","8.000","0.000","Janabiya, Villa 10,","Bahrain airport","Sedan","sohail","hassan","Braxtone","                                                                                                                                              "
"278","15197","11-Aug-26 19:00","Pickup / Drop","Braxtone Plus W.L.L",".","38833332","8.000","0.000","8.000","0.000","Hamad town, H 900, https://maps.app.goo.gl/yE7KCwjpCePJYYbx7","Bahrain airport","Sedan","sohail","hassan","Braxtone","                                                                                                                                              "
"279","15207","11-Aug-26 22:00","Pickup / Drop","Braxtone Plus W.L.L","Huda Alkubaisi","33999104","8.000","0.000","8.000","0.000","Diya Al Muharraq, https://maps.app.goo.gl/8GPZFHUXDBnScDtp9","Bahrain Airport","Sedan","","hassan","Braxtone","                                                                                                                                              "
"280","15201","12-Aug-26 06:40","Pickup / Drop","Braxtone Plus W.L.L","Fatema Altraif","32233010","18.000","10.000","8.000","0.000","Barbar-H2363, https://maps.app.goo.gl/C8exMxp58ghJMfuC6?g_st=in","Bahrain airport","Sedan","sohail","hassan","Braxtone","                                                                                                                                              "
"281","15190","12-Aug-26 14:15","Pickup / Drop","Braxtone Plus W.L.L","Sunil George","39257150","8.000","0.000","8.000","0.000","Salihiya - Villa 41, https://maps.app.goo.gl/qck3mjwZ3M2YJnV59?g_st=iw","Bahrain airport","Sedan","","hassan","Braxtone","                                                                                                                                              "
"282","15203","12-Aug-26 19:00","Pickup / Drop","Braxtone Plus W.L.L",".","39953355","14.000","0.000","14.000","0.000","Saar, https://maps.app.goo.gl/GPV9mcRnRscVtZsq6","Bahrain airport","Suv","","hassan","Braxtone","                                                                                                                                              "
"283","15202","13-Aug-26 06:45","Pickup / Drop","Braxtone Plus W.L.L","Mohsedn","39808529","14.000","0.000","14.000","0.000","Sadad H2357, https://maps.app.goo.gl/ZKt7M5h4fGYqKPq79","Bahrain airport","Suv","sohail","hassan","Braxtone","                                                                                                                                              "
"284","15206","13-Aug-26 14:30","Pickup / Drop","Braxtone Plus W.L.L","Sayed Sameeh Alawi","39636211","8.000","0.000","8.000","0.000","Sanad -H 2355,https://maps.app.goo.gl/KXLZrgJpM2xLeX8V6","Bahrain Airport","Sedan","sohail","hassan","Braxtone","                                                                                                                                              "
"285","15198","13-Aug-26 19:00","Pickup / Drop","Braxtone Plus W.L.L","Abdulla Salem","36636866","8.000","0.000","8.000","0.000","Wadi Al Sail-H 4351, https://maps.app.goo.gl/S9WZ7G4MyvzA2DoQ9","Bahrain airport","Sedan","sohail","hassan","Braxtone","                                                                                                                                              "
"286","15199","13-Aug-26 19:00","Pickup / Drop","Braxtone Plus W.L.L","Ameena","36255755","14.000","0.000","14.000","0.000","Hamad town - H 2898, https://maps.app.goo.gl/gNJHYuWRK5VWUu9e9?g_st=iwb","Bahrain airport","Suv","","hassan","Braxtone","                                                                                                                                              "
"287","15188","13-Aug-26 21:30","Pickup / Drop","Braxtone Plus W.L.L","Maha Altattan","36117700","8.000","0.000","8.000","0.000","Buhair, B 945,https://maps.app.goo.gl/ByJA8YR1xBUU76GJA","Bahrain airport","Sedan","","hassan","Braxtone","                                                                                                                                              "
"288","15208","13-Aug-26 22:30","Pickup / Drop","Braxtone Plus W.L.L","Hasan A.Salman","39922301","8.000","0.000","8.000","0.000","Al Maqsha H 1562, https://maps.app.goo.gl/FCHe5yc9Wum6oYpa6","Bahrain Airport","Sedan","sohail","hassan","Braxtone","                                                                                                                                              "
"289","15195","14-Aug-26 06:00","Pickup / Drop","Braxtone Plus W.L.L","Hussain Majidi Hussain","+97339777406","14.000","0.000","14.000","0.000","Salman city - H 1118,","Bahrain airport","Suv","","hassan","Braxtone","                                                                                                                                              "
"290","15210","14-Aug-26 09:00","Pickup / Drop","Braxtone Plus W.L.L","Mahmood Abbas","39062504","14.000","0.000","14.000","0.000","Jebalt Habshi, https://maps.app.goo.gl/UWGJZP5aJG9MPQaF8","Bahrain airport","Suv","","hassan","Braxtone","                                                                                                                                              "
"291","15209","14-Aug-26 11:30","Pickup / Drop","Braxtone Plus W.L.L","Fatema Rasheedi","33733157","8.000","0.000","8.000","0.000","East Riffa 745,https://maps.google.com/?q=26.132790,50.580135","Bahrain airport","Sedan","","hassan","Braxtone","                                                                                                                                              "
"292","15215","14-Aug-26 13:45","Pickup / Drop","Braxtone Plus W.L.L","Hessa","+97336352521","14.000","0.000","14.000","0.000","Riffa,https://maps.app.goo.gl/P8HZvCDQE5ZugGgt7","Bahrain airport","Suv","","hassan","Braxtone","                                                                                                                                              "
"293","15221","14-Aug-26 14:30","Pickup / Drop","Braxtone Plus W.L.L","Mariam","+97333996808","8.000","0.000","8.000","0.000","Riffa, https://maps.app.goo.gl/Dda24WZ28V3uRn2v8","Bahrain airport","Sedan","habib","hassan","Braxtone","                                                                                                                                              "
"294","15223","15-Aug-26 05:30","Pickup / Drop","Braxtone Plus W.L.L","Somaya AbdulRahman Aljowder","39479709","8.000","0.000","8.000","0.000","Sanad, https://maps.app.goo.gl/uCS9x6WS1Yrdxn6W8","Bahrain airport","sedan","","Hashim","Braxtone","                                                                                                                                              "
"295","15228","15-Aug-26 12:45","Pickup / Drop","Braxtone Plus W.L.L","Safa safar","39987979","8.000","0.000","8.000","0.000","Arad Villa https://maps.app.goo.gl/Uq3uCJaPadYF8ANY7","Bahrain airport","Sedan","abbas1","hassan","Braxtone","                                                                                                                                              "
"296","15244","15-Aug-26 21:00","Pickup / Drop","Braxtone Plus W.L.L","Hussain Ebrahim","+97336991344","14.000","0.000","14.000","0.000","Karzakan?https://maps.app.goo.gl/RjccKvfGKBP9sdad6","Bahrain airport","Suv","mariam","hassan","Braxtone","                                                                                                                                              "
"297","15218","15-Aug-26 22:00","Pickup / Drop","Braxtone Plus W.L.L","Vicky","+97336636963","14.000","0.000","14.000","0.000","Abu Saiba, Villa https://maps.google.com/?q=26.218845,50.502335","Bahrain airport","Suv","sohail","hassan","Braxtone","                                                                                                                                              "
"298","15225","15-Aug-26 22:45","Pickup / Drop","Braxtone Plus W.L.L","Ameera Farazi","39426425","24.000","10.000","14.000","0.000","Ishbiliya village, https://maps.app.goo.gl/Sh2kmi9tQzZYBB8h7","Bahrain Airport","Suv","","Hashim","Braxtone","                                                                                                                                              "
"299","15229","16-Aug-26 07:15","Pickup / Drop","Braxtone Plus W.L.L","Abeer Al Saleem","33211333","14.000","0.000","14.000","0.000","Isa Town?https://maps.app.goo.gl/5EmL7DKb1Jv7zvjT8","Bahrain airport","Suv","","hassan","Braxtone","                                                                                                                                              "
"300","15187","16-Aug-26 19:45","Pickup / Drop","Braxtone Plus W.L.L","Mohamed Al Sharif","36702336","8.000","0.000","8.000","0.000","Maqabah, H2621, https://maps.app.goo.gl/7k6KPMCKnFMynti89","Bahrain airport","Sedan","","hassan","Braxtone","                                                                                                                                              "
"301","15257","17-Aug-26 07:30","Pickup / Drop","Bahrain Cab","","","8.000","0.000","8.000","0.000","Saar","Bahrain airport","Sedan","sohail","ali","Wanaan","                                                                                                                                              "
"302","15243","17-Aug-26 12:30","Pickup / Drop","Braxtone Plus W.L.L","Khadja Alasfoor","36515855","14.000","0.000","14.000","0.000","A'Ali, https://maps.app.goo.gl/kzxa36y7UV17sL1NA","Bahrain airport","Suv","","hassan","Braxtone","                                                                                                                                              "
"303","15217","17-Aug-26 18:45","Pickup / Drop","Braxtone Plus W.L.L","Ali Hasan Al Bastaki","+97339656686","14.000","0.000","14.000","0.000","Al Ramli-H3066, https://maps.app.goo.gl/yTvZt4kJSXcWg9Zr7","Bahrain airport","Ford Expedition","","hassan","Braxtone","                                                                                                                                              "
"304","15245","17-Aug-26 19:30","Pickup / Drop","Braxtone Plus W.L.L","","BTRSA /0826/1966","8.000","0.000","8.000","0.000","Sadad H1819, https://maps.app.goo.gl/rhGjexV9PPAaZEEd8","Bahrain airport","Sedan","","hassan","Braxtone","                                                                                                                                              "
"305","15250","18-Aug-26 10:45","Pickup / Drop","Braxtone Plus W.L.L","Khalid Abdulrahman","66669906","8.000","0.000","8.000","0.000","Jid Ali-H 2402,  https://maps.google.com/?q=26.175591,50.559135","Bahrain Airport","Sedan","","Hashim","Braxtone","                                                                                                                                              "
"306","15256","18-Aug-26 13:45","Pickup / Drop","Braxtone Plus W.L.L","Aayat Salman","38484843","14.000","0.000","14.000","0.000","Isa Town","Bahrain airport","Suv","","hassan","Braxtone","                                                                                                                                              "
"307","15226","18-Aug-26 22:30","Pickup / Drop","Braxtone Plus W.L.L","Seham Ali","39686797","8.000","0.000","8.000","0.000","Buquwa Saraya 2, https://maps.app.goo.gl/ot5wwmpBEiCG5kST9","Bahrain Airport","Sedan","mariam","via","Braxton","                                                                                                                                              "
"308","15287","19-Aug-26 22:00","Pickup / Drop","Braxtone Plus W.L.L",".","38163816","30.000","0.000","30.000","0.000",".",".","Mercedes GT43","","hassan","Braxtone","                                                                                                                                              "
"309","15265","20-Aug-26 09:45","Pickup / Drop","Braxtone Plus W.L.L","Layla Al Shamlan","33321081","8.000","0.000","8.000","0.000","Delmonia B 177, https://maps.app.goo.gl/zRS73xV7HkGNt1fh6","Bahrain airport","Sedan","","hassan","Braxtone","                                                                                                                                              "
"310","15277","20-Aug-26 10:45","Pickup / Drop","Travel Gate","Feras Al Halwaji","+973 3945 5661","12.000","0.000","12.000","0.000","Salman City","Bahrain airport","Sedan","abbas1","hassan","Travel Gate","                                                                                                                                              "
"311","15254","20-Aug-26 12:00","Pickup / Drop","Braxtone Plus W.L.L","Mansoor Akwaid","35007041","8.000","0.000","8.000","0.000","A'Ali-H 1496,https://goo.gl/maps/4bujiU8bPMqke5yW6","Bahrain airport","Sedan","","hassan","Braxtone","                                                                                                                                              "
"312","15253","20-Aug-26 13:15","Pickup / Drop","Braxtone Plus W.L.L","Mohamed Ebrahim","66662266","14.000","0.000","14.000","0.000","Isa Town H1782, https://maps.app.goo.gl/fKA78BtsY4R7Z988A","Bahrain airport","Ford Expedition","sohail","hassan","Braxtone","                                                                                                                                              "
"313","15286","20-Aug-26 14:30","Pickup / Drop","Braxtone Plus W.L.L","Hasan","+97337099777","14.000","0.000","14.000","0.000","Sadad H241, https://maps.app.goo.gl/B1v6GGkAzmpz3y1fA","Bahrain airport","Suv XL","habib","hassan","Braxtone","                                                                                                                                              "
"314","15273","20-Aug-26 15:00","Pickup / Drop","Braxtone Plus W.L.L","Nejma Ali","39476663","8.000","0.000","8.000","0.000","Tubli H 4295, https://maps.app.goo.gl/V4N3Thfq4xYyFKEU7","Bahrain airport","Sedan","","hassan","Braxtone","                                                                                                                                              "
"315","15255","20-Aug-26 15:15","Pickup / Drop","Braxtone Plus W.L.L","Abdul Hadi Al asfoor","39990998","14.000","0.000","14.000","0.000","Duraz,https://maps.app.goo.gl/fxhGMZYcKFcS7XTt8","Bahrain airport","Suv","sohail","hassan","Braxtone","                                                                                                                                              "
"316","15289","20-Aug-26 18:00","Pickup / Drop","Bahrain Cab",".","","35.000","0.000","35.000","0.000","Bahrain airport GF142","Khobar, https://maps.app.goo.gl/zKkdq4RtRnuLiz7G9?g_st=ac","Suv","","hassan","Bahrain cab","                                                                                                                                              "
"317","15272","20-Aug-26 21:00","Pickup / Drop","Braxtone Plus W.L.L","Ebrahim Rashed","39677485","14.000","0.000","14.000","0.000","East riffa H 2519,https://maps.app.goo.gl/9Bdh4YLawTTgzDCg8","Bahrain airport","Suv","kown","hassan","Braxtone","                                                                                                                                              "
"318","15264","20-Aug-26 22:00","Pickup / Drop","Braxtone Plus W.L.L","Eman","66765962","14.000","0.000","14.000","0.000","Sitra H 1166, https://maps.app.goo.gl/yuX2zBrCsYmaV7wn7","Bahrain airport","Suv","habib","hassan","Braxtone","                                                                                                                                              "
"319","15267","20-Aug-26 23:30","Pickup / Drop","Braxtone Plus W.L.L","Abdulla","66333930","8.000","0.000","8.000","0.000","Isa Town 3128,https://maps.app.goo.gl/V6LEpCupezMFjE3T7?g_st=iw","Bahrain airport","Sedan","kown","hassan","Braxtone","                                                                                                                                              "
"320","15297","21-Aug-26 06:40","Pickup / Drop","Mohamed Khalid",".","","50.000","10.000","40.000","0.000","Damam, https://maps.app.goo.gl/BPBCUQQ2BfGDg8DB9?g_st=iw","Bahrain airport","Ford Expedition","","hassan","Wanaan","                                                                                                                                              "
"321","15279","21-Aug-26 08:45","Pickup / Drop","Braxtone Plus W.L.L","Fawzeya","+97333882788","14.000","0.000","14.000","0.000","Isa Town H 125,https://maps.app.goo.gl/nrsxP2y2ioYKsSBe8","Bahrain airport","Suv","","hassan","Braxtone","                                                                                                                                              "
"322","15269","21-Aug-26 12:30","Pickup / Drop","Braxtone Plus W.L.L","Zainab","36061770","8.000","0.000","8.000","0.000","Lawzi H4635, https://maps.app.goo.gl/hcJfuRxvTMLeiUB89","Bahrain airport","Sedan","abbas1","hassan","Braxtone","                                                                                                                                              "
"323","15252","21-Aug-26 14:20","Pickup / Drop","Braxtone Plus W.L.L","Mahmood Mahdi","39795544","14.000","0.000","14.000","0.000","A'Ali H174, https://maps.app.goo.gl/47LMavbniRwGGThe8","Bahrain airport","Suv","abbas1","hassan","Braxtone","                                                                                                                                              "
"324","15276","21-Aug-26 15:30","Pickup / Drop","Braxtone Plus W.L.L","Sayed Jameel","39442998","8.000","0.000","8.000","0.000","A'Ali,H 419, https://maps.app.goo.gl/U2vgFN2ZCs9Z5Nh87?g_st=iw","Bahrain airport","Sedan","abbas1","hassan","Braxtone","                                                                                                                                              "
"325","15270","21-Aug-26 18:20","Pickup / Drop","Braxtone Plus W.L.L","Sara","36255565","20.000","0.000","20.000","0.000","Bahrain airport","Khalifa Town","Suv","","hassan","Braxtone","                                                                                                                                              "
"326","15285","21-Aug-26 18:45","Pickup / Drop","Braxtone Plus W.L.L","Sadeq","32367574","8.000","0.000","8.000","0.000","Sanad H 1020,https://maps.app.goo.gl/MFboNFLx3Hkm5u9Z6","Bahrain airport","Sedan","","hassan","Braxtone","                                                                                                                                              "
"327","15296","21-Aug-26 23:55","Pickup / Drop","Mathail Alsaleh","","","60.000","0.000","60.000","0.000","Jubail","Khobar","Ford Expedition","sohail","ali","Wanaan","                                                                                                                                              "
"328","15266","22-Aug-26 06:15","Pickup / Drop","Braxtone Plus W.L.L","Hussain Khamis","33551773","14.000","0.000","14.000","0.000","Nabiah Saleh H 297,https://maps.app.goo.gl/d57ta5osc2RmPf1q7","Bahrain airport","Suv","","hassan","Braxtone","                                                                                                                                              "
"329","15301","22-Aug-26 06:50","Pickup / Drop","Welcome pickups","Noor Al Sairafi","+97338883553","19.780","0.000","19.780","0.000","A'Ali - H 1267,https://maps.app.goo.gl/GnUvRfvGoYVtjg1e9","Bahrain airport","Sedan","","hassan","Welcome pickups","                                                                                                                                              "
"330","15290","23-Aug-26 07:15","Pickup / Drop","Braxtone Plus W.L.L","Ahmed Hayat","+97339988711","14.000","0.000","14.000","0.000","Riffa view Villa 2187,https://maps.google.com/?q=26.091700,50.556980","Bahrain airport","Suv","","hassan","Braxtone","                                                                                                                                              "
"331","15313","24-Aug-26 00:15","Pickup / Drop","Braxtone Plus W.L.L","Shamsa Al Hammdi","36723232","8.000","0.000","8.000","0.000","Hidd H 654,https://maps.app.goo.gl/bNXdZkoCJBFupVyb7","Bahrain airport","Sedan","sohail","hassan","Braxtone","                                                                                                                                              "
"332","15288","24-Aug-26 05:45","Pickup / Drop","Braxtone Plus W.L.L","Ali Al Hayki","33704407","14.000","0.000","14.000","0.000","Samheaj, H 263,https://maps.app.goo.gl/W5SCovm5jfWvERfH8","Bahrain airport","Suv","sohail","hassan","Braxtone","                                                                                                                                              "
"333","15318","24-Aug-26 20:15","Pickup / Drop","Braxtone Plus W.L.L",".","+97366335566","8.000","0.000","8.000","0.000","Samaheaj-H3091, https://maps.app.goo.gl/VYJicv5ZNy9qF47w6","Bahrain airport","Sedan","mariam","hassan","Braxtone","                                                                                                                                              "
"334","15312","24-Aug-26 23:55","Pickup / Drop","Braxtone Plus W.L.L","Shaikha Al Binkhalil","66665561","14.000","0.000","14.000","0.000","Isa Town H 1344,https://maps.app.goo.gl/Vo6dsNbNm1Q9McvC6","Bahrain airport","Suv","kown","hassan","Braxtone","                                                                                                                                              "
"335","15321","25-Aug-26 12:00","Pickup / Drop","Braxtone Plus W.L.L","Alaa","+97339997533","8.000","0.000","8.000","0.000","Janabiya - B 3744,https://maps.app.goo.gl/1dFzeMGLudRX2mGH8","Bahrain airport","Sedan","","hassan","Braxtone","                                                                                                                                              "
"336","15230","25-Aug-26 15:00","Pickup / Drop","Braxtone Plus W.L.L","Ali Salahuddin","+97339246246","14.000","0.000","14.000","0.000","Maqabah- Reem 3,https://maps.app.goo.gl/eiEw9yA4t65B2Teb7","Bahrain airport","Suv","","hassan","Braxtone","                                                                                                                                              "
"337","15335","26-Aug-26 01:45","Pickup / Drop","Travel Gate","Rahma Sharaf","+973 3330 6601","33.000","0.000","33.000","0.000","Barbar, https://maps.app.goo.gl/yykMvskMi6yBqqNk6","Damam airport","Suv","sohail","hassan","Travel Gate","                                                                                                                                              "
"338","15338","26-Aug-26 01:50","Pickup / Drop","Trust Services Company Ltd","Jhon Ortiz,","","55.000","5.000","50.000","0.000","Damamm airport","InterContinental  Al Khobar","Suv","habib","abbas1","Wanaan","                                                                                                                                              "
"339","15347","27-Aug-26 01:50","Pickup / Drop","Trust Services Company Ltd","Daniel Lennox","","55.000","0.000","55.000","0.000","Damamm airport","InterContinental  Al Khobar","Suv","","abbas1","Wanaan","                                                                                                                                              "
"340","15336","27-Aug-26 05:15","Pickup / Drop","Braxtone Plus W.L.L","Rainbow Abbas","+97336373722","14.000","0.000","14.000","0.000","Jid Al Haj H 700,https://maps.app.goo.gl/HM2tjmYebx8dxmBC8","Bahrain airport","Suv","sohail","hassan","Braxtone","                                                                                                                                              "
"341","15333","27-Aug-26 06:45","Pickup / Drop","Braxtone Plus W.L.L","Eman","34444227","8.000","0.000","8.000","0.000","Al Bilad Al Qadeem H 467, https://maps.app.goo.gl/RExDUv7aTG1ZXbkr5","Bahrain airport","Sedan","","hassan","Braxtone","                                                                                                                                              "
"342","15348","27-Aug-26 09:20","Pickup / Drop","Trust Services Company Ltd","James Moulang","","55.000","0.000","55.000","0.000","Damamm airport","InterContinental  Al Khobar","Suv","sohail","abbas1","Wanaan","                                                                                                                                              "
"343","15327","27-Aug-26 22:00","Pickup / Drop","Braxtone Plus W.L.L","Ahmed","36655035","8.000","0.000","8.000","0.000","Isa Town-B 5493, https://maps.app.goo.gl/BZbjYpz52NtTaexx9","Bahrain airport","Sedan","kown","hassan","Braxtone","                                                                                                                                              "
"344","15339","28-Aug-26 11:30","Pickup / Drop","Braxtone Plus W.L.L","S.Galeb hassan","39605313","8.000","0.000","8.000","0.000","Darkulaib H3631, https://maps.app.goo.gl/YJqW7LkCCYS25RZK8","Bahrain airport","Sedan","sohail","hassan","Braxtone","                                                                                                                                              "
"345","15363","28-Aug-26 14:50","Pickup / Drop","Trust Services Company Ltd","Jhon  Ortiz ,Daniel  Lennox , James  Moulang","","55.000","0.000","55.000","0.000","InterContinental  Al Khobar","Dammam airport","Suv","","abbas1","Wanaan","                                                                                                                                              "
"346","15365","28-Aug-26 15:05","Pickup / Drop","Trust Services Company Ltd","Dwight (Nate)  Nichols, Fady  Elhabashy","","55.000","0.000","55.000","0.000","Damamm airport","InterContinental  Al Khobar","Suv","mariam","abbas1","Wanaan","                                                                                                                                              "
"347","15268","28-Aug-26 20:30","Pickup / Drop","Braxtone Plus W.L.L","Huda","37141884","8.000","0.000","8.000","0.000","Al Hajer, https://maps.app.goo.gl/ArhFCiwZ4Zsdx1Ju7?g_st=ic","Bahrain airport","Sedan","","hassan","Braxtone","                                                                                                                                              "
"348","15364","28-Aug-26 20:30","Pickup / Drop","Trust Services Company Ltd","Dwight (Nate)  Nichols","","55.000","0.000","55.000","0.000","InterContinental  Al Khobar","Dammam airport","Suv","mariam","abbas1","Wanaan","                                                                                                                                              "
"349","15340","28-Aug-26 23:45","Pickup / Drop","Braxtone Plus W.L.L","Mohamed AlAlwan","38333003","14.000","0.000","14.000","0.000","Tubli, https://maps.app.goo.gl/FGS4Hkv1aKupkgmMA?g_st=ic","Bahrain airport","Suv","","hassan","Br","                                                                                                                                              "
"350","15370","29-Aug-26 07:15","Pickup / Drop","Trust Services Company Ltd","Fady Elhabashy","","65.000","0.000","65.000","0.000","InterContinental  Al Khobar","Dammam airport","Suv","sohail","abbas1","Wanaan","                                                                                                                                              "
"351","15354","29-Aug-26 18:00","Pickup / Drop","Eslam Zein","Eslam","","37.000","0.000","37.000","0.000","Seef Mall, https://maps.app.goo.gl/ppJZpymNCYtXjtA78","Khobar, https://maps.app.goo.gl/RFvvZ9X6MuPyTqhg9","Sedan","","via","Wanaan","                                                                                                                                              "
"352","15319","30-Aug-26 12:15","Pickup / Drop","Travel Gate","Mr. Hussam Halologlu","+966 50 680 3900","33.000","0.000","33.000","0.000","Damam, https://maps.app.goo.gl/ouk6nJvVayGBQvX37","Bahrain airport","Suv","","hassan","Travel Gate","                                                                                                                                              "
"353","15376","30-Aug-26 19:15","Pickup / Drop","Hashtag Limo Company","+447510930722","","35.000","0.000","35.000","0.000","Bahrain airport gf0002","Hilton garden inn Khobar","Sedan","sohail","ali","Wanaan","                                                                                                                                              "
"354","15278","30-Aug-26 20:00","Pickup / Drop","Travel Gate","Feras Al Halwaji","+973 3945 5661","12.000","0.000","12.000","0.000","Bahrain airport GF963","Salman city","Sedan","","hassan","Travel Gate","                                                                                                                                              "
"355","15367","30-Aug-26 23:50","Pickup / Drop","Braxtone Plus W.L.L","Ali Saleh","36887976","8.000","0.000","8.000","0.000","Hamad town H 556,https://maps.app.goo.gl/n2FniMLf6ATtDjoo8","Bahrain airport","Sedan","","hassan","Braxtone","                                                                                                                                              "
"356","15388","31-Aug-26 00:10","Pickup / Drop","Trust Services Company Ltd","JORGENSEN,  Bryan","","55.000","0.000","55.000","0.000","Damamm airport","InterContinental  Al Khobar","Suv","sohail","abbas1","Wanaan","                                                                                                                                              "
"357","15389","31-Aug-26 19:45","Pickup / Drop","Trust Services Company Ltd","WOODWARD,  Paul","","55.000","0.000","55.000","0.000","Damamm airport","InterContinental  Al Khobar","Suv","sohail","abbas1","Wanaan","                                                                                                                                              "
"358","15379","01-Sep-26 08:15","Pickup / Drop","Braxtone Plus W.L.L","Hussain","66668383","14.000","0.000","14.000","0.000","Samaheaj H 838,https://maps.app.goo.gl/EF8vgfa2N3XtCmmY7","Bahrain airport","Suv","","hassan","Braxtone","                                                                                                                                              "
"359","15393","01-Sep-26 14:45","Pickup / Drop","Trust Services Company Ltd","JORGENSEN,  Bryan +  TORRISON,  Edwin (Russ) +  WOODWARD,  Paul","","55.000","0.000","55.000","0.000","InterContinental  Al Khobar","Dammam airport","Suv","sohail","abbas1","Wanaan","                                                                                                                                              "
"360","15394","01-Sep-26 15:00","Pickup / Drop","Trust Services Company Ltd","NATHAN,  Jeffrey +  HUGHES,  Carroll (Patrick","","55.000","0.000","55.000","0.000","Damamm airport","InterContinental  Al Khobar","Suv","","abbas1","Wanaan","                                                                                                                                              "
"361","15386","02-Sep-26 07:15","Pickup / Drop","Braxtone Plus W.L.L","Amer Shukri","+97366755655","8.000","0.000","8.000","0.000","Maqaba B 394,https://maps.google.com/?q=26.209995,50.499630","Bahrain airport","Sedan","","hassan","Braxtone","                                                                                                                                              "
"362","15396","02-Sep-26 08:40","Pickup / Drop","Trust Services Company Ltd","NATHAN,  Jeffrey","","55.000","0.000","55.000","0.000","InterContinental  Al Khobar","Dammam airport","Suv","habib","abbas1","Wanaan","                                                                                                                                              "
"363","15385","02-Sep-26 09:00","Pickup / Drop","Travel Gate","Mr. Feras","+973 3945 5661","13.000","0.000","13.000","0.000","Duraz","Bahrain airport","Suv","mariam","hassan","Travel Gate","                                                                                                                                              "
"364","15397","02-Sep-26 20:15","Pickup / Drop","Trust Services Company Ltd","HUGHES,  Carroll (Patrick","","55.000","0.000","55.000","0.000","InterContinental  Al Khobar","Dammam airport","Suv","sohail","abbas1","Wanaan","                                                                                                                                              "
"365","15320","02-Sep-26 21:15","Pickup / Drop","Travel Gate","Mr. Hussam Halologlu","+966 50 680 3900","33.000","0.000","33.000","0.000","Bahrain airport GF511","Damam, https://maps.app.goo.gl/ouk6nJvVayGBQvX37","Suv","","hassan","Travel Gate","                                                                                                                                              "
"366","15373","03-Sep-26 00:30","Pickup / Drop","Braxtone Plus W.L.L","Mohamed","33383387","8.000","0.000","8.000","0.000","Janusan H3647. https://maps.app.goo.gl/W2t2hbtRw83BJgAw7","Bahrain airport","Sedan","","hassan","Braxtone","                                                                                                                                              "
"367","15390","03-Sep-26 06:45","Pickup / Drop","Braxtone Plus W.L.L","Maryam","+97336111064","8.000","0.000","8.000","0.000","Busaiteen H 2884,https://maps.app.goo.gl/u3cuUPhzms9Ebgxe8","Bahrain airport","Sedan","","hassan","Braxtone","                                                                                                                                              "
"368","15381","03-Sep-26 07:15","Pickup / Drop","Braxtone Plus W.L.L","Priyank Verma","66332899","8.000","0.000","8.000","0.000","Sanabis, Al Sarraf Palace, https://maps.app.goo.gl/8KmYUv72TmrvDbGk8","Bahrain airport","Sedan","mariam","hassan","Braxtone","                                                                                                                                              "
"369","15391","03-Sep-26 07:15","Pickup / Drop","Braxtone Plus W.L.L",".","+97336886861","20.000","0.000","20.000","0.000","Zallaq H879, https://maps.app.goo.gl/q3ieTjQvNEzZMvsw5","Bahrain airport","Vito","","hassan","Braxtone","                                                                                                                                              "
"370","15402","03-Sep-26 10:30","Pickup / Drop","Hashtag Limo Company","Chiraz Ennaceur","+447510930722","35.000","0.000","35.000","0.000","Khobar, Hilton Garden Inn","Manama, Financial harbor East Tower","Sedan","","hassan","Hashtag","                                                                                                                                              "
"371","15392","03-Sep-26 15:15","Pickup / Drop","Braxtone Plus W.L.L","Khalifa Baslar","32223220","8.000","0.000","8.000","0.000","Qalali H 1077,https://maps.app.goo.gl/caEdPxLja8zKJPdi7?g_st=ic","Bahrain airport","Sedan","mariam","hassan","Braxtone","                                                                                                                                              "
"372","15408","03-Sep-26 19:00","Pickup / Drop","Mathail Alsaleh","","","40.000","0.000","40.000","0.000","Bahrain","Khobar","Ford Expedition","sohail","ali","Wanaan","                                                                                                                                              "
"373","15387","03-Sep-26 19:45","Pickup / Drop","Braxtone Plus W.L.L","Ahmed Rashid","+97339470002","8.000","0.000","8.000","0.000","East Riffa H 350, https://maps.app.goo.gl/QY8uzwaabbaSzScJ6","Bahrain airport","Sedan","","hassan","Braxtone","                                                                                                                                              "
"374","15377","04-Sep-26 08:00","Pickup / Drop","Braxtone Plus W.L.L","Fatheya Billal","+97333852255","14.000","0.000","14.000","0.000","Isa Town H 290,https://maps.app.goo.gl/S1B817oH6U6Q3dx29?g_st=ic","Bahrain airport","Suv","sohail","hassan","Braxtone","                                                                                                                                              "
"375","15412","05-Sep-26 12:00","Pickup / Drop","Mathail Alsaleh","","","135.000","0.000","135.000","0.000","Khobar","Bahrain","Ford Expedition","sohail","ali","Wanaan","                                                                                                                                              "
"376","15356","05-Sep-26 16:00","Pickup / Drop","Eslam Zein","Eslam Zein","","37.000","0.000","37.000","0.000","Bahrain","Khobar","Expedition","","via","Wanaan","                                                                                                                                              "
"377","15395","06-Sep-26 06:15","Pickup / Drop","Braxtone Plus W.L.L","Lutfalla","36446464","8.000","0.000","8.000","0.000","Hamad town","Bahrain airport","Sedan","","hassan","Braxtone","                                                                                                                                              "
"378","15410","06-Sep-26 10:15","Pickup / Drop","Braxtone Plus W.L.L","Mohamed","+97339993577","8.000","0.000","8.000","0.000","Riffa views - H957, https://maps.app.goo.gl/TM6E2rdvjD6Paq1c8","Bahrain airport","Sedan","","hassan","Braxtone","                                                                                                                                              "
"379","15404","06-Sep-26 13:00","Pickup / Drop","Braxtone Plus W.L.L","Ali Al Meshal","39440025","8.000","0.000","8.000","0.000","Sanad H 2814! https://maps.google.com/?q=26.156218,50.585445","Bahrain airport","Sedan","","hassan","Braxtone","                                                                                                                                              "
"380","15415","07-Sep-26 06:30","Pickup / Drop","Braxtone Plus W.L.L","Ali Yusuf","+97338877766","8.000","0.000","8.000","0.000","Sanad H 1043,https://maps.app.goo.gl/6MYJ9K9hEspxh5Kv5","Bahrain airport","Sedan","","hassan","Braxtone","                                                                                                                                              "
"381","15328","07-Sep-26 20:00","Pickup / Drop","Travel Gate","Fawazeya & Ruqaya","+973 3986 2026","9.000","0.000","9.000","0.000","Bahrain airport GF963","Al Bilad Al Qadeem, https://share.here.com/l/26.21139,50.56019","Sedan","","hassan","Travel Gate","                                                                                                                                              "
"382","15417","08-Sep-26 14:00","Pickup / Drop","Braxtone Plus W.L.L","Ahmed Al Jowder","+97336911088","14.000","0.000","14.000","0.000","Hamad Town H 1427, https://maps.google.com/?q=26.064392,50.512897","Bahrain airport","Suv","habib","hassan","Braxtone","                                                                                                                                              "
"383","15425","09-Sep-26 09:15","Pickup / Drop","Braxtone Plus W.L.L","Sara Thani","33366721","8.000","0.000","8.000","0.000","Busaiteen H 4279, https://maps.app.goo.gl/UZcKhki7pX9DyPYT8","Bahrain airport","Sedan","sohail","hassan","Braxtone","                                                                                                                                              "
"384","15424","09-Sep-26 11:00","Pickup / Drop","Braxtone Plus W.L.L","Areej","33633411","8.000","0.000","8.000","0.000","Segaya B93, https://maps.app.goo.gl/g1yhwr51rE2oXarz7","Bahrain airport","Sedan","sohail","hassan","Braxtone","                                                                                                                                              "
"385","15421","10-Sep-26 05:45","Pickup / Drop","Braxtone Plus W.L.L","Mohamed Bucheeri","33457665","12.000","0.000","12.000","0.000","Jaw H2391, https://maps.app.goo.gl/w63P7dp9Va4aCqbcA","Bahrain airport","Sedan","","hassan","Braxtone","                                                                                                                                              "
"386","15436","10-Sep-26 10:00","Pickup / Drop","Mathail Alsaleh","","","120.000","0.000","120.000","0.000","Khobar","Riyadh","Ford Expedition","habib","ali","Wanaan","                                                                                                                                              "
"387","15438","11-Sep-26 05:15","Pickup / Drop","Braxtone Plus W.L.L","Yaqoob Al Doseri","33929627","14.000","0.000","14.000","0.000","Isa Town H https://maps.app.goo.gl/jPCwmoUR4qmUxMan9","Bahrain airport","Suv","","hassan","Braxtone","                                                                                                                                              "
"388","15420","11-Sep-26 07:45","Pickup / Drop","Braxtone Plus W.L.L","Ahmed AlHulaibi","39918199","8.000","0.000","8.000","0.000","Sanad H 2529,https://maps.app.goo.gl/YsiEYFf7UEdm3cp5A","Bahrain airport","Sedan","","hassan","Braxtone","                                                                                                                                              "
"389","15380","11-Sep-26 08:00","Pickup / Drop","Braxtone Plus W.L.L","Aysha Al Thawadi","38811100","14.000","0.000","14.000","0.000","Hamad Town H 76,https://maps.google.com/?q=26.109745,50.508266","Bahrain airport","Suv","sohail","hassan","Braxtone","                                                                                                                                              "
"390","15384","11-Sep-26 19:55","Pickup / Drop","Travel Gate","Mr. Feras","+973 3945 5661","13.000","0.000","13.000","0.000","Bahrain airport GF70","Duraz","Suv","sohail","hassan","Travel Gate","                                                                                                                                              "
"391","15357","12-Sep-26 07:00","Pickup / Drop","Eslam Zein","Eslam Zein","","37.000","0.000","37.000","0.000","Khobar","Bahrain","Expedition","","via","Wanaan","                                                                                                                                              "
"392","15429","12-Sep-26 12:00","Pickup / Drop","Braxtone Plus W.L.L","Fatima Alawami","+97338889858","8.000","0.000","8.000","0.000","Bugazal H1026, https://goo.gl/maps/Du5JgbFPzX9ZDNxC6","Bahrain airport","Sedan","","hassan","Braxtone","                                                                                                                                              "
"393","15440","12-Sep-26 12:00","Pickup / Drop","Mathail Alsaleh",".","","120.000","0.000","120.000","0.000","Riyadh","Khobar","Suv","habib","hassan","Wanaan","                                                                                                                                              "
"394","15358","12-Sep-26 16:00","Pickup / Drop","Eslam Zein","Eslam Zein","","37.000","0.000","37.000","0.000","Bahrain","Khobar","Expedition","","via","Wanaan","                                                                                                                                              "
"395","15430","12-Sep-26 23:00","Pickup / Drop","Braxtone Plus W.L.L","Abdullaif Almulla","37175017","8.000","0.000","8.000","0.000","Buhair H https://maps.app.goo.gl/C39NJcNbEcg3urqq8","Bahrain airport","Sedan","","hassan","Braxtone","                                                                                                                                              "
"396","15452","14-Sep-26 11:00","Pickup / Drop","Fursan Travel","Adel","+973 3944 1093","37.000","0.000","37.000","0.000","Sar Villa 1398, https://maps.google.com/?q=26.199543,50.489735","Khobar, Extra Head office","Sedan","habib","hassan","Fursan Travel","                                                                                                                                              "
"397","15454","14-Sep-26 11:00","Pickup / Drop","Fursan Travel","Kubra","+973 3963 5392","37.000","0.000","37.000","0.000","Sanad, https://maps.app.goo.gl/K2uaoT2R2uSxas8KA","Khobar, Extra Head office","Sedan","","hassan","Fursan Travel","                                                                                                                                              "
"398","15453","14-Sep-26 15:45","Pickup / Drop","Fursan Travel","Adel","+973 3944 1093","37.000","0.000","37.000","0.000","Khobar, Extra Head office","Sar","Sedan","habib","hassan","Fursan Travel","                                                                                                                                              "
"399","15455","14-Sep-26 15:45","Pickup / Drop","Fursan Travel","Kubra","+973 3963 5392","37.000","0.000","37.000","0.000","Khobar, Extra Head office","Sanad","Sedan","","hassan","Fursan Travel","                                                                                                                                              "
"400","15459","15-Sep-26 06:30","Pickup / Drop","Braxtone Plus W.L.L","Khalid Albasam","+97339453339","8.000","0.000","8.000","0.000","Riffa","Bahrain Airport","Sedan","","qassim","Braxstone","                                                                                                                                              "
"401","15449","16-Sep-26 10:45","Pickup / Drop","Braxtone Plus W.L.L",".","","8.000","0.000","8.000","0.000","Sar H 2404, https://maps.app.goo.gl/dZJT9URiy2C2g1R97","Bahrain airport","Sedan","","hassan","Braxtone","                                                                                                                                              "
"402","15456","16-Sep-26 11:45","Pickup / Drop","Braxtone Plus W.L.L","Nabeel Mohamed","36557722","8.000","0.000","8.000","0.000","Isa Town, Villa147, https://maps.app.goo.gl/dFNyh8uimCauVGLq8","Bahrain airport","Sedan","","hassan","Braxtone","                                                                                                                                              "
"403","15461","16-Sep-26 12:00","Pickup / Drop","Braxtone Plus W.L.L","Mohsin","+97332221455","8.000","0.000","8.000","0.000","Sanad V 2815A, https://maps.app.goo.gl/eJoFyUqFknLXHJFN8","Bahrain airport","Sedan","","hassan","Braxtone","                                                                                                                                              "
"404","15464","17-Sep-26 06:45","Pickup / Drop","Braxtone Plus W.L.L","Yusuf","33943131","14.000","0.000","14.000","0.000","Hamad town H1624, https://maps.app.goo.gl/7YCbRSEaDTZYDkci6","Bahrain airport","Suv","","hassan","Braxtone","                                                                                                                                              "
"405","15448","17-Sep-26 12:15","Pickup / Drop","Braxtone Plus W.L.L","Amal Abbas","+97339882883","8.000","0.000","8.000","0.000","Hamad town H516, https://maps.app.goo.gl/muakpLAhnEKgriUs8","Bahrain international airport","Sedan","","qassim","Braxstone","                                                                                                                                              "
"406","15460","17-Sep-26 18:00","Pickup / Drop","Braxtone Plus W.L.L","Leena","+97333338345","8.000","0.000","8.000","0.000","Zinj H 1611, https://maps.app.goo.gl/xKgFB4M9DWhBtDWM8","Bahrain airport","Sedan","","hassan","Braxtone","                                                                                                                                              "
"407","15462","17-Sep-26 21:00","Pickup / Drop","Fouad Aldossary",".","","50.000","0.000","50.000","0.000","Damam","Bahrain airport","Ford Expedition 1","","hassan","Wanaan","                                                                                                                                              "
"408","15463","17-Sep-26 21:00","Pickup / Drop","Fouad Aldossary",".","","50.000","0.000","50.000","0.000","Damam","Bahrain airport","Ford Expedition 2","","hassan","Wanaan","                                                                                                                                              "
"409","15457","18-Sep-26 12:45","Pickup / Drop","Braxtone Plus W.L.L","Alaa","+97366722337","14.000","0.000","14.000","0.000","Duraz H 230, https://maps.app.goo.gl/LFx1tFzFmw6NMKkH9?g_st=iw","Bahrain airport","Suv","","hassan","Braxtone","                                                                                                                                              "
"410","15359","19-Sep-26 07:00","Pickup / Drop","Eslam Zein","Eslam Zein","","37.000","0.000","37.000","0.000","Khobar","Bahrain","Expedition","","via","Wanaan","                                                                                                                                              "
"411","15360","19-Sep-26 16:00","Pickup / Drop","Eslam Zein","Eslam Zein","","37.000","0.000","37.000","0.000","Khobar","Bahrain","Expedition","","via","Wanaan","                                                                                                                                              "
"412","15361","26-Sep-26 07:00","Pickup / Drop","Eslam Zein","Eslam Zein","","37.000","0.000","37.000","0.000","Khobar","Bahrain","Expedition","","via","Wanaan","                                                                                                                                              "