"Sl","#","From Date","Type","Customer","Amount","Received","Balance","Commission","Pickup","Drop off","Vehicle","Driver","Added By","Requested By","Actions"
"1","15329","10-Oct-26 10:30","Pickup / Drop","Travel Gate,0, 0097339133034Fawazeya & Ruqaya -","9.000","0.000","9.000","0.000","Manama","Bahrain airport","Sedan","","hassan","Travel GateCancelled","                                                                        "
"2","15458","13-Sep-26 12:00","Chauffeur","Qassim Makhlooq ,0, +973 3846 7744 -","1,000.000","0.000","1,000.000","0.000","bh","bh","bmw","","via","wanaanCancelled","                                                                        "
"3","15259","09-Sep-26 09:45","Pickup / Drop","Mathail Alsaleh,, +966 56 300 3402 -","45.000","0.000","45.000","0.000","Dammam airport","Riffa","Ford Expedition","","ali","WanaanCancelled","                                                                        "
"4","15258","06-Sep-26 09:45","Pickup / Drop","Mathail Alsaleh,, +966 56 300 3402 -","45.000","0.000","45.000","0.000","Riffa","Dammam airport","Ford Expedition","","ali","WanaanCancelled","                                                                        "
"5","15383","02-Sep-26 09:00","Pickup / Drop","Braxtone Plus W.L.L,0, +968 9920 0984Mr. Feras  - +973 3945 5661","13.000","0.000","13.000","0.000","Duraz","Bahrain airport","Suv","","hassan","Travel Gate Cancelled","                                                                        "
"6","15341","29-Aug-26 17:00","Pickup / Drop","Braxtone Plus W.L.L,0, +968 9920 0984Hussain  - +97336511312","18.000","0.000","18.000","0.000","Bahrain airport","Nabiah saleh","Suv","","hassan","BraxtoneCancelled","                                                                        "
"7","15369","29-Aug-26 02:00","Pickup / Drop","Ebrahim hasan,, +966566419241 -","45.000","0.000","45.000","0.000","Dammam","Bahrain","Suv","","ali","WanaanCancelled","                                                                        "
"8","15295","21-Aug-26 11:00","Pickup / Drop","Mathail Alsaleh,, +966 56 300 3402 -","60.000","0.000","60.000","0.000","Khobar","Jubail","Ford Expedition","","ali","WanaanCancelled","                                                                        "
"9","15295","21-Aug-26 11:00","Pickup / Drop","Mathail Alsaleh,, +966 56 300 3402 -","60.000","0.000","60.000","0.000","Khobar","Jubail","Ford Expedition","","ali","WanaanCancelled","                                                                        "
"10","15279","21-Aug-26 08:45","Pickup / Drop","Braxtone Plus W.L.L,0, +968 9920 0984Fawzeya  - +97333882788","14.000","0.000","14.000","0.000","Isa Town H 125,","Bahrain airport","Suv","","hassan","BraxtoneCancelled","                                                                        "
"11","15256","18-Aug-26 13:30","Pickup / Drop","Braxtone Plus W.L.L,0, +968 9920 0984Aayat - 38484843","14.000","0.000","14.000","0.000","Isa Town","Bahrain Airport","SUV","","Hashim","WanaanCancelled","                                                                        "
"12","15211","11-Aug-26 11:00","Chauffeur","Sibin Mathew ,, +973 3423 5661 -","68.000","0.000","68.000","0.000","khobar","baharin and 4 hours","suv","","via","wanaanCancelled","                                                                        "
"13","15138","30-Jul-26 11:15","Pickup / Drop","Majed Mohamed Al Qahtani ,, +966 50 414 4443.  -","55.000","0.000","55.000","0.000","Manama, Catamaran","Jubail","Suv","","hassan","WanaanCancelled","                                                                        "
"14","15120","29-Jul-26 13:00","Pickup / Drop","Ameerah,, +966554110384.  -","45.000","45.000","0.000","0.000","Khobar,https://maps.app.goo.gl/eWjbcEr6xAeiTfft9","Manama","Ford Expedition","","hassan","WanaanCancelled","                                                                        "
"15","15104","26-Jul-26 23:45","Pickup / Drop","Braxtone Plus W.L.L,0, +968 9920 0984Saleh Al doseri - 36155513","14.000","0.000","14.000","0.000","Salman city","Bahrain airport","Suv","","hassan","BraxtoneCancelled","                                                                        "
"16","15064","19-Jul-26 06:30","Pickup / Drop","Latifah saad,, +966504300727 -","40.000","0.000","40.000","0.000","Bahrain airport","Khobar","Sedan","","ali","WanaanCancelled","                                                                        "
"17","15048","18-Jul-26 09:00","Pickup / Drop","Fahad ,, +974 6660 6227.  -","25.000","25.000","0.000","0.000","Manama","Manama","Hashim","admin","hassan","WanaanCancelled","                                                                        "
"18","15074","18-Jul-26 02:50","Pickup / Drop","Trust Services Company Ltd,0, +966 50 204 19995514 / John  Margaritondo -","55.000","0.000","55.000","0.000","Damamm airport","InterContinental  Al Khobar","Suv","","abbas1","Wanaan Cancelled","                                                                        "
"19","15066","17-Jul-26 02:40","Pickup / Drop","Trust Services Company Ltd,0, +966 50 204 19995521 /HURST, Per -","55.000","0.000","55.000","0.000","Damamm airport","InterContinental  Al Khobar","Suv","","abbas1","Wanaan Cancelled","                                                                        "
"20","15066","17-Jul-26 02:40","Pickup / Drop","Trust Services Company Ltd,0, +966 50 204 19995521 /HURST, Per -","55.000","0.000","55.000","0.000","Damamm airport","InterContinental  Al Khobar","Suv","","abbas1","Wanaan Cancelled","                                                                        "
"21","15066","17-Jul-26 02:40","Pickup / Drop","Trust Services Company Ltd,0, +966 50 204 19995521 /HURST, Per -","55.000","0.000","55.000","0.000","Damamm airport","InterContinental  Al Khobar","Suv","","abbas1","Wanaan Cancelled","                                                                        "
"22","15066","17-Jul-26 02:40","Pickup / Drop","Trust Services Company Ltd,0, +966 50 204 19995521 /HURST, Per -","55.000","0.000","55.000","0.000","Damamm airport","InterContinental  Al Khobar","Suv","","abbas1","Wanaan Cancelled","                                                                        "
"23","15062","16-Jul-26 23:40","Pickup / Drop","Rashmi R Dash,, 00966 5960119995499 / Andrew Coon -","55.000","0.000","55.000","0.000","Damamm airport","InterContinental  Al Khobar","Suv","","abbas1","Wanaan Cancelled","                                                                        "
"24","15034","15-Jul-26 22:30","Pickup / Drop","Peter Oertel,, +966536818917. -","40.000","0.000","40.000","0.000","Ronda Residence Compound Al Khobar","Bahrain Airport arrivals","Sedan","","hassan","WanaanCancelled","                                                                        "
"25","15051","15-Jul-26 15:00","Pickup / Drop","World Seas Shipping Services W.L.L,6523, 77004681PAATISH BAHADUR RANA RAM BAHADUR -","35.000","0.000","35.000","0.000","Barcelo Hotel","DANA RAYHAAN","Sedan","","via","WSSSCancelled","                                                                        "
"26","15054","15-Jul-26 13:00","Chauffeur","Fahad ,, +974 6660 6227 -","25.000","0.000","25.000","0.000","Bahrain","Bahrain","Driver only","admin","abbas1","Wanaan Cancelled","                                                                        "
"27","15026","15-Jul-26 06:30","Pickup / Drop","Braxtone Plus W.L.L,0, +968 9920 0984Dr.Khalid -","12.000","0.000","12.000","0.000","Jid Ali - Villa 2402-https://maps.app.goo.gl/D4kRUV88CJMTR3mJ8","Bahrain airport","Suv","","hassan","BraxtoneCancelled","                                                                        "
"28","15028","13-Jul-26 07:00","Pickup / Drop","Ali khalif Alkhalifa,., 36755755.  -","30.000","30.000","0.000","0.000","Jari Al Shaikh-Villa 7-https://goo.gl/maps/hyPd1ej6VMuPdU847","Bahrain Airport","vito","","hassan","WanaanCancelled","                                                                        "
"29","15027","12-Jul-26 07:00","Pickup / Drop","Ali khalif Alkhalifa,., 36755755.  -","30.000","30.000","0.000","0.000","Jari Alshaikh, https://goo.gl/maps/hyPd1ej6VMuPdU847","Bahrain airport","Vito","","hassan","WanaanCancelled","                                                                        "
"30","14971","04-Jul-26 20:55","Pickup / Drop","Trust Services Company Ltd,0, +966 50 204 19995346 / Juan Espinoza -","55.000","0.000","55.000","0.000","Damamm airport","InterContinental  Al Khobar","Suv","","abbas1","Wanaan Cancelled","                                                                        "
"31","14903","24-Jun-26 23:00","Pickup / Drop","Welcome pickups,, +306942521588Igor Petlyakov - +17866507755","15.000","0.000","15.000","0.000","Hilton Bahrain City Centre Hotel & Residences","Bahrain Airport","Vito","","ali","WelcomeCancelled","                                                                        "
"32","14835","15-Jun-26 21:00","Pickup / Drop","Trust Services Company Ltd,0, +966 50 204 19995110 / GULLVIK, Mats -","55.000","0.000","55.000","0.000","Damamm airport","InterContinental  Al Khobar","Suv","","abbas1","Wanaan Cancelled","                                                                        "
"33","14837","15-Jun-26 12:45","Pickup / Drop","Trust Services Company Ltd,0, +966 50 204 19995071 / De Marco,  Richard;  Montgomery,  Maria -","55.000","0.000","55.000","0.000","Damamm airport","InterContinental  Al Khobar","Suv","","abbas1","Wanaan Cancelled","                                                                        "
"34","14822","14-Jun-26 22:55","Pickup / Drop","Trust Services Company Ltd,0, +966 50 204 1999Kirkpatrick, Jason;  McCormick, Sergio -","50.000","0.000","50.000","0.000","Damam airport Gate 5","InterContinental Al  Khobar","Suv","","hassan","Trust Services Cancelled","                                                                        "
"35","14821","14-Jun-26 20:20","Pickup / Drop","Trust Services Company Ltd,0, +966 50 204 1999Groce, Jerrod -","50.000","0.000","50.000","0.000","Damam airport Gate 5","InterContinental Al  Khobar","Suv","","hassan","Trust Services Cancelled","                                                                        "
"36","14801","14-Jun-26 15:20","Pickup / Drop","Trust Services Company Ltd,0, +966 50 204 19995040 / Boyd, Joseph  (Tate), Jarvis,  Matthew,  Pencil, Diane -","50.000","0.000","50.000","0.000","InterContinen- tal Al Khobar","Dammam airport","Ford Expedition","","ali","WanaanCancelled","                                                                        "
"37","14799","13-Jun-26 02:30","Pickup / Drop","Trust Services Company Ltd,0, +966 50 204 19995040 / Boyd, Joseph  (Tate), Jarvis,  Matthew,  Pencil, Diane -","50.000","0.000","50.000","0.000","Dammam airport","InterContinen- tal Al Khobar","Ford Expedition","","ali","WanaanCancelled","                                                                        "
"38","14798","12-Jun-26 08:00","Pickup / Drop","Trust Services Company Ltd,0, +966 50 204 19995038 / Salcedo, Mario -","50.000","0.000","50.000","0.000","Dammam airport","InterContinen- tal Al Khobar","Ford Expedition","","ali","WanaanCancelled","                                                                        "
"39","14782","06-Jun-26 10:00","Pickup / Drop","Bahrain Cab,0, 39877322 -","8.000","0.000","8.000","0.000","https://goo.gl/maps/BzfquW6phYxXPBkV6?g_st=ac","Bahrain airport","Sedan","","ali","WanaanCancelled","                                                                        "
"40","14766","04-Jun-26 05:30","Pickup / Drop","abdullah ,, +966544448673 -","45.000","0.000","45.000","0.000","Dammam","Bahrain airport","Sedan","","ali","WanaanCancelled","                                                                        "
"41","14705","20-May-26 13:15","Pickup / Drop","Farah Omar,, +966 55 116 2278.  -","35.000","0.000","35.000","0.000","Khobar, Othman Tower","Bahrain airport","Sedan","","hassan","WanaanCancelled","                                                                        "
"42","14713","19-May-26 09:00","Pickup / Drop","Kayan,, +966 53 563 3388.  -","120.000","0.000","120.000","0.000","Royal Saraya seef","Riyadh","Suv","","hassan","WanaanCancelled","                                                                        "
"43","14715","16-May-26 17:00","Pickup / Drop","Farah Omar,, +966 55 116 2278.  -","35.000","0.000","35.000","0.000","Manama","Khobar","Sedan","","hassan","WanaanCancelled","                                                                        "
"44","14655","27-Apr-26 09:50","Pickup / Drop","Travel Gate,0, 0097339133034 -","100.000","0.000","100.000","0.000","Khobar intercontinental hotel","Dammam airport + waiting","SUV","","ali","WanaanCancelled","                                                                        "
"45","14648","26-Apr-26 18:00","Pickup / Drop","Muthana Sartawi,, +966566368421 -","270.000","0.000","270.000","0.000","Kuwait","Riyadh","BMW","","ali","WanaanCancelled","                                                                        "
"46","14615","13-Apr-26 10:00","Pickup / Drop","Barrett Larwin,, +1 (719) 338-0669JOSIAH Sampson  -","600.000","0.000","600.000","0.000","Abu Dhabi, https://maps.app.goo.gl/WLUceVznFNBkv1X18?g_st=iw","Manama, Ritz Carlton","Suv","","hassan","WanaanCancelled","                                                                        "
"47","13074","10-Apr-26 11:40","Pickup / Drop","DayTrip,, 0Roger Mueller -","17.670","0.000","17.670","0.000","Bahrain airport","Manama","Suv XL","","hassan","DaytripCancelled","                                                                        "
"48","13073","10-Apr-26 09:30","Pickup / Drop","DayTrip,, 0JUAN MUNOZ -","27.450","0.000","27.450","0.000","Bahrain airport","Sofitel Zallaq","Suv XL","","hassan","DaytripCancelled","                                                                        "
"49","14545","24-Mar-26 02:00","Pickup / Drop","Giomacs Shipping Services W.L.L,181159-1, 38499977Mr.Jerry - +973 38499977","75.000","0.000","75.000","0.000","Damam airport SV1166(with Signboard)","Bahrain","Suv","","hassan","WanaanCancelled","                                                                        "
"50","14544","23-Mar-26 18:00","Pickup / Drop","Luxeport Concierge ,, +965 6006 1425Salah AlBannai -","250.000","0.000","250.000","0.000","Kuwait, https://maps.app.goo.gl/GxyiVwJwz5gQWwUK9?g_st=ic","Riyadh Airport","Ford Expedition","","hassan","Luxeport Concierge Cancelled","                                                                        "
"51","14507","11-Mar-26 19:00","Pickup / Drop","Cash,, Abdulla Al Mulla Customer  - +971 55 519 9426","1,100.000","200.000","900.000","0.000","Dubai","Qatar then Dubai","Suv","","hassan","WanaanCancelled","                                                                        "
"52","14388","10-Mar-26 06:00","Pickup / Drop","Braxtone Plus W.L.L,0, +968 9920 0984Sayed Mohamed Jalal Alwai - 33354546","5.500","0.000","5.500","0.000","Malkiya","Bahrain airport","Sedan","","hassan","BraxtoneCancelled","                                                                        "
"53","14477","06-Mar-26 12:00","Pickup / Drop","Trust Services Company Ltd,0, +966 50 204 19991 driver + Guider -","1,600.000","1,600.000","0.000","0.000","Doha","Riyadh","Coach","","hassan","Ibrahim Cancelled","                                                                        "
"54","14474","06-Mar-26 10:00","Pickup / Drop","Trust Services Company Ltd,0, +966 50 204 1999.  -","3,600.000","0.000","3,600.000","0.000","Doha","Riyadh","2 Coach+2 Guider","","hassan","Ibrahim Cancelled","                                                                        "
"55","14476","06-Mar-26 09:30","Pickup / Drop","Trust Services Company Ltd,0, +966 50 204 19992 drivers + Guider -","2,000.000","2,000.000","0.000","0.000","Doha","Riyadh","Coach","","hassan","Ibrahim Cancelled","                                                                        "
"56","14459","04-Mar-26 15:00","Pickup / Drop","Trust Services Company Ltd,0, +966 50 204 19994 cars stand by in Doha -","800.000","0.000","800.000","0.000","Doha","Non","Suv","","hassan","Ibrahim Cancelled","                                                                        "
"57","14445","04-Mar-26 06:00","Pickup / Drop","Abdulla Al Awami,. , +97339616164Frederic Andre -","0.000","0.000","0.000","0.000","Fraser Suites Doha","Riyadh Airport","SUV","","via","WanaanCancelled","                                                                        "
"58","14419","03-Mar-26 12:45","Pickup / Drop","Hashtag Limo Company,1010966030, +966538494984Khalid Mohamed  - 77877890","250.000","0.000","250.000","0.000","Dana Rehan By Rotana","Qatar","Suv","","hassan","HashtagCancelled","                                                                        "
"59","14417","01-Mar-26 16:00","Pickup / Drop","Hashtag Limo Company,1010966030, +966538494984Ias Al Isa  - +966542210447","100.000","0.000","100.000","0.000","Abraj Al Lulu","Hilton Garden inn Khobar","Sedan","","hassan","HashtagCancelled","                                                                        "
"60","14381","28-Feb-26 21:00","Pickup / Drop","WELLGATE SERVICES LP,0, +44 7458 148608Khachatryan Victor +3 - +7 967 035-63-73","30.000","0.000","30.000","0.000","Jumeirah Gulf of Bahrain Resort and Spa","Bahrain Airport","Vito","","via","Wellgate Services Cancelled","                                                                        "
"61","14404","28-Feb-26 19:00","Pickup / Drop","Cash,, Duncan Howarth - +971 56 541 8383","700.000","0.000","700.000","0.000","Domain Hotel","Dubai","Suv","","hassan","WanaanCancelled","                                                                        "
"62","14385","27-Feb-26 15:00","Pickup / Drop","Fatima Janahi,, +973 3308 3681 -","25.000","0.000","25.000","0.000","Sanad","Airport bh","Vito","","ali","Wanaan Cancelled","                                                                        "
"63","14376","20-Feb-26 19:30","Pickup / Drop","Welcome pickups,, +306942521588Oliver Rowland  - +971564954242","19.910","0.000","19.910","0.000","Sofitel Zallaq","Bahrain airport","Sedan","","hassan","Welcome pickupsCancelled","                                                                        "
"64","14330","15-Feb-26 00:05","Pickup / Drop","Fahmi A. AlJowder ,, 36009009Fahmi -","25.000","0.000","25.000","0.000","Bahrain AirportB125","Mansoor #5 - E4 Villa 10 Bldg 1503, road 455, Jannusan 504","SUV XL","","via","WanaanCancelled","                                                                        "
"65","14313","14-Feb-26 09:00","Chauffeur","Shaikha Hissa,, +971 55 381 4444.  -","130.000","0.000","130.000","0.000","Manama 6HRS","Bahrain airport","Vito","","hassan","WanaanCancelled","                                                                        "
"66","14306","12-Feb-26 08:30","Pickup / Drop","Alaa,, +966500095876 -","50.000","0.000","50.000","0.000","Dmm airport","Dammam by hour and drop to bh","Suv","","ali","Wanaan Cancelled","                                                                        "
"67","14108","31-Jan-26 10:00","Chauffeur","Mouza Al Sawafi,, +971505235151 -","90.000","0.000","90.000","0.000","FRASER SUITES AL LIWAN","6 HOURS","Suv XL","","abbas1","wanaan Cancelled","                                                                        "
"68","14115","28-Jan-26 07:00","Chauffeur","EMAN,, +97455814269 -","150.000","0.000","150.000","0.000","Hotel","12 hours","Vito","","abbas1","Wanaan Cancelled","                                                                        "
"69","14114","27-Jan-26 10:00","Chauffeur","EMAN,, +97455814269 -","150.000","0.000","150.000","0.000","Hotel","12 hours","Vito","","abbas1","Wanaan Cancelled","                                                                        "
"70","14021","27-Jan-26 02:00","Pickup / Drop","Welcome pickups,, +306942521588Victor Degiorgio - +447715373139","9.870","0.000","9.870","0.000","Bahrain airport British Airlines 125","ibis Seef Manama","Sedan","","hassan","Welcome pickupsCancelled","                                                                        "
"71","14113","26-Jan-26 16:20","Pickup / Drop","EMAN,, +97455814269 -","25.000","0.000","25.000","0.000","Bahrain airport  Qr 1110","Hotel","Vito","","abbas1","Wanaan Cancelled","                                                                        "
"72","14052","24-Jan-26 23:00","Pickup / Drop","Wedding Event(Praveen),0, 04 pax -","17.000","0.000","17.000","0.000","Palace Garden 4 Villa 38 Road 45 Gate 132 block 545 Saar","Bahrain Airport","Suv","","via","WanaanCancelled","                                                                        "
"73","14008","24-Jan-26 21:00","Pickup / Drop","Ashwin Chandrashekhar,, +966 53 045 3016Abdulrahman  - +966569115434","45.000","0.000","45.000","0.000","Khobar, https://maps.app.goo.gl/3SB5f3EZ58jQb9sH7","Airport bh","Suv XL","","ali","Wanaan Cancelled","                                                                        "
"74","14051","24-Jan-26 17:45","Pickup / Drop","Wedding Event(Praveen),0, 0SUBRATO SAHA, NIVI SAHA -","12.000","0.000","12.000","0.000","Royal Saray","Bahrain Airport","Sedan","","via","WanaanCancelled","                                                                        "
"75","14066","24-Jan-26 15:00","Pickup / Drop","Sara Ateeq Ali ,, +974 3311 3121.  -","15.000","159.000","-144.000","0.000","Vida Marrasi","Bahrain airport","Sedan","","hassan","WanaanCancelled","                                                                        "
"76","13834","23-Jan-26 09:00","Chauffeur","Steven larwood,, +971565705703 -","75.000","0.000","75.000","0.000","Bahrain","10 Hours","SUV","","via","WanaanCancelled","                                                                        "
"77","14005","22-Jan-26 08:00","Pickup / Drop","Wedding Event(Praveen),0, 0 -","12.000","0.000","12.000","0.000","Bahrain Airport GF131","Royal Saray","Sedan","abbas","ali","WanaanCancelled","                                                                        "
"78","14010","22-Jan-26 06:00","Pickup / Drop","WELLGATE SERVICES LP,0, +44 7458 148608Sergey Zabaluev  - +7 916 064-41-52","10.000","0.000","10.000","0.000","The Diplomat Radisson Blu Hotel","Bahrain Airport","Sedan","","ali","Wellgate Services Cancelled","                                                                        "
"79","13978","21-Jan-26 19:00","Pickup / Drop","Braxtone Plus W.L.L,0, +968 9920 098432302060 -","10.500","0.000","10.500","0.000","Riffa","Airport bh","Sedan","","ali","Wanaan Cancelled","                                                                        "
"80","13996","21-Jan-26 14:30","Pickup / Drop","Wedding Event(Praveen),0, 0 -","12.000","0.000","12.000","0.000","Bahrain Airport BA125","Royal Saray","Sedan","","ali","WanaanCancelled","                                                                        "
"81","13990","20-Jan-26 08:00","Pickup / Drop","Wedding Event(Praveen),0, 0 -","17.000","0.000","17.000","0.000","Bahrain Airport","Royal saray","Suv","","ali","Wanaan Cancelled","                                                                        "
"82","13952","20-Jan-26 01:10","Pickup / Drop","Wedding Event(Praveen),0, 0 -","12.000","0.000","12.000","0.000","Bahrain Airport TK778","Movenpick hotel","Sedan","","ali","WanaanCancelled","                                                                        "
"83","13969","19-Jan-26 11:00","Chauffeur","Rakesh Khanna,, +918826225558 -","140.000","0.000","140.000","0.000","Port Mina Salman-Manama (Cruise Ship Port)","6 hours","Hiace","","ali","WanaanCancelled","                                                                        "
"84","13933","18-Jan-26 23:30","Pickup / Drop","WELLGATE SERVICES LP,0, +44 7458 148608Anna Sharova - +7 996 256-83-56","10.000","0.000","10.000","0.000","Beyon Al Dana Amphitheatre","ibis Styles Manama Diplomatic Area","Sedan","","via","Wellgate Cancelled","                                                                        "
"85","13933","18-Jan-26 23:30","Pickup / Drop","WELLGATE SERVICES LP,0, +44 7458 148608Anna Sharova - +7 996 256-83-56","10.000","0.000","10.000","0.000","Beyon Al Dana Amphitheatre","ibis Styles Manama Diplomatic Area","Sedan","","via","Wellgate Cancelled","                                                                        "
"86","13932","18-Jan-26 18:30","Pickup / Drop","WELLGATE SERVICES LP,0, +44 7458 148608Anna Sharova - +7 996 256-83-56","10.000","0.000","10.000","0.000","ibis Styles Manama Diplomatic Area","Beyon Al Dana Amphitheatre","Sedan","","via","WellgateCancelled","                                                                        "
"87","13911","18-Jan-26 14:30","Pickup / Drop","Welcome pickups,, +306942521588Aline Biendarra - +491781472095","16.760","0.000","16.760","0.000","Sofitel Bahrain Zallaq Thalassa sea & spa, 105, Building 2015 ???? ??????? ????????","Beyon Al Dana Amphitheatre","Sedan","","hassan","Welcome pickupsCancelled","                                                                        "
"88","13936","18-Jan-26 07:30","Pickup / Drop","Afnan Ahmed,, +4917631577738 -","9.000","0.000","9.000","0.000","Reef","Saudi Arabia embassy","Sedan","","ali","Wanaan Cancelled","                                                                        "
"89","13892","14-Jan-26 15:00","Pickup / Drop","Majid Alshamsi,, +971527920000.  -","15.000","0.000","15.000","0.000","Four season hotel","Bahrain airport","Sedan","","hassan","WanaanCancelled","                                                                        "
"90","13715","13-Jan-26 12:00","Pickup / Drop","DayTrip,, 0NURIDDIN INDIAMINOV -","6.000","0.000","6.000","0.000","Park Regis Lotus Hotel","Bahrain Airport","Sedan","","via","daytripCancelled","                                                                        "
"91","13764","04-Jan-26 17:30","Pickup / Drop","Cash,,  -","0.000","0.000","0.000","0.000","Saar","Bahrain airport","SUV","","abbas1","Wanaan Cancelled","                                                                        "
"92","13767","04-Jan-26 17:00","Pickup / Drop","Cash,,  -","15.000","15.000","0.000","0.000","Bahrain","Bahrain","Sedan","abbas","abbas1","Wanaan Cancelled","                                                                        "
"93","13766","04-Jan-26 16:30","Pickup / Drop","Cash,,  -","15.000","15.000","0.000","0.000","Bahrain","Bahrain","Sedan","abbas","abbas1","Wanaan Cancelled","                                                                        "
"94","13680","04-Jan-26 15:30","Pickup / Drop","Afnan Ahmed,, +4917631577738 -","9.000","9.000","0.000","0.000","Saudi Arabia embassy","Reef","Sedan","","ali","Wanaan Cancelled","                                                                        "
"95","13679","04-Jan-26 07:30","Pickup / Drop","Afnan Ahmed,, +4917631577738 -","9.000","9.000","0.000","0.000","Reef","Saudi Arabia embassy","Sedan","","ali","Wanaan Cancelled","                                                                        "
"96","13737","04-Jan-26 01:00","Pickup / Drop","Mahmood Pine,, 37757774 -","40.000","0.000","40.000","0.000","Bahrain Airport","Khobar","Suv","","ali","Wanaan Cancelled","                                                                        "
"97","13742","03-Jan-26 02:00","Pickup / Drop","Bahrain Chauffeur ,0, +973 3306 2726 -","20.000","0.000","20.000","0.000","Alareen hotel","Juffair","Vito","","ali","Wanaan Cancelled","                                                                        "
"98","13741","02-Jan-26 20:00","Pickup / Drop","Bahrain Chauffeur ,0, +973 3306 2726 -","20.000","0.000","20.000","0.000","Juffair","Al areen hotel","Vito","","ali","Wanaan Cancelled","                                                                        "
"99","13728","01-Jan-26 14:00","Chauffeur","Shatha Abdulaziz ,, +966 53 698 9763.  -","55.000","0.000","55.000","0.000","Manama, https://maps.app.goo.gl/cFrA8jGTmur826Y38","4 hours","Sedan","","hassan","WanaanCancelled","                                                                        "
"100","13616","31-Dec-25 19:50","Pickup / Drop","WELLGATE SERVICES LP,0, +44 7458 148608Savushkin Oleg - +7 920 634-00-16","10.500","0.000","10.500","0.000","Bahrain airport GF13","Manama, Novotel Bahrain Al Dana Resort, 121 Sheikh? Shaikh Hamad Causeway","Sedan","","hassan","WELLGATE SERVICES LPCancelled","                                                                        "
"101","13615","31-Dec-25 19:00","Pickup / Drop","WELLGATE SERVICES LP,0, +44 7458 148608Salma Aljaber - +966 50 572 7470","10.500","0.000","10.500","0.000","Bahrain airport xy233","Manama, Blaire Executive Suites, Bahrain","Sedan","","hassan","WELLGATE SERVICES LPCancelled","                                                                        "
"102","13590","25-Dec-25 11:10","Pickup / Drop","Mohamed Albahar,. , +973 6690 9000.  -","35.000","0.000","35.000","0.000","Damam airport","Sanad","Sedan","","hassan","WanaanCancelled","                                                                        "
"103","13404","24-Dec-25 19:20","Pickup / Drop","WELLGATE SERVICES LP,0, +44 7458 148608Ashot Maryan - +7 985 923-91-91","27.000","0.000","27.000","0.000","Bahrain Airport GF 13","Four Seasons Hotel","BMW 7 Series","","via","WSSSCancelled","                                                                        "
"104","13599","23-Dec-25 21:15","Pickup / Drop","Pine Tree Limousine ,0, 33991922 -","10.000","0.000","10.000","0.000","Juffair","Reef","Sedan","","ali","Wanaan Cancelled","                                                                        "
"105","13499","20-Dec-25 07:45","Pickup / Drop","Braxtone Plus W.L.L,0, +968 9920 0984Ammar Alghawas  - 36777388","10.500","0.000","10.500","0.000","Hamad Town","Bahrain Airport","SUV","","via","BraxtoneCancelled","                                                                        "
"106","13278","19-Dec-25 05:00","Pickup / Drop","Braxtone Plus W.L.L,0, +968 9920 0984Layla Murad - 33831122","5.500","0.000","5.500","0.000","Sanad","Bahrain Airport","SUV","","hassan","BraxtoneCancelled","                                                                        "
"107","13522","17-Dec-25 21:00","Chauffeur","Cash,,  -","20.000","0.000","20.000","0.000","Bahrain","Bahrain","Sedan","","abbas1","Wanaan Cancelled","                                                                        "
"108","13443","17-Dec-25 08:00","Chauffeur","Liwa Trading Company W.L.L,. , 33654950 -","450.000","450.000","0.000","0.000","Awel airport","12 hours","Bmw 2025","","ali","Wanaan Cancelled","                                                                        "
"109","13437","15-Dec-25 09:00","Chauffeur","Techno Rubber Company,0, +966504287513N/A -","435.000","0.000","435.000","0.000","Bahrain","10 Hours Chauffeur","Sprinter 2017","","via","WanaanCancelled","                                                                        "
"110","13442","15-Dec-25 08:00","Chauffeur","Techno Rubber Company,0, +966504287513 -","400.000","0.000","400.000","0.000","Hotel","10 hours chauffuer drive including dammam and Khobar","Sprinter","","ali","Wanaan Cancelled","                                                                        "
"111","13461","13-Dec-25 15:00","Pickup / Drop","Majed Mohamed Al Qahtani ,, +966 50 414 4443.  -","50.000","0.000","50.000","0.000","Manama, Catamaran","Jubail","Ford Expedition","","hassan","WanaanCancelled","                                                                        "
"112","13394","10-Dec-25 10:00","Pickup / Drop","Mr Dawood Alhaddabi,0, +96892296450Munther Al-Rawahi -","15.000","0.000","15.000","0.000","Bahrain","Bahrain","Taurus","","via","WanaanCancelled","                                                                        "
"113","13393","09-Dec-25 09:00","Chauffeur","Mr Dawood Alhaddabi,0, +96892296450Munther Al-Rawahi -","100.000","0.000","100.000","0.000","Bahrain","12 hours","Taurus","","via","WanaanCancelled","                                                                        "
"114","13392","08-Dec-25 14:00","Chauffeur","Mr Dawood Alhaddabi,0, +96892296450Munther Al-Rawahi -","70.000","0.000","70.000","0.000","Bahrain","6 hours","Taurus","","via","WanaanCancelled","                                                                        "
"115","13235","06-Dec-25 23:00","Pickup / Drop","DayTrip,, 0 Denis Sabba -","26.000","0.000","26.000","0.000","Asdal Gulf Inn Boutique","Bahrain Airport","Vito","","via","daytripCancelled","                                                                        "
"116","13373","06-Dec-25 12:00","Pickup / Drop","Mahmood Pine,, 37757774 -","40.000","0.000","40.000","0.000","Isa town","Khobar","Suv","","ali","Wanaan Cancelled","                                                                        "
"117","12825","06-Dec-25 11:20","Pickup / Drop","WELLGATE SERVICES LP,0, +44 7458 148608SERGEI IVANOV - +7 916 523-59-06,+7 915 091-32-16","16.000","0.000","16.000","0.000","The Ritz-Carlton","Bahrain Airport","Lexus ES350","","via","Wellgate Services Cancelled","                                                                        "
"118","13341","06-Dec-25 11:00","Pickup / Drop","DayTrip,, 0Denis Sabba - +39415260936","26.000","0.000","26.000","0.000","Asdal Gulf Inn Boutique","Bahrain airport","Vito","","hassan","WanaanCancelled","                                                                        "
"119","13365","06-Dec-25 06:30","Pickup / Drop","Mahmood Pine,, 37757774 -","40.000","0.000","40.000","0.000","Khobar","Bahrain","Suv","","ali","Wanaan Cancelled","                                                                        "
"120","13262","05-Dec-25 23:00","Pickup / Drop","Welcome pickups,, +306942521588Alexander Kryukov - +79165102019","13.540","0.000","13.540","0.000","Manama, Grand Safir","Bahrain airport","Suv","","hassan","Welcome pickupsCancelled","                                                                        "
"121","12420","04-Dec-25 22:00","Pickup / Drop","WELLGATE SERVICES LP,0, +44 7458 148608ZAITSEV ANDREI - +7 936 201-11-11","16.000","0.000","16.000","0.000","Royal Saray Resort","Bahrain Airport","Lexus","","via","WellgateCancelled","                                                                        "
"122","13384","04-Dec-25 08:00","Chauffeur","Asry ,0, 0 -","200.000","0.000","200.000","0.000","Bahrain","8 hours","Bmw 2025","","ali","Wanaan Cancelled","                                                                        "
"123","13383","03-Dec-25 10:00","Chauffeur","Asry ,0, 0 -","120.000","0.000","120.000","0.000","Bahrain","4 Hours","Bmw 2025","","ali","Wanaan Cancelled","                                                                        "
"124","12419","02-Dec-25 19:30","Pickup / Drop","WELLGATE SERVICES LP,0, +44 7458 148608ZAITSEV ANDREI - +7 936 201-11-11","16.000","0.000","16.000","0.000","Bahrain Airport GF13","Royal Saray Hotel","Lexus","","via","WellgateCancelled","                                                                        "
"125","13141","02-Dec-25 14:30","Pickup / Drop","WELLGATE SERVICES LP,0, +44 7458 148608Osnovin Evgenii - +79126587676","10.500","0.000","10.500","0.000","Bahrain airport FZ021","Manama, BH, 1010 Sanabis 410 (Hotel: Ibis Seef Manama)","Sedan","","hassan","WELLGATE SERVICES LPCancelled","                                                                        "
"126","13234","28-Nov-25 06:00","Pickup / Drop","Yusuf Al Shamrani,, +966 54 302 4442.  -","45.000","0.000","45.000","0.000","Khobar-https://maps.app.goo.gl/gyGqedCgSHWovoZL7","Bahrain","Suv","","hassan","WanaanCancelled","                                                                        "
"127","13185","27-Nov-25 17:00","Pickup / Drop","Talal,, +96566977776Talal -","25.000","0.000","25.000","0.000","Bahrain Airport KU 615","The Diplomat Radisson Blu Hotel Residence & Spa","Vito","","via","WanaanCancelled","                                                                        "
"128","13219","26-Nov-25 14:45","Chauffeur","ABDUL AZIZ ,, +966559866644 -","90.000","0.000","90.000","0.000","Raffles Hotels & Resorts","12 hours","Sedan","","ali","WanaanCancelled","                                                                        "
"129","13067","25-Nov-25 19:15","Pickup / Drop","WELLGATE SERVICES LP,0, +44 7458 148608Helen Innemann -","6.400","0.000","6.400","0.000","Novotel Bahrain Al Dana Resort","Bahrain airport","Suv","","hassan","DaytripCancelled","                                                                        "
"130","13182","24-Nov-25 13:30","Pickup / Drop","Thabet Mohamed Ali Alsaied,, +971567292289. -","0.000","0.000","0.000","0.000","Onyx Rotana","Bahrain Airport","Suv XL","","hassan","wanaan Cancelled","                                                                        "
"131","13072","23-Nov-25 20:05","Pickup / Drop","DayTrip,, 0.  -","48.130","0.000","48.130","0.000","Bahrain airport","Khobar","Vito","","hassan","DaytripCancelled","                                                                        "
"132","13166","23-Nov-25 18:00","Pickup / Drop","World Seas Shipping Services W.L.L,6523, 77004681Valetyn -","90.000","0.000","90.000","0.000","Grand Safir hotel","Safaniya","SUV","","ali","Wanna Cancelled","                                                                        "
"133","13140","22-Nov-25 16:45","Pickup / Drop","WELLGATE SERVICES LP,0, +44 7458 148608Mrs. Hend Aldughither - +966555456711","10.500","0.000","10.500","0.000","Bahrain airport SV 520","Manama, Address Beach Resort Bahrain, Marassi Al Bahrain, Bahrain","Sedan","","hassan","WELLGATE SERVICES LPCancelled","                                                                        "
"134","13145","21-Nov-25 07:45","Pickup / Drop","Taher Makkiyah,, +97339600828. -","35.000","35.000","0.000","0.000","Ritz carlton","Cipriani Restaurant","Coaster","sohail","hassan","wanaan Cancelled","                                                                        "
"135","13065","20-Nov-25 16:00","Pickup / Drop","DayTrip,, 0Naif Alawais -","51.140","0.000","51.140","0.000","Damam, Anan Suites","Bahrain airport","Vito","","hassan","DaytripCancelled","                                                                        "
"136","12942","20-Nov-25 07:00","Pickup / Drop","WELLGATE SERVICES LP,0, +44 7458 148608YASAF HUSEYNOV - +994 50 222 58 88","16.000","0.000","16.000","0.000","The Ritz-Carlton","Bahrain Airport","Lexus ES350","","via","Wellgate Services Cancelled","                                                                        "
"137","13077","17-Nov-25 20:00","Pickup / Drop","Rahila ,, +96555229632 -","35.000","0.000","35.000","0.000","Bahrain Airport GF216","Hilton Khobar","Sedan","","ali","Wanaan Cancelled","                                                                        "
"138","12943","17-Nov-25 13:30","Pickup / Drop","WELLGATE SERVICES LP,0, +44 7458 148608YASAF HUSEYNOV - +994 50 222 58 88","16.000","0.000","16.000","0.000","Bahrain Airport","The Ritz-Carlton","Lexus ES350","","via","Wellgate Services Cancelled","                                                                        "
"139","13083","17-Nov-25 08:20","Pickup / Drop","Al Anood ,. , +973 3229 1312 -","12.000","0.000","12.000","0.000","Bahrain Airport","Hotel","Sedan","","ali","WanaanCancelled","                                                                        "
"140","13083","17-Nov-25 08:20","Pickup / Drop","Al Anood ,. , +973 3229 1312 -","12.000","0.000","12.000","0.000","Bahrain Airport","Hotel","Sedan","","ali","WanaanCancelled","                                                                        "
"141","12867","17-Nov-25 06:30","Pickup / Drop","WELLGATE SERVICES LP,0, +44 7458 148608Marat Polyakov - +7 919 784-18-80","20.000","0.000","20.000","0.000","The Ritz-Carlton","Bahrain Airport","Vito","","via","Wellgate Services Cancelled","                                                                        "
"142","13064","15-Nov-25 22:30","Pickup / Drop","WELLGATE SERVICES LP,0, +44 7458 148608Sokirko Ivan - +7 963 024-01-93","20.000","0.000","20.000","0.000","Novotel Bahrain Al Dana Resort, 121 Sheikh? Shaikh Hamad Causeway, Manama","Bahrain airport","BMW","","hassan","WELLGATE SERVICES LPCancelled","                                                                        "
"143","12948","15-Nov-25 13:30","Pickup / Drop","WELLGATE SERVICES LP,0, +44 7458 148608KIM Andrey - +7 916 104-13-63","30.000","0.000","30.000","0.000","Bahrain Airport GF505","Jumeirah Gulf Zallaq","Vito","","via","Wellgate Services Cancelled","                                                                        "
"144","12964","15-Nov-25 13:30","Pickup / Drop","WELLGATE SERVICES LP,0, +44 7458 148608KIM Andrey  -","30.000","0.000","30.000","0.000","Bahrain Airport GF505","Jumeirah Gulf Zallaq","Vito","","via","Wellgate Services Cancelled","                                                                        "
"145","12634","14-Nov-25 06:00","Chauffeur","Nouf ,, +966 53 317 2218.  -","90.000","0.000","90.000","0.000","Bahrain","Bahrain","Sedan","","hassan","WanaanCancelled","                                                                        "
"146","12866","13-Nov-25 19:20","Pickup / Drop","WELLGATE SERVICES LP,0, +44 7458 148608POLYAKOV MARAT - +7 919 784-18-80","16.000","0.000","16.000","0.000","Bahrain Airport","The Ritz-Carlton","Lexus ES350","","via","Wellgate Services Cancelled","                                                                        "
"147","12633","13-Nov-25 09:00","Chauffeur","Nouf ,, +966 53 317 2218.  -","90.000","0.000","90.000","0.000","Bahrain","Bahrain","Sedan","","hassan","WanaanCancelled","                                                                        "
"148","12987","12-Nov-25 20:30","Pickup / Drop","Petru Borta,, +33607388879.  -","45.000","45.000","0.000","0.000","Khobar, Olya Hilton Hotel","Bahrain airport","Suv XL","","hassan","WanaanCancelled","                                                                        "
"149","12632","12-Nov-25 09:00","Chauffeur","Nouf ,, +966 53 317 2218.  -","90.000","0.000","90.000","0.000","Bahrain","Bahrain","Sedan","","hassan","WanaanCancelled","                                                                        "
"150","12975","11-Nov-25 14:00","Pickup / Drop","World Seas Shipping Services W.L.L,6523, 77004681Adnan  -","15.000","0.000","15.000","0.000","Asry gate","Movenpick hotel","Suv","","ali","Wanaan Cancelled","                                                                        "
"151","12976","11-Nov-25 14:00","Pickup / Drop","World Seas Shipping Services W.L.L,6523, 77004681Gregory - Michael  -","15.000","0.000","15.000","0.000","Asry gate","Wyndham garden","Suv","","ali","Wanaan Cancelled","                                                                        "
"152","12631","11-Nov-25 09:00","Chauffeur","Nouf ,, +966 53 317 2218.  -","90.000","0.000","90.000","0.000","Bahrain","Bahrain","Sedan","","hassan","WanaanCancelled","                                                                        "
"153","12869","10-Nov-25 19:20","Pickup / Drop","WELLGATE SERVICES LP,0, +44 7458 148608???? ??????? - +7 912 197-75-60","16.000","0.000","16.000","0.000","Bahrain Airport","Novotel Bahrain Al Dana Resort","Lexus ES350","","via","Wellgate Services Cancelled","                                                                        "
"154","12630","10-Nov-25 09:00","Chauffeur","Nouf ,, +966 53 317 2218.  -","90.000","0.000","90.000","0.000","Bahrain","Bahrain","Sedan","","hassan","WanaanCancelled","                                                                        "
"155","12916","08-Nov-25 11:00","Pickup / Drop","Al Anood ,. , +973 3229 1312 -","80.000","0.000","80.000","0.000","Bahrain","6 hours","Sprinter","","ali","Wanaan Cancelled","                                                                        "
"156","12930","08-Nov-25 10:00","Chauffeur","Om Tameem,, +97455052627 -","0.000","0.000","0.000","0.000","Bahrain","5 hours","Suv","","ali","Wanaan Cancelled","                                                                        "
"157","12772","06-Nov-25 15:15","Pickup / Drop","WELLGATE SERVICES LP,0, +44 7458 148608Miss SUMAYA RADHWAN ALALI - +971 56 955 8959","16.000","0.000","16.000","0.000","Four Season Hotel","Bahrain Airport","Lexus","","via","WellgateCancelled","                                                                        "
"158","12821","01-Nov-25 13:30","Pickup / Drop","Hashtag Limo Company,1010966030, +966538494984 -","35.000","0.000","35.000","0.000","Wyndham grand","https://share.google/Cx6i3ww4uqYb1fdgw","Sedan","","ali","Wanaan Cancelled","                                                                        "
"159","12794","28-Oct-25 08:00","Pickup / Drop","Rose ,0, +966 54 992 2663 -","0.000","0.000","0.000","0.000","Riffa","Qatif","Suv","","ali","Wanaan Cancelled","                                                                        "
"160","12791","27-Oct-25 18:00","Pickup / Drop","Class world wide general trading LLC,, 38833775Ragovin -","28.000","0.000","28.000","0.000","Manama, Grand Safir","Massara, Al Khobar","Sedan","","hassan","WSSSCancelled","                                                                        "
"161","11179","27-Oct-25 12:20","Pickup / Drop","WELLGATE SERVICES LP,0, +44 7458 148608Molkov Albert - +7 977 867-67-40","10.500","0.000","10.500","0.000","Manama, BH, Muharraq, Road 5712, Building 1722, Block 257, Amwaj Islands (Hotel: Solymar Hotel & Beach)","Bahrain airport","Sedan","","hassan","WELLGATE SERVICES LPCancelled","                                                                        "
"162","12752","23-Oct-25 20:00","Pickup / Drop","Cash,,  -","50.000","0.000","50.000","0.000","Royal Saray","Duarrt albahrain","S500","geasy","ali","Wanaan Cancelled","                                                                        "
"163","12719","23-Oct-25 13:45","Pickup / Drop","Braxtone Plus W.L.L,0, +968 9920 098439953355 -","5.500","0.000","5.500","0.000","Saar","Bahrain Airport","Sedan","","via","WanaanCancelled","                                                                        "
"164","12711","22-Oct-25 15:00","Pickup / Drop","WELLGATE SERVICES LP,0, +44 7458 148608BOGUSLAVSKAYA KARINA - +7 903 968-38-93","27.000","0.000","27.000","0.000","Four Seasons Hotel Bahrain Bay","Bahrain Airport","BMW 7 Series","","via","Wellgate Services Cancelled","                                                                        "
"165","12708","20-Oct-25 14:15","Pickup / Drop","Latifah Al Hulaibah,, +966505821315 -","30.000","0.000","30.000","0.000","https://maps.google.com/?q=26.312563,50.183308","Royal university","Sedan","","ali","Wanaan Cancelled","                                                                        "
"166","12686","19-Oct-25 02:30","Pickup / Drop","Pine Tree Limousine ,0, 3399192238888825 -","15.000","0.000","15.000","0.000","Riffa","Bahrain Airport","Vito","","via","WanaanCancelled","                                                                        "
"167","12636","13-Oct-25 12:00","Pickup / Drop","World Seas Shipping Services W.L.L,6523, 77004681Mr Li yan - +966539750052","90.000","0.000","90.000","0.000","Jubail, wareef Compound","Causeway then wareef Compound","Sedan","","hassan","WanaanCancelled","                                                                        "
"168","12619","10-Oct-25 22:30","Pickup / Drop","Cash,, 33676757 -","20.000","20.000","0.000","0.000","Hidd","Riffa","Vito","","ali","Wanaan Cancelled","                                                                        "
"169","12618","10-Oct-25 18:15","Pickup / Drop","Cash,, 33676757 -","20.000","20.000","0.000","0.000","Riffa","Hidd","Vito","","ali","Wanaan Cancelled","                                                                        "
"170","12750","04-Oct-25 03:00","Pickup / Drop","Qassim Makhlooq ,0, +973 3846 7744 -","0.000","0.000","0.000","0.000","Bhhk","Kfc test","Sedan","","ali","Wanaan Cancelled","                                                                        "
"171","12528","02-Oct-25 11:00","Pickup / Drop","Via Castellano,0, 33301361N/A -","0.000","0.000","0.000","0.000","Bahrain Airport","Bahrain Airport","Sedan","","via","WanaanCancelled","                                                                        "
"172","12539","02-Oct-25 08:15","Pickup / Drop","Ally Car renta,, +918595106599Ms. Shweta Singh -","15.000","0.000","15.000","0.000","Bahrain airport GF561","Manam, Intercontinental Hotel","Sedan","","hassan","Ally car rental Cancelled","                                                                        "
"173","12498","28-Sep-25 08:30","Pickup / Drop","Saudi Marsol,0, +966547144918Mohammed Abdalla -","12.000","0.000","12.000","0.000","Bahrain Airport GF080","Dana moll","Sedan","","ali","Wanaan Cancelled","                                                                        "
"174","12446","21-Sep-25 10:45","Pickup / Drop","Pine Tree Limousine ,0, 33991922 -","15.000","0.000","15.000","0.000","Novotel Bahrain Al Dana Resort,","Awal Vip Terminal","SUV","","ali","WanaanCancelled","                                                                        "
"175","12425","18-Sep-25 12:00","Pickup / Drop","TIG Group,0, +97338163548 -","60.000","0.000","60.000","0.000","Zallaq expedition road","Saihat","SUV","","ali","WanaanCancelled","                                                                        "
"176","12425","18-Sep-25 12:00","Pickup / Drop","TIG Group,0, +97338163548 -","60.000","0.000","60.000","0.000","Zallaq expedition road","Saihat","SUV","","ali","WanaanCancelled","                                                                        "
"177","12424","18-Sep-25 08:00","Pickup / Drop","TIG Group,0, +97338163548 -","60.000","0.000","60.000","0.000","Saihat","Zallaq expedition road","SUV","","ali","WanaanCancelled","                                                                        "
"178","12335","14-Sep-25 10:00","Pickup / Drop","WELLGATE SERVICES LP,0, +44 7458 148608Evgenia/ +79151970797 -","20.000","0.000","20.000","0.000","Solymar hotel","Airport bh","Lexus ES350","","ali","Wanaan Cancelled","                                                                        "
"179","12390","13-Sep-25 22:30","Pickup / Drop","Khalid alharbi,, +966503076797 -","45.000","45.000","0.000","0.000","Manama,Juffair-https://maps.app.goo.gl/nhRU6AxHhk85uDtLA","Dammam Airport","Sedan","","hassan","wanaan Cancelled","                                                                        "
"180","12373","12-Sep-25 23:50","Pickup / Drop","Hanadi Al Malki ,, 32220361 -","50.000","5.000","45.000","0.000","Alhasa","Riffa, https://maps.app.goo.gl/QBQozMZSnt6NshkBA","Sedan","","hassan","WanaanCancelled","                                                                        "
"181","12372","12-Sep-25 18:00","Pickup / Drop","Hanadi Al Malki ,, 32220361.  -","50.000","50.000","0.000","0.000","Riffa, https://maps.app.goo.gl/QBQozMZSnt6NshkBA","Alhasa","Sedan","","hassan","WanaanCancelled","                                                                        "
"182","12383","12-Sep-25 07:00","Pickup / Drop","Hasan Makhlooq,, 39991869 -","0.000","0.000","0.000","0.000","Test","Test","BMW","","hassan","WanaanCancelled","                                                                        "
"183","12343","09-Sep-25 20:30","Pickup / Drop","Braxtone Plus W.L.L,0, +968 9920 0984Mohamed Aziz - 3438334","5.500","0.000","5.500","0.000","Madinat Isa","Muharraq","Sedan","","hassan","Braxtone Cancelled","                                                                        "
"184","12272","08-Sep-25 10:00","Chauffeur","Hashtag Limo Company,1010966030, +966538494984 -","240.000","0.000","240.000","0.000","Riyadh","3 days 10 hours","Suv","","ali","Wanaan Cancelled","                                                                        "
"185","12319","04-Sep-25 20:00","Pickup / Drop","Hussain Alghanmi,0, 33116393 -","30.000","0.000","30.000","0.000","Dmm airport","Bahrain","Sedan","","ali","Wanaan Cancelled","                                                                        "
"186","12216","28-Aug-25 18:00","Pickup / Drop","Fursan Travel,0, +966 59 781 7502Paul -","60.000","0.000","60.000","0.000","Manama","Khobar","BMW","","hassan","FurCancelled","                                                                        "
"187","12243","28-Aug-25 08:15","Pickup / Drop","WELLGATE SERVICES LP,0, +44 7458 148608	Mr. Abdullah Alsumait - +965 9993 9999","9,999,999.000","0.000","9,999,999.000","0.000","Bahrain airport GF212","Four Seasons Hotel Bahrain Bay, Bahrain","Vito","","hassan","WELLGATE SERVICES LPCancelled","                                                                        "
"188","12252","27-Aug-25 09:00","Pickup / Drop","Henry ,, +44 7474 278318 -","100.000","100.000","0.000","0.000","garnet building","Dammam +1hour round trib","SUV","FALAH2002","abbas1","WanaanCancelled","                                                                        "
"189","12215","25-Aug-25 19:30","Pickup / Drop","Ghalia Alfuraih,, +966563335545Paul -","240.000","0.000","240.000","0.000","Khobar","Manama","BMW","Yousifhm","hassan","Fursan TravelCancelled","                                                                        "
"190","12194","21-Aug-25 16:30","Pickup / Drop","Braxtone Plus W.L.L,0, +968 9920 0984mohamned - 39119222","5.500","0.000","5.500","0.000","block 1038","Bahrain Airport","Sedan","","via","BraxtoneCancelled","                                                                        "
"191","12059","20-Aug-25 07:00","Pickup / Drop","Qassim Makhlooq ,0, +973 3846 7744 -","0.000","0.000","0.000","0.000","sitra","Bahrain Airport","SUV XL","","via","WanaanCancelled","                                                                        "
"192","12193","19-Aug-25 12:00","Pickup / Drop","Saudi Marsol,0, +966547144918Andriy Sikorenko -","9,999,999.999","0.000","9,999,999.999","0.000","Sanabis,Dana Mall","Khobar","Sedan","","hassan","Saudi MarsolCancelled","                                                                        "
"193","12173","19-Aug-25 11:00","Pickup / Drop","Braxtone Plus W.L.L,0, +968 9920 0984Alyaa - 39402252","10.500","0.000","10.500","0.000","Sar - Building 1700","Bahrain airport","Suv","","hassan","BraxtoneCancelled","                                                                        "
"194","12140","14-Aug-25 21:30","Pickup / Drop","Welcome pickups,, +306942521588Sundus Rahim - +97338771913","9.850","0.000","9.850","0.000","2130 Kazerooni Heights-1 | Entrance 2030 Rd No 5717 Amwaj 0257 Amwaj, Bahrain","Bahrain airport","Sedan","","hassan","Welcome pickupsCancelled","                                                                        "
"195","12113","14-Aug-25 06:15","Pickup / Drop","WELLGATE SERVICES LP,0, +44 7458 148608Stepanenko -","9,999,999.000","0.000","9,999,999.000","0.000","Manama, The Diplomat Radisson Blu Hotel, Residence & Spa, Road 1701","Bahrain airport","BMW","","hassan","WELLGATE SERVICES LPCancelled","                                                                        "
"196","12116","12-Aug-25 09:30","Pickup / Drop","Customer,6588, 6544Mathew - 38498549","0.000","0.000","0.000","0.000","Tubli","Aali Mall Seef","Sedan","","via","QasimCancelled","                                                                        "
"197","12076","08-Aug-25 08:00","Pickup / Drop","Abdullah ,, 66665055 -","20.000","0.000","20.000","0.000","Riffa","Bahrain Airport","SUV","","ali","WanaanCancelled","                                                                        "
"198","11985","02-Aug-25 14:00","Pickup / Drop","Nourah aldawsari,, +966556774859 -","45.000","45.000","0.000","0.000","Vida hotel","Dammam","Sedan","hassand","ali","Wanaan Cancelled","                                                                        "
"199","11982","29-Jul-25 08:30","Pickup / Drop","Saudi Marsol,0, +966547144918Mohammed -","12.000","0.000","12.000","0.000","Bahrain Airport","Ibis Seef Hotel","Sedan","","via","WanaanCancelled","                                                                        "
"200","11543","16-Jul-25 03:50","Pickup / Drop","Bahrain Chauffeur ,0, +973 3306 2726MOHAMMED ALYAHYA -","70.000","0.000","70.000","0.000","Bahrain Airport Qr1116","AL MUNTAZAH DAMMAM","BMW","ajmal","abbas1","BAHRAIN CHUAFFERCancelled","                                                                        "
"201","11800","11-Jul-25 20:15","Pickup / Drop","TIG Group,0, +97338163548.  -","15.000","0.000","15.000","0.000","Bahrain airport TK8349","Manama, The Mirriot Hotel","Sedan","","hassan","WanaanCancelled","                                                                        "
"202","11742","10-Jul-25 11:00","Pickup / Drop","WELLGATE SERVICES LP,0, +44 7458 148608Ms. Shahad Abulainain - +966 50 686 7070","10.500","0.000","10.500","0.000","Bahrain airport SV-528","Manama, Four Seasons Hotel Bahrain Bay, Bahrain","Sedan","","hassan","WELLGATE SERVICES LPCancelled","                                                                        "
"203","11786","10-Jul-25 10:00","Pickup / Drop","Mathail Alsaleh,, +966 56 300 3402 -","30.000","0.000","30.000","0.000","Khobar","Four seasons","Suv","","ali","Wanaan Cancelled","                                                                        "
"204","11777","08-Jul-25 21:10","Pickup / Drop","Arabian Automobile Association(AAA),-, 0Jamal Saleh Aldoseri - 35555053","7.000","0.000","7.000","0.000","Bahrain airport GF178","Isa town","Sedan","","hassan","AAACancelled","                                                                        "
"205","11734","08-Jul-25 13:00","Pickup / Drop","Mohamed Al Moosa,, +966555922255 -","45.000","0.000","45.000","0.000","Khobar https://maps.app.goo.gl/zMhRUJ5DobD4FGva8","Airport bh","Suv","","ali","Wanaan Cancelled","                                                                        "
"206","11747","07-Jul-25 14:00","Pickup / Drop","WELLGATE SERVICES LP,0, +44 7458 148608Mr. Hisham Issa Alshehhi - +968 9923 0020","10.500","0.000","10.500","0.000","Manama, Swiss International Palace Hotel Manama, Gudaibiya Avenue, Road 333, Building 242, Block 321","Bahrain airport","Sedan","","hassan","WELLGATE SERVICES LPCancelled","                                                                        "
"207","11748","05-Jul-25 17:10","Pickup / Drop","WELLGATE SERVICES LP,0, +44 7458 148608Mr. Hisham Issa Alshehhi - +968 9923 0020","1.000","0.000","1.000","0.000","Bahrain airport G9103","Manama, Swiss International Palace Hotel Manama, Gudaibiya Avenue, Road 333, Building 242, Block 321","Sedan","","hassan","WELLGATE SERVICES LPCancelled","                                                                        "
"208","11733","04-Jul-25 21:00","Pickup / Drop","Saudi Marsol,0, +966547144918Tarek +201096864882 -","15.000","0.000","15.000","0.000","Bahrain Airport QR 1108","Asri gate","Sedan","","ali","Wanaan Cancelled","                                                                        "
"209","11413","04-Jul-25 07:05","Pickup / Drop","WELLGATE SERVICES LP,0, +44 7458 148608Kanta Vaghjiani - +44 7855 152839","9,999,999.999","0.000","9,999,999.999","0.000","Jumeirah Gulf of Bahrain Resort and Spa, Jazaer Beach, 1067? Zallaq, Bahrain","Bahrain airport","Sedan","","hassan","WELLGATE SERVICES LPCancelled","                                                                        "
"210","11732","03-Jul-25 02:10","Pickup / Drop","Saudi Marsol,0, +966547144918Maria +919843489916 / Arputharaja +917639704053 -","15.000","0.000","15.000","0.000","Bahrain Airport","Asri gate","Sedan","","ali","Wanaan Cancelled","                                                                        "
"211","11610","30-Jun-25 03:05","Pickup / Drop","Arabian Automobile Association(AAA),-, 0SAYED EBRAHIM ALALAWI 37777690 /00071222   -","7.000","0.000","7.000","0.000","Bahrain Airport QR1116","Sanad","SUV","","via","AAACancelled","                                                                        "
"212","11664","29-Jun-25 17:30","Pickup / Drop","Fursan Travel,0, +966 59 781 7502 -","60.000","0.000","60.000","0.000","Procco Bahrain","Grand hyatt hotel","Bmw","","ali","Wanaan Cancelled","                                                                        "
"213","11663","29-Jun-25 08:00","Pickup / Drop","Fursan Travel,0, +966 59 781 7502 -","60.000","0.000","60.000","0.000","Grand hayat Khobar","Procco Bahrain","Bmw","","ali","Wanaan Cancelled","                                                                        "
"214","11705","28-Jun-25 20:00","Pickup / Drop","Xatucho ,, +995599406128 -","40.000","40.000","0.000","0.000","The Mark hotel","Amaya compound Khobar","Sedan","","ali","Wanaan Cancelled","                                                                        "
"215","11622","28-Jun-25 19:05","Pickup / Drop","Sarah Jackson Brown,, +966508552433 -","50.000","50.000","0.000","0.000","Saar","Dammam Airport","SUV","","via","WanaanCancelled","                                                                        "
"216","11573","28-Jun-25 13:30","Pickup / Drop","WELLGATE SERVICES LP,0, +44 7458 148608Mr. Yasser Alyousef - +966 55 511 8551","10.500","0.000","10.500","0.000","Manama, Ramada Resort by Wyndham Manama Seef,","Bahrain airport","Sedan","","hassan","WELLGATE SERVICES LPCancelled","                                                                        "
"217","11606","28-Jun-25 13:30","Pickup / Drop","WELLGATE SERVICES LP,0, +44 7458 148608Mrs. Esraa Alsanea,Miss Layla Alshammaa +965 9417 1760/ +965 9417 1760 -","9.500","0.000","9.500","0.000","Central Bahrain, Lagoona Beach Luxury Resort And Spa, Entrance 26, Avenue 63 Block 555, Budaiya","Bahrain Airport","Sedan","","via","WanaanCancelled","                                                                        "
"218","11621","26-Jun-25 17:30","Pickup / Drop","Sarah Jackson Brown,, +966508552433 -","50.000","50.000","0.000","0.000","Dammam Airport","Saar","SUV","","via","WanaanCancelled","                                                                        "
"219","11607","26-Jun-25 08:15","Pickup / Drop","WELLGATE SERVICES LP,0, +44 7458 148608Mrs. Esraa Alsanea,Miss Layla Alshammaa +965 9417 1760 -","9.500","0.000","9.500","0.000","Bahrain Airport GF212","Central Bahrain, Lagoona Beach Luxury Resort And Spa, Entrance 26, Avenue 63 Block 555, Budaiya","Sedan","","via","WanaanCancelled","                                                                        "
"220","11662","26-Jun-25 08:00","Pickup / Drop","Fursan Travel,0, +966 59 781 7502 -","60.000","0.000","60.000","0.000","Four seasons","Grand hyatt hotel","Bmw","","ali","Wanaan Cancelled","                                                                        "
"221","11412","25-Jun-25 07:40","Pickup / Drop","WELLGATE SERVICES LP,0, +44 7458 148608Kanta Vaghjiani - +44 7855 152839","9,999,999.999","0.000","9,999,999.999","0.000","Bahrain airport GF57","Jumeirah Gulf of Bahrain Resort and Spa, Jazaer Beach, 1067? Zallaq, Bahrain","Sedan","","hassan","WELLGATE SERVICES LPCancelled","                                                                        "
"222","11658","24-Jun-25 21:30","Pickup / Drop","WELLGATE SERVICES LP,0, +44 7458 148608Shestopalov lrina +79030365649 -","10.000","0.000","10.000","0.000","The gove hotel amwaj","Airport bh","Sedan","","ali","Wanaan Cancelled","                                                                        "
"223","11630","24-Jun-25 19:40","Pickup / Drop","WELLGATE SERVICES LP,0, +44 7458 148608Ms. Luluh Alfehaid Phone:+966 50 598 1812 -","10.000","0.000","10.000","0.000","Bahrain Airport SV-522","Royal Saray Resort, Al seef","Sedan","","via","WanaanCancelled","                                                                        "
"224","11661","24-Jun-25 18:00","Pickup / Drop","Fursan Travel,0, +966 59 781 7502 -","60.000","0.000","60.000","0.000","Grand hayat Khobar","Bahrain","Bmw","","ali","Wanaan Cancelled","                                                                        "
"225","11659","24-Jun-25 15:45","Pickup / Drop","WELLGATE SERVICES LP,0, +44 7458 148608Ms.Mayan Qadi +966581919961 -","10.000","0.000","10.000","0.000","Bahrain Airport GF172","Wyndham Grand Manama","Sedan","","ali","Wanaan Cancelled","                                                                        "
"226","11675","24-Jun-25 07:20","Pickup / Drop","WELLGATE SERVICES LP,0, +44 7458 148608Ayba Diana - +7 968 724-77-33","10.500","0.000","10.500","0.000","Juffair, Hilton","Manama, https://maps.app.goo.gl/wCHGpAJrDGhBJ3PfA?g_st=ac","Sedan","","hassan","WELLGATE SERVICES LPCancelled","                                                                        "
"227","11666","23-Jun-25 14:00","Pickup / Drop","Saudi Marsol,0, +966547144918Denis Trofimliuk -","35.000","0.000","35.000","0.000","Ibis seef","Khobar","Sedan","","ali","Wanaan Cancelled","                                                                        "
"228","11572","21-Jun-25 21:30","Pickup / Drop","WELLGATE SERVICES LP,0, +44 7458 148608Anna Sokolova - +7 905 526-63-90","100,000.000","0.000","100,000.000","0.000","Sofitel Bahrain Zallaq Thalassa sea & spa, 105, Building 2015 ???? ??????? ????????","Bahrain airport","Sedan","","hassan","WELLGATE SERVICES LPCancelled","                                                                        "
"229","11620","20-Jun-25 21:30","Pickup / Drop","Rose Al Qatari,, +966 54 992 2663 -","50.000","50.000","0.000","0.000","Bahrain Airport","Qatif","Sedan","","via","WanaanCancelled","                                                                        "
"230","11645","20-Jun-25 20:00","Pickup / Drop","Rawan Al Shahwan,, +966 55 501 0606 -","80.000","0.000","80.000","0.000","The westin city centre","Dahran","Bmw","","ali","Wanaan Cancelled","                                                                        "
"231","11609","18-Jun-25 01:00","Pickup / Drop","Arabian Automobile Association(AAA),-, 0SAYED EBRAHIM ALALAWI / 37777690 /00071218   -","7.000","0.000","7.000","0.000","Sanad","Bahrain Airport","SUV","","via","AAACancelled","                                                                        "
"232","11588","15-Jun-25 19:00","Pickup / Drop","Christopher Royles,, +447977010990 -","60.000","60.000","0.000","0.000","Bahrain Airport GF0002","Crowne plaza Khobar","Bmw","","ali","Wanaan Cancelled","                                                                        "
"233","11597","13-Jun-25 22:55","Pickup / Drop","Jonathan Berron,, +966539376153.  -","130.000","130.000","0.000","0.000","Bahrain airport GF153","Riyadh","Sedan","","hassan","WanaanCancelled","                                                                        "
"234","11547","08-Jun-25 09:30","Chauffeur","qatari ,, +96459991097 -","60.000","60.000","0.000","0.000","Bahrain","Bahrain Airport","Sedan","","abbas1","WanaanCancelled","                                                                        "
"235","11542","08-Jun-25 01:00","Pickup / Drop","Mahmood Pine,, 37757774 -","15.000","0.000","15.000","0.000","https://rb.gy/hxguhy","Airport bh","Vito","","ali","Wanaan Cancelled","                                                                        "
"236","11434","05-Jun-25 17:00","Pickup / Drop","Pine Tree Limousine ,0, 33991922 -","15.000","0.000","15.000","0.000","Bahrain","Airport bh","Vito","","ali","Wanaan Cancelled","                                                                        "
"237","11489","05-Jun-25 03:30","Pickup / Drop","Mohammed Aljindan,, +966552226840 -","50.000","0.000","50.000","0.000","Damam-https://maps.app.goo.gl/82DqQLeUfqT6VFyT6","Bahrain airport","Suv","","hassan","WanaanCancelled","                                                                        "
"238","11428","04-Jun-25 21:00","Pickup / Drop","Arabian Automobile Association(AAA),-, 0Revelta Pereira -","7.000","0.000","7.000","0.000","Bahrain airport EY645","Um Alhassam","Sedan","","hassan","AAACancelled","                                                                        "
"239","11473","04-Jun-25 20:00","Pickup / Drop","Haitham Alkhalifa,, +966 53 001 5050.  -","40.000","0.000","40.000","0.000","Khobar - https://maps.app.goo.gl/oDKk1PnFqpnXF3as7?g_st=iw","Bahrain airport","Sedan","sali","hassan","WanaanCancelled","                                                                        "
"240","11432","26-May-25 20:15","Pickup / Drop","Pine Tree Limousine ,0, 33991922 -","10.000","0.000","10.000","0.000","Juffair","Reef","Sedan","","ali","Wanaan Cancelled","                                                                        "
"241","11399","26-May-25 15:25","Chauffeur","Om khaild ,, +97466001626 -","140.000","0.000","140.000","0.000","Bahrain Airport  QR1110","12 hours","SUV","","ali","WanaanCancelled","                                                                        "
"242","11431","26-May-25 14:30","Pickup / Drop","Qassim Makhlooq ,0, +973 3846 7744Test -","10.000","0.000","10.000","0.000","Test","Test","Test","alifuad","admin","TestCancelled","                                                                        "
"243","11400","24-May-25 21:00","Pickup / Drop","Rose Al Qatari,, +966 54 992 2663.  -","50.000","50.000","0.000","0.000","Bahrain","Qatif","Sedan","","hassan","WanaanCancelled","                                                                        "
"244","11217","22-May-25 15:48","Pickup / Drop","Qassim Makhlooq ,0, +973 3846 7744 -","50.000","0.000","50.000","0.000","Bahrain","home","Sedan","","qassim","wanaanCancelled","                                                                        "
"245","11360","22-May-25 00:10","Pickup / Drop","Cash,,  -","7.000","0.000","7.000","0.000","Bahrain Airport","Bahrain Airport","Sedan","","ali","WanaanCancelled","                                                                        "
"246","11303","17-May-25 14:00","Pickup / Drop","Khalid Eissa Bahrain,, +973 3835 9016 -","35.000","35.000","0.000","0.000","Budiya","Dmm airport","Sedan","","ali","Wanaan Cancelled","                                                                        "
"247","11316","14-May-25 21:30","Pickup / Drop","HAYA ,, +966559777439 -","35.000","35.000","0.000","0.000","marasi mall","Dammam","Sedan","","ali","WanaanCancelled","                                                                        "
"248","11282","12-May-25 18:30","Pickup / Drop","Sherif Mansour ,, +96656604743Asma - 36239999","35.000","35.000","0.000","0.000","Janabiya - https://maps.app.goo.gl/QSh9C42f5xXf5YzD9","Damam airport","Sedan","","hassan","WanaanCancelled","                                                                        "
"249","11242","12-May-25 13:00","Pickup / Drop","WELLGATE SERVICES LP,0, +44 7458 148608Glitty Paul - +971 5 09-13-67-11","10.500","0.000","10.500","0.000","Manama, Park Regis Lotus Hotel, Juffair, Bahrain, Building No 147, Avenue 22, Block 324, BH","Bahrain airport","Sedan","","hassan","WELLGATE SERVICES LPCancelled","                                                                        "
"250","11241","11-May-25 08:45","Pickup / Drop","WELLGATE SERVICES LP,0, +44 7458 148608Glitty Paul - +971 5 09-13-67-11","10.000","0.000","10.000","0.000","Bahrain airport EK 837","Manama, Park Regis Lotus Hotel, Juffair, Bahrain, Building No 147, Avenue 22, Block 324, BH","Sedan","","hassan","WellCancelled","                                                                        "
"251","11147","09-May-25 06:45","Pickup / Drop","Arabian Automobile Association(AAA),-, 0Ebrahim Abuhusain - 39777543","7.000","0.000","7.000","0.000","Bahrain airport TK-3292","home 1589- Road 4441- Block 444 Hillat","Sedan","","hassan","AAACancelled","                                                                        "
"252","11224","08-May-25 16:45","Pickup / Drop","WELLGATE SERVICES LP,0, +44 7458 148608Mr. Yazeed Alharbi - +966565066149","10.500","0.000","10.500","0.000","Bahrain airport SV-520","Manama, Gulf Hotel Bahrain, Road No 3801, Bahrain","Sedan","","hassan","WELLGATE SERVICES LPCancelled","                                                                        "
"253","11220","07-May-25 16:07","Pickup / Drop","Qassim Makhlooq ,0, +973 3846 7744 -","0.000","0.000","0.000","0.000","Bahrain","damaam","Sedan","","qassim","wanaanCancelled","                                                                        "
"254","11214","07-May-25 00:30","Pickup / Drop","Qassim Makhlooq ,0, +973 3846 7744Mohamed Family  -","0.000","0.000","0.000","0.000","Bahrain","Damam Railyway","Suv","","hassan","WanaanCancelled","                                                                        "
"255","11032","04-May-25 10:00","Pickup / Drop","Lets Go Bahrain,0, 0MS.VIJAYA RAJANI X 2 -","20.000","0.000","20.000","0.000","Crown plaza","Bahrain Airport","Mercedes Vito","","qassim","AhmedCancelled","                                                                        "
"256","11079","02-May-25 10:00","Chauffeur","Shaikha,0, +966557999104 -","120.000","0.000","120.000","0.000","Dammam","8 hours then dammam","SUV","","ali","WanaanCancelled","                                                                        "
"257","11146","02-May-25 05:00","Pickup / Drop","Arabian Automobile Association(AAA),-, 0Ebrahim Abuhusain - 39777543","7.000","0.000","7.000","0.000","home 1589- Road 4441- Block 444 Hillat","Bahrain airport","Sedan","","hassan","AAACancelled","                                                                        "
"258","11198","01-May-25 15:55","Pickup / Drop","Alim Alarab Tours and Travels,, 0966565847543 -","100.000","0.000","100.000","0.000","SOMKING","Bahrain","GMC Yukon 2025","","ali","WanaanCancelled","                                                                        "
"259","11128","01-May-25 15:00","Pickup / Drop","Pine Tree Limousine ,0, 33991922 -","15.000","0.000","15.000","0.000","Bahrain Airport","Rami grand hotel","SUV","","ali","WanaanCancelled","                                                                        "
"260","10812","30-Apr-25 08:53","Pickup / Drop","Via Castellano,0, 33301361 -","0.000","0.000","0.000","0.000","Bahrain","Bahrain","Sedan","","via","WanaanCancelled","                                                                        "
"261","11043","24-Apr-25 17:00","Pickup / Drop","World Seas Shipping Services W.L.L,6523, 77004681.  -","45.000","0.000","45.000","0.000","Juffair - Grand Safir","Wareef Compound compound","Suv","","hassan","WSSSCancelled","                                                                        "
"262","10957","23-Apr-25 08:00","Chauffeur","Konrad-Adenauer-Stiftung,, +962 (0)6 59 24 150 -","450.000","0.000","450.000","0.000","Riyadh","12 hours","Vito","","via","WanaanCancelled","                                                                        "
"263","10955","22-Apr-25 08:00","Chauffeur","Konrad-Adenauer-Stiftung,, +962 (0)6 59 24 150 -","450.000","0.000","450.000","0.000","Riyadh","14 hours","Vito","","via","WanaanCancelled","                                                                        "
"264","10952","21-Apr-25 17:00","Chauffeur","Konrad-Adenauer-Stiftung,, +962 (0)6 59 24 150 -","450.000","210.000","240.000","0.000","Riyadh","12 hours","Vito","","via","WanaanCancelled","                                                                        "
"265","10937","16-Apr-25 14:15","Pickup / Drop","Jess smith,, +44 7818 301085.  -","160.000","160.000","0.000","0.000","Bahrain airport EK837","Bahrain airport","BMW","","hassan","WanaanCancelled","                                                                        "
"266","10874","12-Apr-25 13:20","Pickup / Drop","WELLGATE SERVICES LP,0, +44 7458 148608Evgeny Taskaev - +7 965 4207989","10.500","0.000","10.500","0.000","Bahrain airport J9101","Belresidences Juffair, Building 232, Road, 22 Awal Ave","Sedan","","hassan","WELLGATE SERVICES LPCancelled","                                                                        "
"267","10696","10-Apr-25 18:00","Pickup / Drop","WELLGATE SERVICES LP,0, +44 7458 148608Mr. YU FUSATO - +965 6583 9413","10.500","0.000","10.500","0.000","Manama, Pars International","Bahrain airport","Sedan","","hassan","WanaanCancelled","                                                                        "
"268","10890","10-Apr-25 15:00","Chauffeur","Alsalam Bank ,, 0 -","1,750.000","0.000","1,750.000","0.000","Bahrain","Bahrain 3 days (12 hours)","Mercedes S Class","","via","WanaanCancelled","                                                                        "
"269","10988","10-Apr-25 13:28","Chauffeur","Al Salam Bank,0, 37777139 -","1,750.000","0.000","1,750.000","0.000","Bahrain","12 hours","S500","","ali","Wanaan Cancelled","                                                                        "
"270","10695","08-Apr-25 12:40","Pickup / Drop","WELLGATE SERVICES LP,0, +44 7458 148608Mr. YU FUSATO - +965 6583 9413","10.500","0.000","10.500","0.000","Bahrain airport GF214","Manama, Pars International","Sedan","","hassan","WELLGATE SERVICES LPCancelled","                                                                        "
"271","10828","07-Apr-25 09:30","Pickup / Drop","Jowaher Alqahtani,, +966551998008 -","45.000","45.000","0.000","0.000","Dammam","Bahrain","Taurus","","ali","Wanaan Cancelled","                                                                        "
"272","10726","04-Apr-25 09:38","Pickup / Drop","Travel Mate,32, +973 3964 2445.  -","100.000","0.000","100.000","0.000","Doha","Khobar","New Suv","","hassan","Travel mateCancelled","                                                                        "
"273","10724","01-Apr-25 13:00","Pickup / Drop","Travel Mate,32, +973 3964 2445.  -","100.000","0.000","100.000","0.000","Khobar","Doha","New Suv","","hassan","Travel mateCancelled","                                                                        "
"274","10737","01-Apr-25 12:30","Pickup / Drop","Mohand alharbi,, +966544424009 -","30.000","0.000","30.000","0.000","Bahrain","Khobar","Sedan","","ali","Wanaan Cancelled","                                                                        "
"275","10738","01-Apr-25 12:30","Pickup / Drop","Mohand alharbi,, +966544424009 -","45.000","0.000","45.000","0.000","Bahrain","Dmm airport","Sedan","","ali","Wanaan Cancelled","                                                                        "
"276","10736","31-Mar-25 18:20","Pickup / Drop","Mohand alharbi,, +966544424009 -","30.000","0.000","30.000","0.000","Khobar","Bahrain","Sedan","","ali","Wanaan Cancelled","                                                                        "
"277","10662","28-Mar-25 14:30","Pickup / Drop","WELLGATE SERVICES LP,0, +44 7458 148608Mr fahad alanazi - +966 53 932 9269","10.500","0.000","10.500","0.000","Bahrain airport FZ 21","Hamala","Sedan","","hassan","IwayCancelled","                                                                        "
"278","10657","27-Mar-25 08:00","Pickup / Drop","World Seas Shipping Services W.L.L,6523, 77004681Zhang Mingxi - 0535601905","90.000","0.000","90.000","0.000","Wareef compound jubail","Round tirp","Sedan","","ali","Wanaan Cancelled","                                                                        "
"279","10697","27-Mar-25 01:00","Pickup / Drop","WELLGATE SERVICES LP,0, +44 7458 148608Hamed Saeed Madan - 39454940","7.000","0.000","7.000","0.000","North sehla","Bahrain airport","Sedan","","hassan","AAACancelled","                                                                        "
"280","10685","25-Mar-25 10:00","Chauffeur","Muhammad Ahmed,, +2347044257920 -","120.000","0.000","120.000","0.000","Sheraton hotel","8 hours","Nissan patrol","","ali","Wanaan Cancelled","                                                                        "
"281","10664","20-Mar-25 14:00","Pickup / Drop","Qassim Makhlooq ,0, +973 3846 7744test -","40.000","0.000","40.000","0.000","Juffair office","Home","SUV","alifuad","qassim","QassimCancelled","                                                                        "
"282","10645","16-Mar-25 23:55","Pickup / Drop","Pine Tree Limousine ,0, 33991922 -","15.000","0.000","15.000","0.000","Bahrain Airport","Jardab and hamad town","Suv","","ali","Wanaan Cancelled","                                                                        "
"283","10638","16-Mar-25 13:00","Pickup / Drop","Sarah Al Shammasi,, +966504143083 -","45.000","45.000","0.000","0.000","Amwaj","Dmm airport","Sedan","","ali","Wanaan Cancelled","                                                                        "
"284","10582","07-Mar-25 23:00","Pickup / Drop","Farah Omar,, +966 55 116 2278.  -","30.000","30.000","0.000","0.000","Bahrain","Aramco Dahran","Sedan","","hassan","WanaanCancelled","                                                                        "
"285","10581","07-Mar-25 16:00","Pickup / Drop","Farah Omar,, +966 55 116 2278.  -","30.000","0.000","30.000","0.000","Aramco Daharan","Bahrain","Sedan","","hassan","WanaanCancelled","                                                                        "
"286","10577","05-Mar-25 13:00","Pickup / Drop","Mahmood Pine,, 37757774 -","10.000","0.000","10.000","0.000","Hotel","Dana Mall","Sedan","","ali","WanaanCancelled","                                                                        "
"287","10575","04-Mar-25 14:14","Pickup / Drop","Mahmood Pine,, 37757774 -","10.000","0.000","10.000","0.000","Pars hotel","Dana Mall","Sedan","","ali","WanaanCancelled","                                                                        "
"288","10574","04-Mar-25 13:00","Pickup / Drop","Mahmood Pine,, 37757774 -","10.000","0.000","10.000","0.000","Restaurant juffair","pars hotel","Sedan","","ali","WanaanCancelled","                                                                        "
"289","10537","01-Mar-25 15:00","Pickup / Drop","Ahmad Tariq,, 66752665 -","45.000","45.000","0.000","0.000","Dammam","Qalali","Sedan","","ali","WanaanCancelled","                                                                        "
"290","10499","28-Feb-25 12:00","Chauffeur","Mustafa Rafeeq,, +966558997341 -","95.000","0.000","95.000","0.000","Bahrain","12 hours","Sedan","","ali","Wanaan Cancelled","                                                                        "
"291","10463","26-Feb-25 11:45","Pickup / Drop","Ashford golden ,, 38287503 -","45.000","0.000","45.000","0.000","Hiltan Bahrain","Dammam","Sedan","","ali","Wanaan Cancelled","                                                                        "
"292","10437","23-Feb-25 08:00","Chauffeur","Ashwheelz prime ,, +966593239524 -","300.000","0.000","300.000","0.000","Dammam","24 hours","Vito","","ali","Wanaan Cancelled","                                                                        "
"293","10447","22-Feb-25 16:50","Pickup / Drop","Nadya Hussain ,, +966505864708 -","35.000","35.000","0.000","0.000","https://maps.app.goo.gl/PBq9ri62met3Wq6bA","Khobar","Sedan","","abbas1","Wanaan Cancelled","                                                                        "
"294","10436","22-Feb-25 16:00","Chauffeur","Ashwheelz prime ,, +966593239524 -","300.000","0.000","300.000","0.000","Dammam","24 hours","Vito","","ali","Wanaan Cancelled","                                                                        "
"295","10422","20-Feb-25 17:00","Pickup / Drop","Omar Alnaem,, +966553222785 -","150.000","0.000","150.000","0.000","Apmurooj already","Solyamar hotel","SUV","","abbas1","WanaanCancelled","                                                                        "
"296","10416","20-Feb-25 08:00","Pickup / Drop","Mahmood Pine,, 37757774+973 3998 0900 - +973 3998 0900","160.000","0.000","160.000","0.000","https://maps.app.goo.gl/yiTq6hVisgHYt3XP9","Doha","Vito","","ali","Mahmood Cancelled","                                                                        "
"297","10373","20-Feb-25 03:30","Pickup / Drop","Welcome pickups,, +306942521588Fabrrizio Valenti  - +393341893053","17.650","0.000","17.650","0.000","Bahrain airport  EK 835","S Hotel","Suv","","hassan","welcome pickupsCancelled","                                                                        "
"298","10357","19-Feb-25 13:20","Pickup / Drop","Welcome pickups,, +306942521588Naveen Sabharwal - +447739896622","9.500","0.000","9.500","0.000","Bahrain Airport GF505","Salman Industrial Hidd","Sedan","","via","welcome pick upCancelled","                                                                        "
"299","10382","19-Feb-25 08:10","Pickup / Drop","Welcome pickups,, +306942521588Naveen Sabharwal - +447739896622","12.190","0.000","12.190","0.000","Bahrain airport GF","Salman industrial city","Sedan","","hassan","Welcome pickupsCancelled","                                                                        "
"300","10410","18-Feb-25 08:30","Chauffeur","Pine Tree Limousine ,0, 33991922 -","100.000","0.000","100.000","0.000","Bahrain","8 hours","bmw","","ali","mahmood Cancelled","                                                                        "
"301","10443","18-Feb-25 08:00","Chauffeur","General Sports Authority,, +973 3653 0076 -","100.000","0.000","100.000","0.000","Manama","8 hours","Bmw","","ali","Wanaan Cancelled","                                                                        "
"302","10442","17-Feb-25 08:30","Chauffeur","General Sports Authority,, +973 3653 0076 -","100.000","0.000","100.000","0.000","Manama","8 hours","Bmw","","ali","Wanaan Cancelled","                                                                        "
"303","10314","16-Feb-25 12:30","Pickup / Drop","Mahmood Pine,, 37757774 -","15.000","0.000","15.000","0.000","Hotel","Airport","Vito","","ali","WanaanCancelled","                                                                        "
"304","10324","15-Feb-25 16:00","Pickup / Drop","Maha Buftain,, +919821690092. -","35.000","35.000","0.000","0.000","Bahrain airport  Ku615-Welcome signboard","Laquna Beach Resort","vito","","hassan","WanaanCancelled","                                                                        "
"305","10331","13-Feb-25 10:00","Chauffeur","Lamia Al shareef ,, +966 50 004 2933.  -","100.000","0.000","100.000","0.000","Vida Marrasi","Vida Marrasi","Vito","","hassan","WanaanCancelled","                                                                        "
"306","10354","12-Feb-25 17:00","Pickup / Drop","World Seas Shipping Services W.L.L,6523, 77004681.  -","50.000","0.000","50.000","0.000","Ibis hotel @Sanabis","Wareef Compound","Sedan","","hassan","WSSSCancelled","                                                                        "
"307","10331","12-Feb-25 12:00","Chauffeur","Lamia Al shareef ,, +966 50 004 2933 -","75.000","75.000","0.000","0.000","Vida hotel","5 hours","Vito","","ali","Wanaan Cancelled","                                                                        "
"308","10330","12-Feb-25 10:00","Chauffeur","Lamia Al shareef ,, +966 50 004 2933.  -","100.000","100.000","0.000","0.000","Vida Marrasi","Vida Marrasi","Vito","","hassan","WanaanCancelled","                                                                        "
"309","10266","12-Feb-25 07:00","Chauffeur","Singapore Embassy ,967, +966114803855 -","160.000","0.000","160.000","0.000","Bahrain","10 Hours","HiAce New Model","","ali","WanaanCancelled","                                                                        "
"310","10330","11-Feb-25 16:30","Pickup / Drop","Lamia Al shareef ,, +966 50 004 2933 -","60.000","60.000","0.000","0.000","Dammam train station","Vida hotel","Vito","","ali","Wanaan Cancelled","                                                                        "
"311","10265","11-Feb-25 12:45","Chauffeur","Singapore Embassy ,967, +966114803855 -","160.000","0.000","160.000","0.000","Bahrain Airport GF 214","10 hours","HiAce New Model","","ali","WanaanCancelled","                                                                        "
"312","10308","11-Feb-25 02:00","Pickup / Drop","Mahmood Pine,, 37757774 -","15.000","0.000","15.000","0.000","Airport","Hotel","Vito","","ali","WanaanCancelled","                                                                        "
"313","10318","10-Feb-25 22:38","Chauffeur","Mahmood Pine,, 37757774 -","0.000","0.000","0.000","0.000","Asri","Chauffeur","Vito","","ali","Wanaan Cancelled","                                                                        "
"314","10319","10-Feb-25 22:38","Chauffeur","Mahmood Pine,, 37757774 -","0.000","0.000","0.000","0.000","Asri","Chauffeur","Vito","","ali","Wanaan Cancelled","                                                                        "
"315","10317","10-Feb-25 22:37","Chauffeur","Mahmood Pine,, 37757774 -","0.000","0.000","0.000","0.000","Asri","Chauffeur","Vito","","ali","Wanaan Cancelled","                                                                        "
"316","10293","08-Feb-25 21:00","Pickup / Drop","Waleed Alhedaithy,0, +97332052800 -","45.000","45.000","0.000","0.000","Muharraq","Dammam Airport","Sedan","","ali","WanaanCancelled","                                                                        "
"317","10213","08-Feb-25 07:20","Pickup / Drop","Welcome pickups,, +306942521588Ronald Andrew - +447801760521","8.700","0.000","8.700","0.000","Wyndham garden juffair","Bahrain Airport","Sedan","","abbas1","WanaanCancelled","                                                                        "
"318","10275","08-Feb-25 01:05","Pickup / Drop","Arabian Automobile Association(AAA),-, 0Asma Hussain  -","7.000","0.000","7.000","0.000","Bahrain airport TK778","Bldg 1718, road 5355, block 353 Burhama","Sedan","","hassan","AAACancelled","                                                                        "
"319","10063","06-Feb-25 16:30","Pickup / Drop","Al Anood ,. , +973 3229 1312. - .","35.000","0.000","35.000","0.000","Amwaj","Damam airport","Sedan","","hassan","Al AnoodCancelled","                                                                        "
"320","10239","06-Feb-25 12:00","Chauffeur","Prima Tourist Transportation and Car Rental Co W.L.L ,0, +973 3300 4473.  -","140.000","0.000","140.000","0.000","Bahrain","Bahrain","Vito - One door","","hassan","PrimaCancelled","                                                                        "
"321","10123","03-Feb-25 15:00","Pickup / Drop","Husain AlShehabi,, +971554480520 -","15.000","15.000","0.000","0.000","Sanad","Bahrain Airport","SUV","","ali","WanaanCancelled","                                                                        "
"322","10216","01-Feb-25 02:00","Pickup / Drop","Maryam,, +966569144711 -","35.000","35.000","0.000","0.000","Bahrain","Al khobar","Sedan","","abbas1","WanaanCancelled","                                                                        "
"323","10192","30-Jan-25 15:35","Pickup / Drop","Malak Naif,, ?+966 54 045 7866? -","45.000","0.000","45.000","0.000","Sheraton dammam","Address hotel","Sedan","","ali","WanaanCancelled","                                                                        "
"324","9960","29-Jan-25 23:50","Pickup / Drop","WELLGATE SERVICES LP,0, +44 7458 148608Sunkar Telegenov 8932 - +7 701 875 1595","8.000","0.000","8.000","0.000","Le Méridien City Centre","Bahrain Airport","Sedan","","via","IwayCancelled","                                                                        "
"325","10132","29-Jan-25 20:25","Pickup / Drop","Bahrain Tourism and Exhibitions Authority(BTEA),, 17508916 Ms. Hitasha Reina Chandnani/Mr. Kishan Patel -","15.000","0.000","15.000","0.000","Al Areen Raffles","Bahrain airport","Suv","","hassan","BTEACancelled","                                                                        "
"326","9829","29-Jan-25 18:00","Pickup / Drop","Mohammed kudir Customer,, +973 3383 4179 -","40.000","0.000","40.000","0.000","Fours Season","Bahrain Airport","2 Vito","","via","WanaanCancelled","                                                                        "
"327","10131","29-Jan-25 14:45","Pickup / Drop","Bahrain Tourism and Exhibitions Authority(BTEA),, 17508916 Ms. Hitasha Reina Chandnani/Mr. Kishan Patel -","15.000","0.000","15.000","0.000","Royal Saraya","Al Areen Raffles","Suv","","hassan","BTEACancelled","                                                                        "
"328","10096","29-Jan-25 13:00","Pickup / Drop","Dina Rostom,0, +966566706676 -","55.000","55.000","0.000","0.000","Dammam Airport","bahrain","vito","","abbas1","WanaanCancelled","                                                                        "
"329","9959","26-Jan-25 16:20","Pickup / Drop","WELLGATE SERVICES LP,0, +44 7458 148608Sunkar Telegenov 8931 - +7 701 875 1595","8.000","0.000","8.000","0.000","Bahrain Airport EK 839","Le Méridien City Centre","Sedan","","via","IwayCancelled","                                                                        "
"330","10083","26-Jan-25 10:00","Pickup / Drop","Mohamed Albahar,. , +973 6690 9000 -","45.000","45.000","0.000","0.000","Sanad","Dammam Hospital then dmm airport","Sedan","","ali","WanaanCancelled","                                                                        "
"331","10051","25-Jan-25 19:00","Pickup / Drop","WELLGATE SERVICES LP,0, +44 7458 148608HANY ALSADOON/15472 - +966 54 635 0405","8.000","0.000","8.000","0.000","Bahrain Airport XY-233","The Diplomat Radisson Blu","Sedan","","via","IwayCancelled","                                                                        "
"332","10117","25-Jan-25 19:00","Pickup / Drop","WELLGATE SERVICES LP,0, +44 7458 148608Mr Hany Alsadoon - +966 54 635 0405","1,000,000.000","0.000","1,000,000.000","0.000","Bahrain airport XY233","Diplomat Radisson Blu Hotel, Residence & Spa,","Sedan","","hassan","IwayCancelled","                                                                        "
"333","9865","25-Jan-25 10:00","Chauffeur","Mohammed kudir Customer,, +973 3383 4179+96597527777 -","220.000","0.000","220.000","0.000","Four Seasons Hotel","9 HOURS THEN 1 SUV DROP TO AIRPORT","Vito + SUV","","ali","WanaanCancelled","                                                                        "
"334","9792","25-Jan-25 06:15","Pickup / Drop","WELLGATE SERVICES LP,0, +44 7458 148608Ulyana Nichveeva - +7 903 722-34-19","20.000","0.000","20.000","0.000","Hilton Garden Inn Bahrain Bay","Bahrain Airport","Vito","","via","Iway Cancelled","                                                                        "
"335","9978","24-Jan-25 16:20","Pickup / Drop","Bahrain Tourism and Exhibitions Authority(BTEA),, 17508916 Snehal Patel / Jagruti Patel -","9.000","0.000","9.000","0.000","Bahrain Airport EK0839","Raffles Al Areen","Sedan","","ali","BTEACancelled","                                                                        "
"336","9957","22-Jan-25 08:15","Pickup / Drop","WELLGATE SERVICES LP,0, +44 7458 148608Alaa saud alzuman 8682 - +966 50 820 5050","8.000","0.000","8.000","0.000","Bahrain Airport GF 162","Four Seasons Hotel Bahrain Bay","Sedan","","via","I wayCancelled","                                                                        "
"337","9975","22-Jan-25 08:15","Pickup / Drop","WELLGATE SERVICES LP,0, +44 7458 148608Mr Abdulrahman Almutairi - +966 58 215 2152","8.000","0.000","8.000","0.000","Bahrain Airport GF162","Pearl House Real Estate Karbabad","Sedan","","via","IwayCancelled","                                                                        "
"338","10004","22-Jan-25 08:00","Pickup / Drop","WELLGATE SERVICES LP,0, +44 7458 148608Bykova Marina 13080 - +7 926 697-17-06","8.000","0.000","8.000","0.000","Wyndham Grand","Bahrain Airport","Sedan","","via","IwayCancelled","                                                                        "
"339","9871","20-Jan-25 00:20","Pickup / Drop","Welcome pickups,, +306942521588James Messham - +447802509533","34.170","0.000","34.170","0.000","Bahrain airport","Sofitel Al Khobar the corniche","Sedan","","hassan","welcome pickupsCancelled","                                                                        "
"340","10035","19-Jan-25 14:00","Chauffeur","Hashtag Limo Company,1010966030, +966538494984 -","160.000","0.000","160.000","0.000","Hayatt Grand","12 hours","Bmw","","ali","Hashtag Cancelled","                                                                        "
"341","9974","18-Jan-25 21:00","Pickup / Drop","Welcome pickups,, +306942521588Omar Nasser - +201277374701","17.370","0.000","17.370","0.000","Le Merdian city center","Bahrain airport","Sedan","","hassan","Welcome pickupsCancelled","                                                                        "
"342","9993","17-Jan-25 12:30","Pickup / Drop","Farhat Company,, 0 -","12.000","0.000","12.000","0.000","Sofitel Zallaq","Bahrain Airport","SUV","","via","WanaanCancelled","                                                                        "
"343","9994","17-Jan-25 12:30","Pickup / Drop","Farhat Company,, 0 -","12.000","0.000","12.000","0.000","Sofitel Zallaq","Bahrain Airport","SUV","","via","WanaanCancelled","                                                                        "
"344","9995","17-Jan-25 12:30","Pickup / Drop","Farhat Company,, 0 -","12.000","0.000","12.000","0.000","Sofitel Zallaq","Bahrain Airport","SUV","","via","WanaanCancelled","                                                                        "
"345","9996","17-Jan-25 12:30","Pickup / Drop","Farhat Company,, 0 -","12.000","0.000","12.000","0.000","Sofitel Zallaq","Bahrain Airport","SUV","","via","WanaanCancelled","                                                                        "
"346","9936","16-Jan-25 22:45","Pickup / Drop","Bahrain Tourism and Exhibitions Authority(BTEA),, 17508916 Hala Bahrain/Shashi Singal Tanya Garg Manya Garg -","15.000","0.000","15.000","0.000","Bahrain Airport 6E1201","Royal Saray","SUV","","ali","BTEACancelled","                                                                        "
"347","10000","16-Jan-25 18:00","Pickup / Drop","Islam Taha,, +966 55 507 8146 -","45.000","0.000","45.000","0.000","Manama","Dammam","Sedan","abdullaa","via","WanaanCancelled","                                                                        "
"348","9747","13-Jan-25 15:00","Pickup / Drop","Jenan Real Estate Company,, +966 57 0032113   5 Pax -","50.000","50.000","0.000","0.000","Al Rashid Building, Khobar","Bahrain Airport","Vito","","via","EmailCancelled","                                                                        "
"349","9774","13-Jan-25 15:00","Pickup / Drop","Jenan Real Estate Company,, +966 57 0032113   Eng. Ahmed Sabor  -","50.000","0.000","50.000","0.000","Al Rashid Building, Khobar","Bahrain Airport","Vito","","via","EmailCancelled","                                                                        "
"350","9867","13-Jan-25 13:50","Pickup / Drop","Welcome pickups,, +306942521588Saeed A Alghamdi - +966555883706","37.000","0.000","37.000","0.000","Bahrain Airport KU 613","Dammam","Sedan","","ali","WanaanCancelled","                                                                        "
"351","9746","13-Jan-25 11:00","Pickup / Drop","Jenan Real Estate Company,, +966 57 0032113   5 Pax -","50.000","50.000","0.000","0.000","Grand Hyatt, Khobar","Al Rashid Building, Khobar","Vito","","via","EmailCancelled","                                                                        "
"352","9773","13-Jan-25 11:00","Pickup / Drop","Jenan Real Estate Company,, +966 57 0032113   Eng. Ahmed Sabor  -","50.000","0.000","50.000","0.000","Grand Hyatt Khobar","Al Rashid Building, Khobar","Vito","","via","EmailCancelled","                                                                        "
"353","9850","13-Jan-25 08:00","Chauffeur","Bahraini German International Services,123456, +973 3644 2626 -","60.000","0.000","60.000","0.000","khalifa prot","6 hours","haice","","ali","WanaanCancelled","                                                                        "
"354","9692","12-Jan-25 23:00","Pickup / Drop","Bahrain Tourism and Exhibitions Authority(BTEA),, 17508916 Sunit,anish -","9.000","0.000","9.000","0.000","Royal Saray","Bahrain Airport","Sedan","","ali","BTEACancelled","                                                                        "
"355","9730","10-Jan-25 10:45","Pickup / Drop","Bahrain Tourism and Exhibitions Authority(BTEA),, 17508916 Amit,Alpha,Anika, -","17.000","0.000","17.000","0.000","Royal Saray","Bahrain Airport","Vito","","via","BTEACancelled","                                                                        "
"356","9767","09-Jan-25 16:30","Pickup / Drop","Helmi Chaaban,0, +966545513462 -","15.000","15.000","0.000","0.000","Adur https://maps.google.com/?q=25.871019,50.586479","Bahrain Airport","Sedan","","via","WanaanCancelled","                                                                        "
"357","9756","07-Jan-25 15:30","Pickup / Drop","Husain AlShehabi,, +971554480520.  -","15.000","0.000","15.000","0.000","A'Ali - King Hamad American Hospital","Bahrain airport","Suv","ajaber","hassan","WanaanCancelled","                                                                        "
"358","9571","30-Dec-24 19:00","Pickup / Drop","WELLGATE SERVICES LP,0, +44 7458 148608Mr.Nawaf Al Malki - +966531183750","1.000","0.000","1.000","0.000","Bahrain airport XY233","Ramada Resort by wyndham Seef","Sedan","","hassan","Iway Cancelled","                                                                        "
"359","9460","30-Dec-24 05:45","Pickup / Drop","Lets Go Bahrain,0, 0 -","50.000","0.000","50.000","0.000","Elite","Bahrain Airport","Coach","aanood","via","Lets Go Bahrain Cancelled","                                                                        "
"360","9320","29-Dec-24 22:05","Pickup / Drop","World Seas Shipping Services W.L.L,6523, 77004681Rithesh/684040 - 38376397","7.000","0.000","7.000","0.000","Bahrain Airport IX789","Adliya","Sedan","","via","WSSSCancelled","                                                                        "
"361","9459","29-Dec-24 00:30","Pickup / Drop","Lets Go Bahrain,0, 0 -","100.000","0.000","100.000","0.000","Four Seasons Hotel","Elite","2 Coach","aanood","via","Lets Go Bahrain Cancelled","                                                                        "
"362","9458","28-Dec-24 07:45","Pickup / Drop","Lets Go Bahrain,0, 0 -","50.000","0.000","50.000","0.000","Elite","Four Season Hotel","Coach","aanood","via","Lets Go Bahrain Cancelled","                                                                        "
"363","9457","28-Dec-24 07:40","Pickup / Drop","Lets Go Bahrain,0, 0 -","50.000","0.000","50.000","0.000","Elite","Four Season Hotel","Coach","aanood","via","Lets Go Bahrain Cancelled","                                                                        "
"364","9456","28-Dec-24 01:00","Pickup / Drop","Lets Go Bahrain,0, 0 -","100.000","0.000","100.000","0.000","Orangly","Elite","1Coaster 1 Coach","aanood","via","Lets Go Bahrain Cancelled","                                                                        "
"365","9545","27-Dec-24 22:35","Pickup / Drop","WELLGATE SERVICES LP,0, +44 7458 148608EGOR ROMANOVSKII - +7 922 285-13-49","12.000","0.000","12.000","0.000","Bahrain Airport GF15","Sofitel Hotel Zallaq","Sedan","","via","Iway Cancelled","                                                                        "
"366","9530","27-Dec-24 22:20","Pickup / Drop","Bahrain Tourism and Exhibitions Authority(BTEA),, 17508916 RAJESH/RAVINDER  -","15.000","0.000","15.000","0.000","TBC","TBC","SUV","","via","BTEACancelled","                                                                        "
"367","9455","27-Dec-24 20:00","Pickup / Drop","Lets Go Bahrain,0, 0 -","50.000","0.000","50.000","0.000","Elite","Orangly","Coaster","aanood","via","Lets Go Bahrain Cancelled","                                                                        "
"368","9505","27-Dec-24 13:20","Pickup / Drop","Arabian Automobile Association(AAA),-, 0Wasaif Alhenaki - +966 53 770 5000","8.000","0.000","8.000","0.000","Bahrain Airport GF 164","Sofitel Hotel Zallaq","Sedan","","via","Iway Cancelled","                                                                        "
"369","9454","27-Dec-24 08:00","Pickup / Drop","Lets Go Bahrain,0, 0 -","50.000","0.000","50.000","0.000","Elite","Orangly","Coach","aanood","via","Lets Go Bahrain Cancelled","                                                                        "
"370","9453","26-Dec-24 17:30","Pickup / Drop","Lets Go Bahrain,0, 0 -","100.000","0.000","100.000","0.000","Ritz Carlton","Elite","2 Coach","aanood","via","Lets Go Bahrain Cancelled","                                                                        "
"371","9452","26-Dec-24 12:40","Pickup / Drop","Lets Go Bahrain,0, 0 -","100.000","0.000","100.000","0.000","Elite","Ritz Carlton","2 Coach","aanood","via","Lets Go Bahrain Cancelled","                                                                        "
"372","9451","25-Dec-24 19:10","Pickup / Drop","Lets Go Bahrain,0, 0 -","50.000","0.000","50.000","0.000","Bahrain Airport GF 0767","Elite","Coach Bus","aanood","via","Lets Go Bahrain Cancelled","                                                                        "
"373","9504","25-Dec-24 16:35","Pickup / Drop","Arabian Automobile Association(AAA),-, 0Nouf alsuwailem - +966 50 200 4441","8.000","0.000","8.000","0.000","Bahrain Airport SV 520","Royal Saray Resort","Sedan","","via","Iway Cancelled","                                                                        "
"374","9445","24-Dec-24 18:30","Pickup / Drop","Lets Go Bahrain,0, 0 -","15.000","0.000","15.000","2.000","Durrat Al Bahrain","Elite Resort & Spa","SUV","qmohmd maki","via","Lets Go Bahrain Cancelled","                                                                        "
"375","9450","24-Dec-24 18:30","Pickup / Drop","Lets Go Bahrain,0, 0 -","25.000","0.000","25.000","0.000","Durrat Al Bahrain","Janabiya","Coaster","aanood","via","Lets Go Bahrain Cancelled","                                                                        "
"376","9443","24-Dec-24 10:30","Pickup / Drop","Lets Go Bahrain,0, 0 -","15.000","0.000","15.000","0.000","Elite Resort & Spa","Durrat Al Bahrain","SUV","","via","Lets Go Bahrain Cancelled","                                                                        "
"377","9444","24-Dec-24 10:30","Pickup / Drop","Lets Go Bahrain,0, 0 -","25.000","0.000","25.000","0.000","Janabiya","Durrat Al Bahrain","Coaster","aanood","via","Lets Go Bahrain Cancelled","                                                                        "
"378","9465","23-Dec-24 16:00","Pickup / Drop","Denis Zabolotnev,, +7 903 721-79-45.  -","0.000","0.000","0.000","0.000","Bahrain airport GF13","Sofitel Zallaq","Sedan","","hassan","WanaanCancelled","                                                                        "
"379","9446","20-Dec-24 10:30","Pickup / Drop","Lets Go Bahrain,0, 0 -","19.000","0.000","19.000","0.000","Hilton Bahrain","Al Fateh","Hiace","aanood","via","Lets Go Bahrain Cancelled","                                                                        "
"380","9043","18-Dec-24 11:00","Chauffeur","Bahraini German International Services,123456, +973 3644 2626 -","60.000","0.000","60.000","0.000","Meet inside the port in front of the Aida Cruiseship","6 Hours","HiAce","","via","BirgitCancelled","                                                                        "
"381","9347","18-Dec-24 11:00","Chauffeur","UL Solutions ,, +971 52 177 7758Jomy Joseph +971526414011 -","120.000","0.000","120.000","0.000","Residence Inn Dammam https://maps.app.goo.gl/p6qKn1GnmFCTTqD2A","9 hours then drop bahrain","Sedan","","ali","WanaanCancelled","                                                                        "
"382","9400","16-Dec-24 11:00","Pickup / Drop","Yousef A. Balubaid,0, +966 57 217 6153Abdulatif Ahmad Alothman - +966 53 780 0666","45.000","0.000","45.000","0.000","Dhahran Aramco Ar Rabiyah","Dammam Airport","Ford Expedition New","","via","WanaanCancelled","                                                                        "
"383","9397","16-Dec-24 09:00","Chauffeur","Hashtag Limo Company,1010966030, +966538494984 -","80.000","0.000","80.000","0.000","Dammam","8 hours","Suv","","ali","Wanaan Cancelled","                                                                        "
"384","9393","15-Dec-24 09:30","Pickup / Drop","Hasan Busafwan ,, 38188821 -","40.000","0.000","40.000","0.000","Seef","Dammam","Expedition","","via","hasan busawanCancelled","                                                                        "
"385","9396","15-Dec-24 08:00","Chauffeur","Hashtag Limo Company,1010966030, +966538494984 -","90.000","0.000","90.000","0.000","Dmm airport","9 hours","Suv","","ali","Wanaan Cancelled","                                                                        "
"386","9339","15-Dec-24 01:00","Pickup / Drop","Marian,, +447947182012Alina shah sing board - +97335527274","25.000","25.000","0.000","0.000","Bahrain Airport TK778","Springfield juffair","Suv","","ali","Wanaan Cancelled","                                                                        "
"387","9381","13-Dec-24 16:31","Pickup / Drop","Cash,,  -","35.000","0.000","35.000","0.000","Tubli","Khobar","Sedan","","ali","Wanaan Cancelled","                                                                        "
"388","9369","13-Dec-24 06:00","Pickup / Drop","Travel Gate,0, 0097339133034 -","8.000","0.000","8.000","2.000","stira","Bahrain Airport","Sedan","sali","via","WanaanCancelled","                                                                        "
"389","9309","12-Dec-24 18:00","Pickup / Drop","Travel Gate,0, 0097339133034Firas Al Halwaji - +973 3945 5661","0.000","0.000","0.000","0.000","Bahrain airport GF963","Duraz","Sedan","hizira","hassan","Travel GateCancelled","                                                                        "
"390","9349","12-Dec-24 08:30","Pickup / Drop","Jamal Saleh,, 3311339936599999 -","45.000","0.000","45.000","0.000","Janabiya","Dmm airport","Sedan","","ali","Wanaan Cancelled","                                                                        "
"391","7686","10-Dec-24 22:00","Pickup / Drop","WELLGATE SERVICES LP,0, +44 7458 148608MR.CARLOS COSTA 287404 - + 351966924331","8.000","0.000","8.000","0.000","Manama, Downtown Rotana, Government Avenue, Bahrain 110 Government Ave","Bahrain Airport","Sedan","","mariam","Iway Cancelled","                                                                        "
"392","9229","10-Dec-24 21:15","Pickup / Drop","Lets Go Bahrain,0, 0. - +973 3998 7160","120.000","0.000","120.000","0.000","ROSA GRAND HOTEL RIYADH.","Alnajjar Gardens (Compound 1459) Block 743, Road 4341 Sanad, Bahrain","Sedan","","via","Lets Go Bahrain Cancelled","                                                                        "
"393","9356","09-Dec-24 20:30","Pickup / Drop","Pine Tree Limousine ,0, 33991922 -","10.000","0.000","10.000","0.000","Juffair","Reef","Sedan","","ali","Wanaan Cancelled","                                                                        "
"394","9291","09-Dec-24 12:30","Pickup / Drop","Welcome pickups,, +306942521588Matthew love - +13062920899","11.130","0.000","11.130","0.000","Bahrain airport","Crown plaza","Sedan","","hassan","Welcome pickupsCancelled","                                                                        "
"395","9238","08-Dec-24 11:55","Pickup / Drop","Muthana Sartawi,, +966566368421 -","40.000","40.000","0.000","0.000","Bahrain Airport KU613","Khobar","Taurus","","via","WebsiteCancelled","                                                                        "
"396","9247","08-Dec-24 11:55","Pickup / Drop","Muthana Sartawi,, +966566368421 -","40.000","0.000","40.000","0.000","Bahrain Airport","Khobar","Sedan","","ali","WanaanCancelled","                                                                        "
"397","9288","08-Dec-24 06:45","Pickup / Drop","Ben Queisser,0, +966 50 8206 831.  -","35.000","0.000","35.000","0.000","Spiral Orchid-seef","Damam airport","Sedan","","hassan","WanaanCancelled","                                                                        "
"398","9246","08-Dec-24 00:50","Pickup / Drop","Arabian Automobile Association(AAA),-, 0Nawaf Alsadeh / 00682285 - 39612113","7.000","0.000","7.000","0.000","Bahrain Airport GF0567","Riffa","Sedan","","ali","AAACancelled","                                                                        "
"399","7685","07-Dec-24 18:05","Pickup / Drop","WELLGATE SERVICES LP,0, +44 7458 148608MR.. CARLOS COSTA 287343  - + 351966924331","8.000","0.000","8.000","0.000","Bahrain Airport  SV526 ( It is important to meet with a sign)","Manama, Downtown Rotana, 110 Government Ave, Manama Center, Bahrain","Sedan","","mariam","Iway Cancelled","                                                                        "
"400","9048","06-Dec-24 07:00","Chauffeur","Konrad-Adenauer-Stiftung,, +962 (0)6 59 24 150 -","700.000","0.000","700.000","0.000","Bahrain","Bahrain 12 hours","Lexus 570","","via","WanaanCancelled","                                                                        "
"401","9255","05-Dec-24 21:00","Pickup / Drop","Sarah Al Shuwaier,, +966 55 250 8689.  -","40.000","40.000","0.000","0.000","Khobar https://goo.gl/maps/SqBXsLftboXHg3QK6","Bahrain airport","Suv","","hassan","WanaanCancelled","                                                                        "
"402","9251","05-Dec-24 02:55","Pickup / Drop","Nabil Jawar El-Ouazzani,, +63 916 516 8335 -","30.000","0.000","30.000","0.000","Bahrain airport VF125","The Merchant house hotel","Vito","","hassan","WanaanCancelled","                                                                        "
"403","9221","02-Dec-24 14:30","Pickup / Drop","Latifah Al Hulaibah,, +966505821315Latifah -","0.000","0.000","0.000","0.000","Khobar","Riffa","Sedan","","qassim","WanaanCancelled","                                                                        "
"404","8992","30-Nov-24 07:00","Chauffeur","Bahraini German International Services,123456, +973 3644 2626 -","210.000","0.000","210.000","0.000","Bahrain","12 hours AlHufof","Coaster","","via","BirgitCancelled","                                                                        "
"405","8711","29-Nov-24 01:40","Pickup / Drop","Arabian Automobile Association(AAA),-, 0Aref/666739  - 39685060","7.000","0.000","7.000","0.000","Bahrain Airport TK 778","H1289 R2821 B228 Busaiteen","Sedan","kown","via","AAACancelled","                                                                        "
"406","9102","28-Nov-24 17:00","Pickup / Drop","World Seas Shipping Services W.L.L,6523, 770046817 passengers -","20.000","0.000","20.000","0.000","Asry Gate","Swissbel Hotel","Suv","","via","WSSSCancelled","                                                                        "
"407","8869","28-Nov-24 16:20","Pickup / Drop","WELLGATE SERVICES LP,0, +44 7458 148608Hala Abuzeid/458893 - +971 5 26-22-69-79","8.000","0.000","8.000","0.000","Bahrain Airport EK839","The Westin City Centre","Sedan","","via","Iway Cancelled","                                                                        "
"408","9101","28-Nov-24 07:15","Pickup / Drop","World Seas Shipping Services W.L.L,6523, 770046817 passengers -","20.000","0.000","20.000","0.000","Swissbel Hotel","Asry Gate","Suv","","via","WSSSCancelled","                                                                        "
"409","9100","27-Nov-24 17:00","Pickup / Drop","World Seas Shipping Services W.L.L,6523, 770046817 passengers -","20.000","0.000","20.000","0.000","Asry Gate","Swissbel Hotel","Suv","","via","WSSSCancelled","                                                                        "
"410","9085","26-Nov-24 17:00","Pickup / Drop","World Seas Shipping Services W.L.L,6523, 77004681Jahri Mandal and Ashish -","28.000","0.000","28.000","0.000","Ibis Seef Hotel","Hotel 88 location, Khobar, Shamalia, 25th Cross, Near Silver Tower","Sedan","mariam","via","WSSSCancelled","                                                                        "
"411","9041","25-Nov-24 19:00","Pickup / Drop","WELLGATE SERVICES LP,0, +44 7458 148608Mr Mogren Alboqami  - +966 53 481 4872","7.000","0.000","7.000","0.000","Bahrain airport xy233","Manama, Jasmine Tower, Road No 2017","Taurus","","hassan","IwayCancelled","                                                                        "
"412","9040","25-Nov-24 12:00","Pickup / Drop","Abdulla Al Talib,0, +966 54 000 6963 -","50.000","50.000","0.000","0.000","Bahrain","50","Sedan","","hassan","WanaanCancelled","                                                                        "
"413","9058","25-Nov-24 08:10","Pickup / Drop","Cash,, Sanyukta Gujare DFJ Team  - +91 80978 12084","9.000","0.000","9.000","0.000","Bahrain Airport GF 57","Royal saray","Suv","syatin","ali","Wedding Cancelled","                                                                        "
"414","9056","24-Nov-24 17:00","Pickup / Drop","World Seas Shipping Services W.L.L,6523, 77004681WALID IBRAHIM /  AHMED SALAH  -","28.000","0.000","28.000","0.000","Ibis Seef Hotel","Mercure hotel Al Khobar","Sedan","","ali","WSSSCancelled","                                                                        "
"415","9057","24-Nov-24 17:00","Pickup / Drop","World Seas Shipping Services W.L.L,6523, 77004681Walid and Ahmed Salah -","45.000","0.000","45.000","0.000","Ibis Seef Hotel","Ras Tanura","Sedan","","ali","WSSSCancelled","                                                                        "
"416","9030","24-Nov-24 07:00","Pickup / Drop","Braxtone Plus W.L.L,0, +968 9920 09844706390000204279195 - 34006080","10.000","0.000","10.000","0.000","House 1731, Road 326, Block 1203, Hamad Town","Bahrain Airport","Sedan","","via","BraxtoneCancelled","                                                                        "
"417","8978","23-Nov-24 02:45","Pickup / Drop","Arabian Automobile Association(AAA),-, 0sayed ali/675489 - 33001991","7.000","0.000","7.000","0.000","Bahrain Airport EY642","Karbabad","Sedan","","via","AAACancelled","                                                                        "
"418","8934","22-Nov-24 17:00","Chauffeur","Salwa ,, +97455565618 -","65.000","0.000","65.000","0.000","Airport bh","6 hours or more","Ford territory","","ali","WanaanCancelled","                                                                        "
"419","8675","20-Nov-24 20:15","Pickup / Drop","Arabian Automobile Association(AAA),-, 0Aqeel/665875 - 37703228","7.000","0.000","7.000","0.000","Bahrain Airport  GF70","hamad town house1135 road919 block1209","Sedan","","via","AAACancelled","                                                                        "
"420","8816","20-Nov-24 17:00","Pickup / Drop","Bandar AlToaimi,, +966555481772 -","45.000","0.000","45.000","0.000","Dhahran international exhibitions center","Ritz Carlton","Suv","","ali","Wanaan Cancelled","                                                                        "
"421","8961","20-Nov-24 10:00","Pickup / Drop","Mona Ali Mohammed,, +971 55 222 2230 -","15.000","15.000","0.000","0.000","Onyx Arjan by Rotana","Bahrain Airport","Taurus","","via","WanaanCancelled","                                                                        "
"422","8960","19-Nov-24 08:00","Chauffeur","Mona Ali Mohammed,, +971 55 222 2230 -","120.000","120.000","0.000","0.000","Onyx Arjan by Rotana","16 hours","Taurus","","via","WanaanCancelled","                                                                        "
"423","8964","18-Nov-24 14:30","Pickup / Drop","Latifah Al Hulaibah,, +966505821315 -","30.000","30.000","0.000","0.000","Khobar https://maps.google.com/?q=26.312563,50.183308","Bahrain","Sedan","","via","WanaanCancelled","                                                                        "
"424","8681","18-Nov-24 07:20","Pickup / Drop","Sahar Abdualrahman,, +966 50 533 0040 -","60.000","0.000","60.000","0.000","Bahrain Airport GF6","Al Ahsa","SUV","","via","WanaanCancelled","                                                                        "
"425","8937","17-Nov-24 13:15","Pickup / Drop","Nick Peel,, +44 7747 563824Nick -","35.000","35.000","0.000","0.000","Manaoor Gaurden","Dammam Airport","Sedan","","qassim","WanaanCancelled","                                                                        "
"426","8933","16-Nov-24 16:00","Pickup / Drop","Faisal Aljabri ,, +971 55 443 3804Faisal - +966548255056","40.000","0.000","40.000","0.000","Jaw","Khobar","Sedan","","qassim","WanaanCancelled","                                                                        "
"427","8925","15-Nov-24 21:00","Pickup / Drop","Nouf aljaber ,, +966508809494 -","60.000","0.000","60.000","5.000","https://maps.google.com/?q=26.315605,50.644730","https://maps.app.goo.gl/LiLAH8S8Ayq2jhJo9?g_st=com.google.maps.preview.copy","Bmw","qmohmd maki","ali","Wanaan Cancelled","                                                                        "
"428","8925","15-Nov-24 21:00","Pickup / Drop","Nouf aljaber ,, +966508809494 -","60.000","0.000","60.000","0.000","https://maps.google.com/?q=26.315605,50.644730","https://maps.app.goo.gl/LiLAH8S8Ayq2jhJo9?g_st=com.google.maps.preview.copy","Bmw","","ali","Wanaan Cancelled","                                                                        "
"429","8925","15-Nov-24 21:00","Pickup / Drop","Nouf aljaber ,, +966508809494 -","60.000","0.000","60.000","0.000","https://maps.google.com/?q=26.315605,50.644730","https://maps.app.goo.gl/LiLAH8S8Ayq2jhJo9?g_st=com.google.maps.preview.copy","Bmw","","ali","Wanaan Cancelled","                                                                        "
"430","8926","15-Nov-24 21:00","Pickup / Drop","Nouf aljaber ,, +966508809494 - +966 53 799 4777","60.000","0.000","60.000","0.000","https://maps.google.com/?q=26.315605,50.644730","https://maps.app.goo.gl/LiLAH8S8Ayq2jhJo9?g_st=com.google.maps.preview.copy","Bmw","","ali","WanaanCancelled","                                                                        "
"431","8925","15-Nov-24 21:00","Pickup / Drop","Nouf aljaber ,, +966508809494 -","60.000","0.000","60.000","0.000","https://maps.google.com/?q=26.315605,50.644730","https://maps.app.goo.gl/LiLAH8S8Ayq2jhJo9?g_st=com.google.maps.preview.copy","Bmw","","ali","Wanaan Cancelled","                                                                        "
"432","8926","15-Nov-24 21:00","Pickup / Drop","Nouf aljaber ,, +966508809494 - +966 53 799 4777","60.000","0.000","60.000","0.000","https://maps.google.com/?q=26.315605,50.644730","https://maps.app.goo.gl/LiLAH8S8Ayq2jhJo9?g_st=com.google.maps.preview.copy","Bmw","","ali","WanaanCancelled","                                                                        "
"433","8925","15-Nov-24 21:00","Pickup / Drop","Nouf aljaber ,, +966508809494 -","60.000","0.000","60.000","0.000","https://maps.google.com/?q=26.315605,50.644730","https://maps.app.goo.gl/LiLAH8S8Ayq2jhJo9?g_st=com.google.maps.preview.copy","Bmw","","ali","Wanaan Cancelled","                                                                        "
"434","8884","13-Nov-24 20:20","Pickup / Drop","Omar Olasais,, +966 55 987 0000 -","35.000","35.000","0.000","0.000","Bahrain airport Gf963","Khobar","Sedan","","hassan","WanaanCancelled","                                                                        "
"435","8891","13-Nov-24 15:02","Pickup / Drop","Pine Tree Limousine ,0, 33991922 -","30.000","0.000","30.000","0.000","Wyndham garden","Khobar","Sedan","qmohmd maki","ali","Wanaan Cancelled","                                                                        "
"436","8702","11-Nov-24 09:40","Chauffeur","Dmitry Soloviev,, +974 66540564 -","425.000","255.000","170.000","0.000","Bahrain Airport","5 days chauffeur drive (12hours)","Impala","","via","WanaanCancelled","                                                                        "
"437","8852","11-Nov-24 06:45","Pickup / Drop","Dawood Alohaly,, ?+966 50 484 3736? -","65.000","0.000","65.000","0.000","Dammam https://maps.google.com/?q=26.393539,50.103020","Bahrain Airport","BMW","","via","WebsiteCancelled","                                                                        "
"438","8834","10-Nov-24 22:45","Pickup / Drop","Thijme de Haan,. , +973 3992 4144Thijme -","40.000","40.000","0.000","0.000","Bahrain","Dammam Airport","Sedan","","qassim","WanaanCancelled","                                                                        "
"439","7889","09-Nov-24 05:00","Pickup / Drop","WELLGATE SERVICES LP,0, +44 7458 148608FEFELOVA ELENA 315142 - +7 915 410-99-35","8.000","0.000","8.000","0.000","Dragon Beach Hotel","Bahrain Airport","Sedan","","via","Iway Cancelled","                                                                        "
"440","8801","05-Nov-24 22:30","Pickup / Drop","Travel Gate,0, 0097339133034IBRAHIM MOHAMMED  - +966505809699","30.000","0.000","30.000","0.000","Dammam","Bahrain Airport","SUV","","via","travel Gate Cancelled","                                                                        "
"441","8598","05-Nov-24 19:30","Pickup / Drop","Brinc,0, 38830077 -","130.000","130.000","0.000","0.000","Riyadh","Bahrain","Expedition","","via","WanaanCancelled","                                                                        "
"442","8597","05-Nov-24 08:00","Pickup / Drop","Brinc,0, 38830077 -","130.000","130.000","0.000","0.000","Bahrain","Riyadh","Expedition","","via","WanaanCancelled","                                                                        "
"443","8728","01-Nov-24 13:00","Pickup / Drop","Joonkuen Lee,, +9663675015 -","40.000","0.000","40.000","0.000","https://maps.google.com?q=Grand%20Safir%20Hotel%20-%20Bahrain,%201410%20Rd%20No%204010,%20Manama,%20%EB%B0%94%EB%A0%88%EC%9D%B8&ftid=0x3e49a8dc03dbc165:0xb7da604393809cb5&entry=gps&lucs=,94242505,94224825,94227247,94227248,47071704,47069508,94218641,94203","https://maps.app.goo.gl/B7eBCno3gasayLJi6?g_st=com.google.maps.preview.copy","Suv","","ali","Wanaan Cancelled","                                                                        "
"444","8674","01-Nov-24 09:00","Pickup / Drop","Arabian Automobile Association(AAA),-, 0Aqeel/665874 - 37703228","7.000","0.000","7.000","0.000","hamad town house1135 road919 block1209","Bahrain Airport","Sedan","","via","AAACancelled","                                                                        "
"445","8645","30-Oct-24 20:30","Pickup / Drop","WELLGATE SERVICES LP,0, +44 7458 148608Martinon David/431893 - +40 756 088 834","8.000","0.000","8.000","0.000","Bahrain Airport  RJ3301","Ritz Carlton","Sedan","","via","Iway Cancelled","                                                                        "
"446","8685","30-Oct-24 20:00","Pickup / Drop","Travel Gate,0, 0097339133034PALANIVEL/VELMURUGAN -","45.000","0.000","45.000","0.000","Holiday Inn & Suites Al Jubail, an IHG Hotel","Dammam Airport","Sedan","","via","travel Gate Cancelled","                                                                        "
"447","8529","30-Oct-24 19:00","Pickup / Drop","WELLGATE SERVICES LP,0, +44 7458 148608Otto Waterlander/414262 - +31 6 22788661","8.000","0.000","8.000","0.000","Bahrain Airport GF 016","The Ritz-Carlton","Sedan","","via","Iway Cancelled","                                                                        "
"448","8289","30-Oct-24 06:00","Pickup / Drop","Braxtone Plus W.L.L,0, +968 9920 0984FIDDAH ABDULNABI MOHAMMED HAJIHASAN -","6.000","0.000","6.000","0.000","Hidd 109-R 946 -H 2234","Bahrain Airport","sedan","","hassan","Braxtone Cancelled","                                                                        "
"449","8587","29-Oct-24 01:30","Pickup / Drop","Welcome pickups,, +306942521588James Cottingham - +447979863833","23.000","0.000","23.000","0.000","Bahrain Airport TK778","Jumeirah Gulf Zallaq","Sedan","","via","welcome pick upsCancelled","                                                                        "
"450","8561","27-Oct-24 17:30","Pickup / Drop","Rony Tabbal,0, +973 3334 9936Rony -","45.000","0.000","45.000","0.000","Onyx Bahrain Bay","Dammam Airport","Sedan","","via","WanaanCancelled","                                                                        "
"451","8532","26-Oct-24 23:00","Pickup / Drop","Arabian Automobile Association(AAA),-, 0Wafa Jassim/660993 - +97339624012","7.000","0.000","7.000","0.000","Bahrain Airport GF15","villa 1363. Road 1539. block 815 Isa Town Bahrain","Sedan","","via","AAACancelled","                                                                        "
"452","8544","26-Oct-24 23:00","Pickup / Drop","Arabian Automobile Association(AAA),-, 0Wafa Jassim Sanad - 39624012","8.000","0.000","8.000","0.000","Bahrain airport GF15","Isa town","Sedan","","hassan","AAACancelled","                                                                        "
"453","8411","26-Oct-24 10:00","Chauffeur","Lobna Al Jafali ,, +966 50 517 2290 -","160.000","0.000","160.000","0.000","Bahrain - 8 hours Chauffeur drive","Damam","Vito","","hassan","WanaanCancelled","                                                                        "
"454","8411","26-Oct-24 10:00","Chauffeur","Lobna Al Jafali ,, +966 50 517 2290 -","160.000","0.000","160.000","0.000","Bahrain - 8 hours Chauffeur drive","Damam","Vito","","hassan","WanaanCancelled","                                                                        "
"455","8411","26-Oct-24 10:00","Chauffeur","Lobna Al Jafali ,, +966 50 517 2290 -","160.000","0.000","160.000","0.000","Bahrain - 8 hours Chauffeur drive","Damam","Vito","","hassan","WanaanCancelled","                                                                        "
"456","8411","26-Oct-24 10:00","Chauffeur","Lobna Al Jafali ,, +966 50 517 2290 -","160.000","0.000","160.000","0.000","Bahrain - 8 hours Chauffeur drive","Damam","Vito","","hassan","WanaanCancelled","                                                                        "
"457","8585","25-Oct-24 19:15","Pickup / Drop","Arabian Automobile Association(AAA),-, 0Maryam/663102 - 39597575","7.000","0.000","7.000","0.000","Bahrain Airport GF 184","Saar","Sedan","","via","AAACancelled","                                                                        "
"458","8259","25-Oct-24 06:25","Pickup / Drop","WELLGATE SERVICES LP,0, +44 7458 148608OGARKOV ALEKSANDR,OGARKOVA ELENA,OGARKOV ANDREI,OGARKOVA KIRA,OGARKOVA NINA,OGARKOVA ZOIA  - +7 912 372-10-00,+7 912 372-10-01","20.000","0.000","20.000","0.000","Bahrain Airport GF 0015","Gulf Hotel Bahrain","Vito","","via","Iway Cancelled","                                                                        "
"459","8508","25-Oct-24 00:15","Pickup / Drop","Arabian Automobile Association(AAA),-, 0MARYAM/660428 - 32232439","7.000","0.000","7.000","0.000","Bahrain Airport J2 5005","Sanad","Sedan","","via","AAACancelled","                                                                        "
"460","8514","25-Oct-24 00:15","Pickup / Drop","Arabian Automobile Association(AAA),-, 0 Fatima Baqer/660526  - 36820006","12.000","0.000","12.000","0.000","Bahrain Airport  J2 5005","house 1893 road 1134 block 711 tubli","SUV","","via","AAACancelled","                                                                        "
"461","8409","24-Oct-24 16:30","Pickup / Drop","Lobna Al Jafali ,, +966 50 517 2290 -","160.000","0.000","160.000","0.000","Damam Train Station","Bahrain - 8 hours Chauffeur drive","Vito","","hassan","WanaanCancelled","                                                                        "
"462","8610","24-Oct-24 09:00","Pickup / Drop","Graeme Charles Carney,, +966555136075Graeme -","65.000","0.000","65.000","0.000","Bahrain Airport","Dammam","BMW 7 Series","","via","WebsiteCancelled","                                                                        "
"463","8591","23-Oct-24 02:00","Pickup / Drop","Hussain Alghanmi,0, 33116393 -","35.000","0.000","35.000","0.000","Damam airport","Janusan","Sedan","hkhadem","hassan","WanaanCancelled","                                                                        "
"464","8576","22-Oct-24 17:10","Pickup / Drop","Ali Alghurabi,, +966554110109Ali -","45.000","22.500","22.500","0.000","Dammam Airport XY734","Sofitel Zallaq Hotel","Sedan","","via","WanaanCancelled","                                                                        "
"465","8574","22-Oct-24 16:30","Pickup / Drop","Husain Alghanmi,0, 0 -","35.000","0.000","35.000","0.000","Dammam Airport","Bahrain","SUV","","via","HusainCancelled","                                                                        "
"466","8558","21-Oct-24 15:00","Pickup / Drop","Braxtone Plus W.L.L,0, +968 9920 09844706390000198040069 - ALIAHMED 33355805","10.000","0.000","10.000","0.000","House no. 3273 Rod no. 3874 Sada 1038 https://maps.google.com/maps?q=26.093793869018555%2C50.49119567871094&z=17&hl=en","Toyota agency","Sedan","","via","BraxtoneCancelled","                                                                        "
"467","8495","21-Oct-24 10:00","Chauffeur","Hashtag Limo Company,1010966030, +966538494984N/A -","360.000","0.000","360.000","0.000","Riyadh 3 days","12 hours perday","Patrol","","via","Hashtag Limo Riyadh Cancelled","                                                                        "
"468","8560","20-Oct-24 16:30","Pickup / Drop","Mohamed Emaaduddin,, 66767786Mohamed -","30.000","0.000","30.000","0.000","Bahrain","Khobar","Sedan","","via","WanaanCancelled","                                                                        "
"469","8418","19-Oct-24 15:00","Pickup / Drop","Rohit Bhat,, +971558620898Rohit Bhat -","45.000","0.000","45.000","0.000","The Westin City Centre","The Westin City CentreResidence Inn Dammam https://maps.app.goo.gl/p6qKn1GnmFCTTqD2A","Sedan","","via","WebsiteCancelled","                                                                        "
"470","8531","19-Oct-24 05:30","Pickup / Drop","Arabian Automobile Association(AAA),-, 0 Wafa Jassim/660991 -  +97339624012","7.000","0.000","7.000","0.000","villa 1363, road 1539, block 815 Isa Town Bahrain","Bahrain Airport","Sedan","","via","AAACancelled","                                                                        "
"471","8543","19-Oct-24 05:30","Pickup / Drop","Arabian Automobile Association(AAA),-, 0Wafa Jassim Sanad  - 39624012","8.000","0.000","8.000","0.000","Isa town- Road 1539 Villa 1363","Bahrain airport","Sedan","","hassan","AAACancelled","                                                                        "
"472","8507","17-Oct-24 23:30","Pickup / Drop","Arabian Automobile Association(AAA),-, 0MARYAM/660425  - 32232439","7.000","0.000","7.000","0.000","h 2864,R 4387, B 743, sanad","Bahrain Airport","Sedan","hbusafwan","via","AAACancelled","                                                                        "
"473","8513","17-Oct-24 22:30","Pickup / Drop","Arabian Automobile Association(AAA),-, 0 Fatima Baqer/660530  -  36820006","12.000","0.000","12.000","0.000","House 1893 road 1134 block 711 tubli","Bahrain Airport","SUV","mariam","via","AAACancelled","                                                                        "
"474","8417","17-Oct-24 13:00","Pickup / Drop","Rohit Bhat,, +971558620898Rohit Bhat -","45.000","0.000","45.000","0.000","Residence Inn Dammam https://maps.app.goo.gl/p6qKn1GnmFCTTqD2A","The Westin City Centre","Sedan","","via","WebsiteCancelled","                                                                        "
"475","8461","13-Oct-24 15:45","Pickup / Drop","Jamil K,, 32392000Jamil -","12.000","0.000","12.000","0.000","Amwaj","Bahrain Airport","Sedan","","via","WanaanCancelled","                                                                        "
"476","8460","12-Oct-24 23:56","Pickup / Drop","Pine Tree Limousine ,0, 33991922 -","15.000","0.000","15.000","0.000","Awal Private Terminal","Hotel","Suv xl","","ali","Pine tree Cancelled","                                                                        "
"477","8431","11-Oct-24 10:30","Chauffeur","Hessa Al Mulla,, +974 55022406 -","120.000","0.000","120.000","0.000","Onyx rotana","10 hours","Suv","","ali","Wanaan Cancelled","                                                                        "
"478","8415","10-Oct-24 17:30","Pickup / Drop","Rida Mansour ,, +973 3302 3090 -","45.000","45.000","0.000","0.000","Damam airport","Zallaq","Sedan","","hassan","WanaanCancelled","                                                                        "
"479","8433","10-Oct-24 15:15","Pickup / Drop","Arabian Automobile Association(AAA),-, 0Hesham/657201 - +973 39442554","7.000","0.000","7.000","0.000","Bukuwara East Riffa","Bahrain Airport","Sedan","","via","AAACancelled","                                                                        "
"480","8362","09-Oct-24 18:00","Pickup / Drop","WELLGATE SERVICES LP,0, +44 7458 148608Ramela Nkgadimeng Johannes 395564 - +27 73 934 5912","12.000","0.000","12.000","0.000","Jumeirah Gulf of Bahrain Resort and Spa","Bahrain Airport","Sedan","","via","Iway Cancelled","                                                                        "
"481","8407","08-Oct-24 20:00","Pickup / Drop","Pine Tree Limousine ,0, 33991922Customer -","10.000","0.000","10.000","0.000","Saar","Reef iland","Sedan","","qassim","RakeelCancelled","                                                                        "
"482","8394","08-Oct-24 19:50","Pickup / Drop","Welcome pickups,, +306942521588 -","10.000","0.000","10.000","0.000","Bahrain airport","Palmyard Hotel","Sedan","","hassan","Welcome pickupsCancelled","                                                                        "
"483","8388","08-Oct-24 06:20","Pickup / Drop","Travel Gate,0, 0097339133034 -","30.000","0.000","30.000","7.000","Bahrain Airport gf006","Dammam","Suv XL","hkhadem","ali","Travel gate Cancelled","                                                                        "
"484","8386","07-Oct-24 01:40","Pickup / Drop","Saif Al Khater,, +966555959042 -","40.000","0.000","40.000","0.000","The Breeze seef","Khobar","Sedan","","ali","Wanaan Cancelled","                                                                        "
"485","8186","04-Oct-24 17:05","Pickup / Drop","WELLGATE SERVICES LP,0, +44 7458 148608Andrea Pisklova 359834 - +421 91 057-06-56","8.000","0.000","8.000","0.000","Bahrain Airport 6D6622","Address Beach Resort Marassi","Sedan","","via","Iway Cancelled","                                                                        "
"486","8187","04-Oct-24 17:05","Pickup / Drop","WELLGATE SERVICES LP,0, +44 7458 148608Jozef Repas 359836 - +421 905 14-16-62","8.000","0.000","8.000","0.000","Bahrain Airport 6D6622","Address Beach Resort Marassi","Sedan","","via","Iway Cancelled","                                                                        "
"487","8188","04-Oct-24 17:05","Pickup / Drop","WELLGATE SERVICES LP,0, +44 7458 148608Frantisek Kacmar 359838 - +421 905 30-68-60","8.000","0.000","8.000","0.000","Bahrain Airport 6D6622","Address Beach Resort Marassi","Sedan","","via","Iway Cancelled","                                                                        "
"488","7888","04-Oct-24 15:05","Pickup / Drop","WELLGATE SERVICES LP,0, +44 7458 148608FEFELOVA ELENA 315127 - +7 915 410-99-35","8.000","0.000","8.000","0.000","Bahrain Airport GF 13","Dragon Beach Hotel","Sedan","","via","Iway Cancelled","                                                                        "
"489","8287","01-Oct-24 16:30","Pickup / Drop","Drivado Company,0, +9719903438356Dr Ahmed Al Marhoubi - +968 99233608","30.000","0.000","30.000","0.000","Crowne Plaza Manama, an IHG Hotel","Bahrain Airport","BMW 7 Series","","via","DrivadoCancelled","                                                                        "
"490","8307","01-Oct-24 15:30","Pickup / Drop","Qassim Makhlooq ,0, +973 3846 7744 -","0.000","0.000","0.000","0.000","Bahrain airport","Juffair","Suv","","hassan","WanaanCancelled","                                                                        "
"491","8286","29-Sep-24 19:50","Pickup / Drop","Drivado Company,0, +9719903438356Dr Ahmed Al Marhoubi - +968 99233608","30.000","0.000","30.000","0.000","Bahrain Airport WY0653","Crowne Plaza Manama, an IHG Hotel","BMW 7 Series","","via","DrivadoCancelled","                                                                        "
"492","8284","27-Sep-24 12:00","Pickup / Drop","Qassim Makhlooq ,0, +973 3846 7744Qasim -","0.000","0.000","0.000","0.000","Office","Bahrain Airport","SUV","","via","WanaanCancelled","                                                                        "
"493","8249","24-Sep-24 20:00","Pickup / Drop","Rony Tabbal,0, +973 3334 9936Rony -","45.000","0.000","45.000","0.000","Dammam Airport","Bahrain Bay","Sedan","","via","WanaanCancelled","                                                                        "
"494","8212","24-Sep-24 18:30","Pickup / Drop","TIG Group,0, +97338163548 -","60.000","0.000","60.000","0.000","Bahrain airport","Sihat","Sedan","","hassan","WanaanCancelled","                                                                        "
"495","8139","19-Sep-24 22:00","Pickup / Drop","Fursan Travel,0, +966 59 781 7502N/A -","30.000","0.000","30.000","0.000","Loumage Suites & Spa Seef","Khobar","Sedan","","via","WanaanCancelled","                                                                        "
"496","8208","18-Sep-24 21:30","Pickup / Drop","Rana Mohammed,, +966503852252Rana Mohammed -","45.000","0.000","45.000","0.000","Saar","Dammam","Sedan","","via","WanaanCancelled","                                                                        "
"497","8138","14-Sep-24 16:00","Pickup / Drop","Fursan Travel,0, +966 59 781 7502N/A -","30.000","0.000","30.000","0.000","Khobar","Loumage Suites & Spa Seef","Sedan","","via","WanaanCancelled","                                                                        "
"498","8089","10-Sep-24 07:30","Chauffeur","Bluewings Travel and Tourism,, +971503799605Guillaume & Ahmad  - +971 50 246 0460","160.000","160.000","0.000","0.000","Bahrain Airport FZ023","Bahrain Airport","Vito","","via","EmailCancelled","                                                                        "
"499","7989","09-Sep-24 09:00","Pickup / Drop","Arabian Automobile Association(AAA),-, 0Ali 637551 - 33336652","12.000","0.000","12.000","0.000","Bahrain Airport TK 778","Malkiya","SUV","","via","AAACancelled","                                                                        "
"500","8094","07-Sep-24 14:30","Pickup / Drop","Islam Taha,, +966 55 507 8146 -","45.000","0.000","45.000","0.000","Manama","Dammam","Sedan","","ali","Wanaan Cancelled","                                                                        "
"501","8079","05-Sep-24 18:45","Pickup / Drop","Ben Queisser,0, +966 50 8206 831Ben -","35.000","35.000","0.000","0.000","Orchird","Dammam Airport","Sedan","","qassim","WanaanCancelled","                                                                        "
"502","8079","05-Sep-24 18:45","Pickup / Drop","Ben Queisser,0, +966 50 8206 831Ben -","35.000","35.000","0.000","0.000","Orchird","Dammam Airport","Sedan","","qassim","WanaanCancelled","                                                                        "
"503","8068","05-Sep-24 06:30","Pickup / Drop","Travel Gate,0, 0097339133034Feras  -","8.000","0.000","8.000","0.000","Salman city - H 1981 https://maps.app.goo.gl/vV3njiaBZTpSumKq8","Bahrain Airport","sedan","","hassan","Travel gate Cancelled","                                                                        "
"504","8033","03-Sep-24 18:00","Pickup / Drop","World Seas Shipping Services W.L.L,6523, 77004681Yasir Al khamis - +966566755543","45.000","0.000","45.000","0.000","Olive hotel in Juffair","commercial port jubail","Sedan","","qassim","WSSSCancelled","                                                                        "
"505","8034","03-Sep-24 18:00","Pickup / Drop","World Seas Shipping Services W.L.L,6523, 77004681Mr.Nyeborsky & Mr.Roman  -","45.000","0.000","45.000","0.000","Ibis - Sanabis","Wareef Compound Jubail KSA","sedan","","hassan","WSSSCancelled","                                                                        "
"506","8039","03-Sep-24 00:04","Chauffeur","Dr. Oliver Zlamal,, +4369918003333 -","0.000","0.000","0.000","0.000","Four seasons","Bahrain","Suv","","ali","Wanaan Cancelled","                                                                        "
"507","8028","03-Sep-24 00:00","Pickup / Drop","Ali Nasser Hasan,, +97339482354 -","30.000","0.000","30.000","0.000","King Fahad Causeway - Starbucks","Al Jasra","sedan","","hassan","WanaanCancelled","                                                                        "
"508","7588","31-Aug-24 18:00","Pickup / Drop","Arabian Automobile Association(AAA),-, 0Ashwaq Yusuf Yaseen  /  00621287 -   33213351","12.000","5.000","7.000","0.000","BAHRAIN AIRPORT","East Riffa – Al Buhair","SUV","","mariam","AAACancelled","                                                                        "
"509","7891","21-Aug-24 16:00","Pickup / Drop","Lets Go Bahrain,0, 0Customer -","30.000","0.000","30.000","0.000","Holiday Inn Khobar","Bahrain","Sedan","","qassim","Letsgo BahrainCancelled","                                                                        "
"510","7867","16-Aug-24 22:13","Pickup / Drop","Arabian Automobile Association(AAA),-, 0ANDREW DOHERTY -","8.000","0.000","8.000","0.000","BAHRAIN INTERNATIONAL AIRPORT ARRIVALS HALL","VILLA 2639, ROAD 4322, BLOCK 943, AL MAZROWIAH, RIFFA VIEWS, BAHRAIN","Sedan","","qassim","AAACancelled","                                                                        "
"511","7849","16-Aug-24 06:00","Pickup / Drop","Kayan,, +966 53 563 3388Kayan -","120.000","0.000","120.000","0.000","Riyadh Malga https://maps.google.com/?q=24.809149,46.588516","Saar Athyr 2 https://maps.google.com/?q=24.809149,46.588516","SUV","","via","WanaanCancelled","                                                                        "
"512","7646","14-Aug-24 23:30","Pickup / Drop","Arabian Automobile Association(AAA),-, 0Mohmd 622996 - 32326328","12.000","0.000","12.000","0.000","Bahrain Airport GF153","Hamadtown https://maps.app.goo.gl/WD7zRUvYiAjH7Qx69?g_st=iw","SUV","smakhlooq","via","AAACancelled","                                                                        "
"513","7673","08-Aug-24 21:00","Pickup / Drop","Arabian Automobile Association(AAA),-, 0Dhanya Nair /00624275 - +97333335066","7.000","0.000","7.000","0.000","Golden Sands Apartments, Palace Avenue, Manama, Bahrain","Bahrain Airport","Sedan","","mariam","AAACancelled","                                                                        "
"514","7727","07-Aug-24 18:00","Pickup / Drop","Fahad almajdouie,, +9665068811194 passnger 4 bags  -","40.000","40.000","0.000","0.000","Dahran https://maps.google.com/?q=26.370070,50.097542","Airport bh","Suv","","ali","Wanaan Cancelled","                                                                        "
"515","6452","06-Aug-24 11:20","Pickup / Drop","Khaled Al-Madani,0, +966 50 581 6064Khalid -","65.000","0.000","65.000","0.000","Bahrain Airport","Dammam","Vito","","via","WanaanCancelled","                                                                        "
"516","7705","05-Aug-24 21:30","Pickup / Drop","Waleed Alqatari ,, +966561773773Waleed Alqatari  -","45.000","45.000","0.000","0.000","Dammam Airport SV1124","Manama Harbour Row","SUV New","","via","WanaanCancelled","                                                                        "
"517","7748","04-Aug-24 18:00","Pickup / Drop","Hareth Alomari,, +18483336697Hareth Alomari -","30.000","0.000","30.000","0.000","Sanabis","Khobar","Sedan","","via","WanaanCancelled","                                                                        "
"518","7717","02-Aug-24 15:00","Pickup / Drop","Rony Tabbal,0, +973 3334 9936Rony -","45.000","0.000","45.000","0.000","Rotana Onyx Bahrain Bay","Dammam Airport","Sedan","","via","WanaanCancelled","                                                                        "
"519","7581","02-Aug-24 06:30","Pickup / Drop","Fouad Aldossary,0, +966505862641 -","40.000","0.000","40.000","0.000","Damam","Bahrain Airport","Sedan","","hassan","WanaanCancelled","                                                                        "
"520","7517","02-Aug-24 05:00","Pickup / Drop","Travel Gate,0, 0097339133034Mohmd Ahmed  - +966544061979","35.000","0.000","35.000","0.000","Dammam","Bahrain Airport","SUV","","via","travel Gate Cancelled","                                                                        "
"521","7694","01-Aug-24 01:45","Pickup / Drop","Baraa Hany,, +966 56 945 6566 -","45.000","45.000","0.000","0.000","Bahrain airport MS920","Khobar","Suv","","hassan","WanaanCancelled","                                                                        "
"522","7626","31-Jul-24 20:00","Pickup / Drop","Arabian Automobile Association(AAA),-, 0abdulla khaled almoawda  00622509 - 38373901","7.000","0.000","7.000","0.000","Bahrain Airport gf73","house 62 rod 6502 block 965","Sedan","","mariam","AAACancelled","                                                                        "
"523","7672","30-Jul-24 23:45","Pickup / Drop","Baqer AlBuwaydi	,, +966553025828 -","65.000","65.000","0.000","0.000","Bahrain Airport","Al Ahsa","SUV","","mariam","Wanaan Cancelled","                                                                        "
"524","7624","29-Jul-24 20:00","Pickup / Drop","Faisal AlDulaijan	,, +966563701218 -","50.000","0.000","50.000","0.000","Dharan","Manama","Vito","","ali","Wanaan Cancelled","                                                                        "
"525","7569","28-Jul-24 08:00","Pickup / Drop","Maryam Zaman,xx, 39646041Maryam Zaman / 00620966 -","7.000","0.000","7.000","0.000","BAHRAIN AIRPORT","House 3607 Road 753 Block 507","Sedan","","mariam","AAACancelled","                                                                        "
"526","7650","27-Jul-24 06:20","Pickup / Drop","Arabian Automobile Association(AAA),-, 0Muhammed 623437 - 32012610","12.000","0.000","12.000","0.000","Bahrain airport","Janabiya https://maps.app.goo.gl/z1DBAKuFjFgcxjj89","Suv","smakhlooq","hassan","AAACancelled","                                                                        "
"527","7625","26-Jul-24 01:00","Pickup / Drop","Arabian Automobile Association(AAA),-, 0Abdullah khaled almoawda /00622508 - 38373901","7.000","0.000","7.000","0.000","house 62 rod 6502 block 965","Bahrain Airport","Sedan","","mariam","AAACancelled","                                                                        "
"528","7629","25-Jul-24 14:30","Pickup / Drop","Ali Alaali,, +97337355555 - +966 55 593 0166","30.000","30.000","0.000","0.000","Dhahran Alshmalya","Rotana bahrain bay","Sedan","","mariam","WanaanCancelled","                                                                        "
"529","7630","25-Jul-24 14:30","Pickup / Drop","Alaa Alkrud,, +966555930166 -","30.000","0.000","30.000","0.000","Dhahran Alshmalya","Rotana bahrain bay","Sedan","","mariam","WanaanCancelled","                                                                        "
"530","7570","25-Jul-24 09:00","Pickup / Drop","Hanan Al Jufairi,,  +973 39991069Hanan Al Jufairi / 00620976 -","7.000","0.000","7.000","0.000","Building:B5482, road: 1243, Block:812, Isa town","Bahrain Airport","Sedan","","mariam","AAACancelled","                                                                        "
"531","7585","23-Jul-24 16:20","Pickup / Drop","Qassim Makhlooq ,0, +973 3846 7744q -","0.000","0.000","0.000","0.000","Wassim","q","q","","qassim","qCancelled","                                                                        "
"532","7279","23-Jul-24 02:45","Pickup / Drop","Arabian Automobile Association(AAA),-, 0IHAB DALAL 610001 - 38903268","7.000","0.000","7.000","0.000","Bahrain Airport","AL JANABIYA ,, block 575. Road 7511 , building 651 , dream suites","Sedan","","via","AAACancelled","                                                                        "
"533","7568","22-Jul-24 07:00","Pickup / Drop","Maryam Zaman,xx, 39646041Maryam Zaman / 00620965 -","7.000","0.000","7.000","0.000","House 3607 Road 753 Block 507","Bahrain Airport","Sedan","","mariam","AAACancelled","                                                                        "
"534","7550","21-Jul-24 15:00","Pickup / Drop","Golden Tulip Bahrain,000000, 39995178N/A -","40.000","0.000","40.000","0.000","Golden tulip manama","Dammam Airport","Sedan","","via","Golden TulipCancelled","                                                                        "
"535","7558","21-Jul-24 00:15","Pickup / Drop","Alya,0, +973 3232 0400Alya  Kaiksow - 3232400","25.000","25.000","0.000","0.000","BAHRAIN AIRPORT","Budaiya","SUV","","mariam","WanaanCancelled","                                                                        "
"536","7555","19-Jul-24 22:00","Pickup / Drop","Arabian Automobile Association(AAA),-, 0HARAM ALI BADULLA - 33990896","7.000","0.000","7.000","0.000","Sitra","Bahrain Airport","Sedan","","qassim","AAACancelled","                                                                        "
"537","7456","11-Jul-24 20:30","Pickup / Drop","Arabian Automobile Association(AAA),-, 0 NITIN GUPTA 00616079 - 39250979","12.000","5.000","7.000","0.000","Al Qurayyah","Bahrain Airport","SUV","","mariam","AAACancelled","                                                                        "
"538","7278","11-Jul-24 17:00","Pickup / Drop","Arabian Automobile Association(AAA),-, 0IHAB DALAL 609998  - 38903268","7.000","0.000","7.000","0.000","AL JANABIYA ,, block 575. Road 7511 , building 651 , dream suites","Bahrain Airport","Sedan","","via","AAACancelled","                                                                        "
"539","7372","10-Jul-24 06:00","Pickup / Drop","Aswar Malta,, 0Khalid -","50.000","50.000","0.000","0.000","Fraser Suits Seef","Bahrain Airport","BMW 7 Series","","via","WanaanCancelled","                                                                        "
"540","7364","04-Jul-24 18:00","Pickup / Drop","Arabian Automobile Association(AAA),-, 0Muhammad Asif Meghani 612912 - 32012610","7.000","0.000","7.000","0.000","Janabiya","Dammam Airport","Sedan","","via","AAACancelled","                                                                        "
"541","6451","02-Jul-24 11:00","Pickup / Drop","Khaled Al-Madani,0, +966 50 581 6064Khalid -","65.000","0.000","65.000","0.000","Dammam","Bahrain Airport","Vito","","via","WanaanCancelled","                                                                        "
"542","7137","01-Jul-24 16:30","Pickup / Drop","Arabian Automobile Association(AAA),-, 0Hasan Juma 00604835 - 39119110","7.000","0.000","7.000","0.000","Bahrain Airport EK 839","Isa Town","Sedan","","via","AAACancelled","                                                                        "
"543","6977","29-Jun-24 12:00","Pickup / Drop","Johannes Petrus van Dijk,, +971 50 1797430 -","40.000","0.000","40.000","0.000","The Juffair Boulevard Hotel ( Bahrain) ( JUFFAIR BOULEVARD HOTEL & SUITES, Building No 1019 Rd No 2417, Manama 324, Bahrain)","Warwick Hotel Al Khobar ( Warwick Al Khobar, Prince Musaid Street, Al Khobar Al Shamalia, Al Khobar 34425, Saudi Arabia)","Sedan","","mariam","Wanaan Cancelled","                                                                        "
"544","7315","29-Jun-24 07:00","Pickup / Drop","Bahrain Cab,0, 39877322 -","12.000","0.000","12.000","0.000","Hamad Town","Bahrain Airport","SUV","","via","Bahrain CabCancelled","                                                                        "
"545","7291","29-Jun-24 01:30","Pickup / Drop","Bahrain Cab,0, 39877322Mahmood  -","12.000","0.000","12.000","0.000","Shakhoura - H 729 https://goo.gl/maps/wP3kfVSW1AqJ3z666","Bahrain airport","Suv XL","","hassan","Bahrain cabCancelled","                                                                        "
"546","7165","28-Jun-24 15:00","Pickup / Drop","Arabian Automobile Association(AAA),-, 0Masooma Baqer 00605453 - 36221444","7.000","0.000","7.000","0.000","Bahrain airport GF963","Salmabad","Sedan","","mariam","AAACancelled","                                                                        "
"547","7208","28-Jun-24 07:30","Pickup / Drop","Elijah Adu,, +18149542275 -","40.000","0.000","40.000","0.000","Khobar https://maps.app.goo.gl/HsD3QcYEmfPSeRUWA","Manama","Sedan","","mariam","Wanaan Cancelled","                                                                        "
"548","7300","27-Jun-24 20:00","Pickup / Drop","TIG Group,0, +97338163548Razan -","35.000","0.000","35.000","0.000","Khobar https://maps.app.goo.gl/cJWKnUdgchGHLeQr7","Bahrain","Sedan","","mariam","TIGCancelled","                                                                        "
"549","7264","27-Jun-24 08:00","Chauffeur","Arunabh Biyani,, +918336947093 -","75.000","0.000","75.000","0.000","Elite Resort and Spa hotel","chauffeur services 8 hours","Sedan","","mariam","Wanaan Cancelled","                                                                        "
"550","7075","26-Jun-24 19:30","Pickup / Drop","Arabian Automobile Association(AAA),-, 0Ali Mohamed Saeed 00602690 - 66389998","7.000","0.000","7.000","0.000","Bahrain Airport  GF 44","house 3621 Road 186 block 701 Tubli","Sedan","","mariam","AAACancelled","                                                                        "
"551","7263","26-Jun-24 10:00","Chauffeur","Arunabh Biyani,, +918336947093 -","75.000","0.000","75.000","0.000","Bahrain Airport EY371","chauffeur services 8 hours","Sedan","","mariam","Wanaan Cancelled","                                                                        "
"552","7220","23-Jun-24 22:00","Pickup / Drop","Arabian Automobile Association(AAA),-, 0Fuad Ahmed Al Maidan /SERVICE NUMBER : 00607523 - 00973 39438381","7.000","0.000","7.000","0.000","Manama - House No 4028, Road No. 5778 Block No. 457 Bu Quwah","Bahrain Airport","Sedan","","mariam","AAACancelled","                                                                        "
"553","7241","22-Jun-24 19:35","Pickup / Drop","Cash,,  -","35.000","0.000","35.000","0.000","Bahrain Airport","Khobar","Sedan","","via","WanaanCancelled","                                                                        "
"554","7215","21-Jun-24 18:00","Pickup / Drop","Mathail Alsaleh,, +966 56 300 3402Mathail -","40.000","0.000","40.000","0.000","Bahrain","2 location","SUV","","via","WanaanCancelled","                                                                        "
"555","7039","21-Jun-24 01:00","Pickup / Drop","Arabian Automobile Association(AAA),-, 0Maryam Ebrahim Saleh Husain    00601835 - +973 3636 9689","7.000","0.000","7.000","0.000","House 2525, Road 4381, Block 743, Sanad  https://maps.app.goo.gl/oSkEdHGZSGgZWJ8Q9","Bahrain Airport","Sedan","","mac","AAACancelled","                                                                        "
"556","7167","19-Jun-24 16:30","Pickup / Drop","Arabian Automobile Association(AAA),-, 0Zakaa Sallam 00605517 - 37736660","7.000","0.000","7.000","0.000","Bahrain airport EK839","Building 864, Road 1323, Block 513, Maqaba","Sedan","","mariam","AAACancelled","                                                                        "
"557","7115","17-Jun-24 10:00","Chauffeur","sadiq alsameer,, 33422444N/A -","15.000","0.000","15.000","0.000","Bahrain","15bd per hour","Vito","","via","sadeq alsumeerCancelled","                                                                        "
"558","7120","17-Jun-24 09:00","Chauffeur","Nahla Alqenaie,, +96565553388Nahla -","1.000","0.000","1.000","0.000","Bahrain","3 hrs","Territory","","via","WanaanCancelled","                                                                        "
"559","7139","16-Jun-24 18:00","Pickup / Drop","Lets Go Bahrain,0, 0N/A - 39047420","30.000","0.000","30.000","0.000","Dhahran","Osool Residence 2 Sanabis","Sedan","","via","Lets Go Bahrain Cancelled","                                                                        "
"560","7114","16-Jun-24 16:00","Chauffeur","sadiq alsameer,, 33422444N/A -","0.000","0.000","0.000","0.000","Bahrain Airport","15 per hour","Vito","","via","sadeq alsumeerCancelled","                                                                        "
"561","7136","16-Jun-24 12:30","Pickup / Drop","Arabian Automobile Association(AAA),-, 0Hasan Juma 00604833   - 39119110","7.000","0.000","7.000","0.000","Isa Town","Bahrain Airport","Sedan","","via","AAACancelled","                                                                        "
"562","7074","16-Jun-24 06:00","Pickup / Drop","Arabian Automobile Association(AAA),-, 0Ali Mohamed saeed 00602688 - 66389998","7.000","0.000","7.000","0.000","house 3621 Road 186 block 701 Tubli https://maps.app.goo.gl/tvbMF6JVkSHsxVG47","Bahrain Airport","Sedan","","mariam","AAACancelled","                                                                        "
"563","7154","15-Jun-24 19:00","Pickup / Drop","Arabian Automobile Association(AAA),-, 0Rehab Marzooq 605189 - 39448797","7.000","0.000","7.000","0.000","House no. 1666,  Road 1131, Block 711, Tubli","Bahrain Airport","Sedan","","via","AAACancelled","                                                                        "
"564","7161","15-Jun-24 07:00","Pickup / Drop","Bahrain Cab,0, 39877322 -","12.000","0.000","12.000","0.000","abu sabieh","bahrain airport","SUV","kown","via","Bahrain CabCancelled","                                                                        "
"565","7081","15-Jun-24 01:00","Pickup / Drop","Qassim Makhlooq ,0, +973 3846 7744Abdulla/Reem - +973 3311 4425 / +973 3393 0093","0.000","0.000","0.000","0.000","Bahrain","Bahrain Airport","SUV","","mariam","Wanaan Cancelled","                                                                        "
"566","7002","14-Jun-24 14:30","Pickup / Drop","Braxtone Plus W.L.L,0, +968 9920 09844706390000174855283 - 39397717","9.000","0.000","9.000","0.000","home 1409 rode 843 rifa 908","Bahrain airport","Sedan","","mariam","Braxton Cancelled","                                                                        "
"567","7053","12-Jun-24 19:30","Pickup / Drop","Arabian Automobile Association(AAA),-, 0Bushra Isa Albusmait 00602638 - 3430 6301","12.000","0.000","12.000","0.000","HOUSE 1867,ROAD 4355, BLOCK 743","Bahrain Airport","SUV","","mariam","AAACancelled","                                                                        "
"568","7036","09-Jun-24 23:59","Pickup / Drop","Arabian Automobile Association(AAA),-, 0Rashed Salman Dhaif Albanna  00601741 - +973 3966 6574","7.000","0.000","7.000","0.000","Bahrain Airport GF 0567","A'ali","Sedan","","mac","AAACancelled","                                                                        "
"569","7062","09-Jun-24 21:45","Pickup / Drop","Farah Omar,, +966 55 116 2278 -","30.000","0.000","30.000","0.000","Bahrain ( she will send the location later)","Dhahran","Sedan","mariam","mariam","Wanaan Cancelled","                                                                        "
"570","6772","08-Jun-24 17:00","Pickup / Drop","Arabian Automobile Association(AAA),-, 0Sreedhar Jetty 00586265 - +973 3939 3581","12.000","0.000","12.000","0.000","Bahrain Airport EK0839","Abraj Lulu Apartments, near Dana mall","SUV","","mac","AAACancelled","                                                                        "
"571","7001","06-Jun-24 14:15","Pickup / Drop","Ben Queisser,0, +966 50 8206 831 -","35.000","0.000","35.000","0.000","Dammam airport","Spiral Orchid","Sedan","","mariam","Wanaan Cancelled","                                                                        "
"572","6922","27-May-24 23:15","Pickup / Drop","First One Rent,, 33634141Hanna Hakamo Westin  - +973 3660 1107","20.000","0.000","20.000","0.000","Vista Building Financial Harbor","Bahrain Airport","BMW 7 Series","","mac","First oneCancelled","                                                                        "
"573","6908","26-May-24 12:30","Chauffeur","sadiq alsameer,, 33422444 -","0.000","0.000","0.000","0.000","Dammam","chauffeur services","Sedan","","mariam","sadiq alsameer Cancelled","                                                                        "
"574","6869","24-May-24 12:30","Chauffeur","Marcus Dunsmore,, +41796719584 -","75.000","0.000","75.000","0.000","Royal Saray hotel resort Room 523","chauffeur services 6 hours","Expedition","","mariam","Wanaan Cancelled","                                                                        "
"575","6808","16-May-24 00:40","Pickup / Drop","Arabian Automobile Association(AAA),-, 0AHMED ATSHI   00588596 - +973 3770 5577","7.000","0.000","7.000","0.000","Bahrain Airport TK778","Greenberry? Malkiya, Bahrain","Sedan","","mac","AAACancelled","                                                                        "
"576","6817","15-May-24 14:40","Pickup / Drop","Laila Almahroos,, 39102222Layan - +973 3647 7707","12.000","12.000","0.000","0.000","St Christopher Isa Town School","Janabiya - house 801 road 7913 block 579","Sedan","","mac","WanaanCancelled","                                                                        "
"577","6823","14-May-24 13:00","Chauffeur","HAYA ALHUMAIDI,, +965 9968 2224N/A -","60.000","0.000","60.000","0.000","Bahrain Airport GF 214","Bahrain 6 Hours Chauffeur","Taurus","","mac","WebsiteCancelled","                                                                        "
"578","6780","13-May-24 19:50","Pickup / Drop","WELLGATE SERVICES LP,0, +44 7458 148608Kamla Al Balushi 166455 - 96895056683","8.000","0.000","8.000","0.000","Bahrain Airport WY653","Gulf Hotel Bahrain","Sedan","","via","Iway Cancelled","                                                                        "
"579","6807","11-May-24 16:30","Pickup / Drop","Husain AlShehabi,, +971554480520 -","10.000","0.000","10.000","0.000","Bahrain Airport","Bahrain Bay","Sedan","","mac","WanaanCancelled","                                                                        "
"580","6769","10-May-24 22:45","Pickup / Drop","Maha salih,, +966551434429Maha -","25.000","25.000","0.000","0.000","Dammam Rilway","Busitin","Sedan","","qassim","Mohmd AlparkyCancelled","                                                                        "
"581","6660","09-May-24 11:20","Pickup / Drop","Sarah Machlab,, 015 Pax -","30.000","0.000","30.000","0.000","Bahrain Airport GF0503","Spring Studios (United Tower)","Coaster","","via","EmailCancelled","                                                                        "
"582","6746","07-May-24 11:00","Pickup / Drop","Arabian Automobile Association(AAA),-, 0Rashed Salman Albanna  00584945 - +973 3376 6755","7.000","0.000","7.000","0.000","Aali","Bahrain Airport","Sedan","","mac","AAACancelled","                                                                        "
"583","6744","05-May-24 13:30","Pickup / Drop","Arabian Automobile Association(AAA),-, 0Rashed Albanna 584903 - +973 3911 4844","7.000","0.000","7.000","0.000","Bahrain Airport J9 101","A'ali Bahrain","Sedan","","mac","AAACancelled","                                                                        "
"584","6718","03-May-24 10:00","Chauffeur","Mathail Alsaleh,, +966 56 300 3402 -","0.000","0.000","0.000","0.000","Khobar","Bahrain","SUV XL","","via","WanaanCancelled","                                                                        "
"585","6736","02-May-24 21:00","Pickup / Drop","Muneera Alqahtani,, +966 50 713 3306Muneera -","50.000","0.000","50.000","0.000","Bahrain","Khobar","SUV","","via","WanaanCancelled","                                                                        "
"586","6706","01-May-24 11:30","Chauffeur","sadiq alsameer,, 33422444N/A -","0.000","0.000","0.000","0.000","Riyadh","Saudi Arabia Chauffeur","SUV","jasim","mac","Sadiq alsamar customer Cancelled","                                                                        "
"587","6700","01-May-24 08:20","Chauffeur","Atiqa al ali,, +971506809999 -","110.000","0.000","110.000","0.000","Bahrain Airport  G9101","chauffeur services 10 hours","Expedition","","mariam","Wanaan Cancelled","                                                                        "
"588","6650","30-Apr-24 08:00","Chauffeur","Qassim Makhlooq ,0, +973 3846 7744N/A -","160.000","0.000","160.000","0.000","Bahrain","Bahrain","Ford Expedition","","via","WanaanCancelled","                                                                        "
"589","6651","30-Apr-24 08:00","Chauffeur","Qassim Makhlooq ,0, +973 3846 7744N/A -","190.000","0.000","190.000","0.000","Bahrain","Bahrain","GMC Yukon","sayedyusuf","via","WanaanCancelled","                                                                        "
"590","6594","28-Apr-24 23:15","Pickup / Drop","WELLGATE SERVICES LP,0, +44 7458 148608RUSLAN SHAKIROV 141150 - +7 987 225-53-55","20.000","0.000","20.000","0.000","Four Seasons Hotel Bahrain Bay","Bahrain Airport","BMW 7 Series","fone rent","mac","Iway Cancelled","                                                                        "
"591","6591","26-Apr-24 19:30","Pickup / Drop","WELLGATE SERVICES LP,0, +44 7458 148608Adel Ahmed 140688 - 213770603909","8.000","0.000","8.000","0.000","Bahrain Airport GF0567","Hilton Juffair","Sedan","","via","Iway Cancelled","                                                                        "
"592","6642","25-Apr-24 09:00","Chauffeur","Jizhng Pan,, +818040633038Jizhng Pan + 2 person -","170.000","170.000","0.000","0.000","Kempinski Al Othman Hotel Al Khobar","Crown Industries(8hrs) & Dammam Airport","Nissan Patrol","","via","WanaanCancelled","                                                                        "
"593","6641","25-Apr-24 07:30","Chauffeur","Silah Gulf Company ,, 33328932 -","200.000","0.000","200.000","0.000","NBB tower -Manama","Alehsaa chauffeur services then retune to BH","Vito","","mariam","Wanaan Cancelled","                                                                        "
"594","6630","23-Apr-24 17:00","Pickup / Drop","Sibin Mathew ,, +973 3423 5661Mubeen, Ashwin  - +973 3621 0772","40.000","0.000","40.000","0.000","Dammam","Salmabad","Sedan","","mac","WanaanCancelled","                                                                        "
"595","6629","23-Apr-24 11:30","Pickup / Drop","Sibin Mathew ,, +973 3423 5661Mubeen, Ashwin  - +973 3621 0772","40.000","0.000","40.000","0.000","Salmabad","Dammam","Sedan","","mac","WanaanCancelled","                                                                        "
"596","6571","22-Apr-24 09:00","Pickup / Drop","WELLGATE SERVICES LP,0, +44 7458 148608Adel Ahmed  133917 - +213 770 60 39 09","8.000","0.000","8.000","0.000","Bahrain Airport GF 561","Hilton Bahrain Juffair","Sedan","","mac","Iway Cancelled","                                                                        "
"597","6519","21-Apr-24 21:30","Pickup / Drop","WELLGATE SERVICES LP,0, +44 7458 148608Hamza Makhlouf - 213770604178","8.000","0.000","8.000","0.000","Bahrain Airport EK 837","Hilton Bahrain Juffair","Sedan","","via","WanaanCancelled","                                                                        "
"598","6590","18-Apr-24 19:00","Pickup / Drop","Ghadeer Al-Eshaq,, +97466661517Ghadeer Al-Eshaq -","25.000","0.000","25.000","0.000","Bahrain","Bahrain Airport","BMW 7 Series","","via","WanaanCancelled","                                                                        "
"599","6595","18-Apr-24 19:00","Chauffeur","Mathail Alsaleh,, +966 56 300 3402Mathail -","25.000","0.000","25.000","0.000","Four Seasons Hotel Bahrain Bay","Bahrain","Vito","","via","WanaanCancelled","                                                                        "
"600","6588","18-Apr-24 10:00","Pickup / Drop","Mathail Alsaleh,, +966 56 300 3402 -","30.000","0.000","30.000","0.000","Khobar","Bahrain","Vito","habib","ali","WanaanCancelled","                                                                        "
"601","6576","16-Apr-24 07:15","Pickup / Drop","noora,, 36207777 -","15.000","15.000","0.000","0.000","House 2584 road 2846 block 928 Wadi AlSail","Bahrain Airport","Sedan","","mariam","Wanaan Cancelled","                                                                        "
"602","6566","13-Apr-24 14:00","Pickup / Drop","Munaf,, +966555850680Munaf -","35.000","0.000","35.000","0.000","Ramada Adliya","Khobar","Sedan","habib","via","WanaanCancelled","                                                                        "
"603","6517","11-Apr-24 11:30","Pickup / Drop","Halla Al Otaibi,, +966 53 355 4143GF170 -","20.000","0.000","20.000","0.000","Bahrain airport","Lagoona Beach - Budayia","Suv","","hassan","WanaanCancelled","                                                                        "
"604","6518","11-Apr-24 11:30","Pickup / Drop","Halla Al Otaibi,, +966 53 355 4143GF170 -","20.000","0.000","20.000","0.000","Bahrain airport","Lagoona Beach - Budayia","Suv","","hassan","WanaanCancelled","                                                                        "
"605","6512","11-Apr-24 10:00","Pickup / Drop","Marwa ,, +966 56 222 0455N/A -","45.000","0.000","45.000","0.000","Dural Al Bahrain","Dammam","Sedan","","mac","WanaanCancelled","                                                                        "
"606","6516","10-Apr-24 11:00","Pickup / Drop","Ibrahim Al Bassam,, +966 53 549 4564 -","30.000","30.000","0.000","0.000","Khobar https://maps.app.goo.gl/EQx4aGKZ2iAhSW8S6?g_st=iw","Bahrain","Sedan","","hassan","WanaanCancelled","                                                                        "
"607","6513","09-Apr-24 15:05","Pickup / Drop","WELLGATE SERVICES LP,0, +44 7458 148608Ekaterina Gurvich - +7 906 789-60-07","8.000","0.000","8.000","0.000","Bahrain Airport","The Merchant House","Sedan","","via","IwayCancelled","                                                                        "
"608","6429","01-Apr-24 14:15","Pickup / Drop","Laila Almahroos,, 39102222Layan - 36477707","12.000","12.000","0.000","0.000","St Christopher Isa Town School","Janabiya - house 801 road 7913 block 579","Sedan","","mac","WanaanCancelled","                                                                        "
"609","6431","26-Mar-24 01:00","Pickup / Drop","Fay Al Otaibi ,, +966 53 088 8802N/A -","30.000","0.000","30.000","0.000","Cipriani Bahrain","Dharan https://maps.app.goo.gl/Zbu4xWPS2Dxx3wKZ9","Sedan","","mac","WanaanCancelled","                                                                        "
"610","6430","25-Mar-24 16:00","Pickup / Drop","Fay Al Otaibi ,, +966 53 088 8802N/A -","30.000","0.000","30.000","0.000","Dharan https://maps.app.goo.gl/Zbu4xWPS2Dxx3wKZ9","Cipriani Bahrain","Sedan","","mac","WanaanCancelled","                                                                        "
"611","6438","24-Mar-24 10:00","Pickup / Drop","Lets Go Bahrain,0, 0Mohmd Sherid & Riheb -","320.000","0.000","320.000","0.000","Doha Hotel","Wyndham Garden Juffair","Sprinter","admin","via","Lets Go Bahrain Cancelled","                                                                        "
"612","6397","16-Mar-24 00:00","Pickup / Drop","Al-Ettifaq FC,0, +966 54 309 9902N/A -","120.000","0.000","120.000","0.000","Bahrain","Dammam","BMW 7 Series","","via","Al-EttifaqCancelled","                                                                        "
"613","6320","11-Mar-24 09:00","Chauffeur","Bahraini German International Services,123456, +973 3644 2626N/A -","50.000","0.000","50.000","0.000","Port for AIDA cruiseship","Bahrain","HiAce","","via","WanaanCancelled","                                                                        "
"614","6363","08-Mar-24 14:30","Pickup / Drop","Ahmed Altamimy,, +966530460941N/A -","35.000","0.000","35.000","0.000","Khobar Voco Hotel","Faser suites Al Hamala","SUV","","hassan","WanaanCancelled","                                                                        "
"615","6226","07-Mar-24 14:00","Pickup / Drop","Eng. Raed Bakhrji,, +966 50 713 3306 -","80.000","0.000","80.000","0.000","Dammam / the business quarter","Bahrain / the Ritz Carlton","Vito","","mariam","Wanaan Cancelled","                                                                        "
"616","4211","07-Mar-24 10:00","Pickup / Drop","Andrea Stastna,0, +420731837167Andrea + 3 -","120.000","120.000","0.000","0.000","Concorde Hotel Doha","Tulip Inn Corniche Dammam","SUV","","via","WanaanCancelled","                                                                        "
"617","6225","07-Mar-24 09:30","Pickup / Drop","Eng. Raed Bakhrji,, +966 50 713 3306 -","80.000","0.000","80.000","0.000","Bahrain / the Ritz Carlton","Dammam / the business quarter","Vito","","mariam","Wanaan Cancelled","                                                                        "
"618","5865","07-Mar-24 07:00","Pickup / Drop","WELLGATE SERVICES LP,0, +44 7458 148608Latifa Alkhelaifi 40449 - +974 5587 4200","8.000","0.000","8.000","0.000","Four Seasons Hotel Bahrain Bay, Bahrain","Bahrain airport","Sedan","","via","Iway Cancelled","                                                                        "
"619","6318","06-Mar-24 13:30","Pickup / Drop","WELLGATE SERVICES LP,0, +44 7458 148608Mohamed Elsaid Abdelaziz Eissawy 74983 -","8.000","0.000","8.000","0.000","Bahrain Airport","Ramada by Wyndham Manama City Centre","Sedan","","via","WanaanCancelled","                                                                        "
"620","4210","04-Mar-24 10:00","Pickup / Drop","Andrea Stastna,0, +420731837167Andrea + 3 -","160.000","160.000","0.000","0.000","Premier Hotel Juffair","Concorde Hotel Doha","SUV","","via","WanaanCancelled","                                                                        "
"621","6306","04-Mar-24 10:00","Pickup / Drop","Jason Bridges,, 00966 552919237 -","40.000","0.000","40.000","0.000","Hamad Town","Damam","Sedan","","hassan","WanaanCancelled","                                                                        "
"622","6213","02-Mar-24 23:30","Pickup / Drop","Al-Ettifaq FC,0, +966 54 309 9902 -","85.000","0.000","85.000","0.000","Bahrain Airport private airport terminal","al-ettifaq club Dammam","SUV","","mariam","al-ettifaqCancelled","                                                                        "
"623","6214","02-Mar-24 23:30","Pickup / Drop","Al-Ettifaq FC,0, +966 54 309 9902 -","85.000","0.000","85.000","0.000","Bahrain Airport private airport terminal","al-ettifaq club Dammam","SUV","","mariam","al-ettifaqCancelled","                                                                        "
"624","6215","02-Mar-24 23:30","Pickup / Drop","Al-Ettifaq FC,0, +966 54 309 9902 -","85.000","0.000","85.000","0.000","Bahrain Airport private airport terminal","al-ettifaq club Dammam","SUV","","mariam","al-ettifaqCancelled","                                                                        "
"625","6216","02-Mar-24 23:30","Pickup / Drop","Al-Ettifaq FC,0, +966 54 309 9902 -","85.000","0.000","85.000","0.000","Bahrain Airport private airport terminal","al-ettifaq club Dammam","SUV","","mariam","Wanaan Cancelled","                                                                        "
"626","6217","02-Mar-24 23:30","Pickup / Drop","Al-Ettifaq FC,0, +966 54 309 9902 -","85.000","0.000","85.000","0.000","Bahrain Airport private airport terminal","al-ettifaq club Dammam","SUV","","mariam","al-ettifaqCancelled","                                                                        "
"627","6218","02-Mar-24 23:30","Pickup / Drop","Al-Ettifaq FC,0, +966 54 309 9902 -","85.000","0.000","85.000","0.000","Bahrain Airport private airport terminal","al-ettifaq club Dammam","SUV","","mariam","al-ettifaqCancelled","                                                                        "
"628","6219","02-Mar-24 23:30","Pickup / Drop","Al-Ettifaq FC,0, +966 54 309 9902 -","85.000","0.000","85.000","0.000","Bahrain Airport private airport terminal","al-ettifaq club Dammam","SUV","","mariam","al-ettifaqCancelled","                                                                        "
"629","5952","02-Mar-24 21:00","Pickup / Drop","Joe Bailey,, +966537627652 -","180.000","180.000","0.000","0.000","F1 track - tbc","MU04 Digital City, Riyadh https://maps.app.goo.gl/hfG8MbnnqefGKGvH7","New SUV","","mariam","WanaanCancelled","                                                                        "
"630","6281","02-Mar-24 20:45","Pickup / Drop","Kulvaran (Address Beach Hotel),, +973 3684 1584N/A -","65.000","0.000","65.000","0.000","BIC","Address Hotel Marassi","Lexus ES350","","via","WanaanCancelled","                                                                        "
"631","6280","02-Mar-24 16:00","Pickup / Drop","Kulvaran (Address Beach Hotel),, +973 3684 1584N/A -","65.000","0.000","65.000","0.000","Address Hotel Marassi","BIC","Lexus ES350","","via","WanaanCancelled","                                                                        "
"632","6279","02-Mar-24 13:30","Pickup / Drop","Kulvaran (Address Beach Hotel),, +973 3684 1584N/A -","65.000","0.000","65.000","0.000","Address Hotel Marassi","Bahrain","Lexus ES350","","via","WanaanCancelled","                                                                        "
"633","6252","02-Mar-24 10:00","Pickup / Drop","Lets Go Bahrain,0, 0Guest  - +31 6 83535960","22.000","0.000","22.000","0.000","Crystal Palace Juffair","Bahrain Circuit","Sedan","mjaffar","via","Lets Go Bahrain Cancelled","                                                                        "
"634","6206","01-Mar-24 13:00","Pickup / Drop","Al-Ettifaq FC,0, +966 54 309 9902 -","85.000","0.000","85.000","0.000","al-ettifaq club Dammam","Bahrain Airport private airport terminal","SUV","","mariam","al-ettifaqCancelled","                                                                        "
"635","6207","01-Mar-24 13:00","Pickup / Drop","Al-Ettifaq FC,0, +966 54 309 9902 -","85.000","0.000","85.000","0.000","al-ettifaq club Dammam","Bahrain Airport private airport terminal","SUV","","mariam","al-ettifaqCancelled","                                                                        "
"636","6208","01-Mar-24 13:00","Pickup / Drop","Al-Ettifaq FC,0, +966 54 309 9902 -","85.000","0.000","85.000","0.000","al-ettifaq club Dammam","Bahrain Airport private airport terminal","SUV","","mariam","al-ettifaqCancelled","                                                                        "
"637","6209","01-Mar-24 13:00","Pickup / Drop","Al-Ettifaq FC,0, +966 54 309 9902 -","85.000","0.000","85.000","0.000","al-ettifaq club Dammam","Bahrain Airport private airport terminal","SUV","","mariam","al-ettifaqCancelled","                                                                        "
"638","6210","01-Mar-24 13:00","Pickup / Drop","Al-Ettifaq FC,0, +966 54 309 9902 -","85.000","0.000","85.000","0.000","al-ettifaq club Dammam","Bahrain Airport private airport terminal","SUV","","mariam","al-ettifaqCancelled","                                                                        "
"639","6211","01-Mar-24 13:00","Pickup / Drop","Al-Ettifaq FC,0, +966 54 309 9902 -","85.000","0.000","85.000","0.000","al-ettifaq club Dammam","Bahrain Airport private airport terminal","SUV","","mariam","al-ettifaqCancelled","                                                                        "
"640","6212","01-Mar-24 13:00","Pickup / Drop","Al-Ettifaq FC,0, +966 54 309 9902 -","85.000","0.000","85.000","0.000","al-ettifaq club Dammam","Bahrain Airport private airport terminal","SUV","","mariam","al-ettifaqCancelled","                                                                        "
"641","5951","29-Feb-24 14:30","Pickup / Drop","Joe Bailey,, +966537627652 -","180.000","180.000","0.000","0.000","MU04 Digital City, Riyadh https://maps.app.goo.gl/qa1vorTbpBvjeaV88","Bahrain - hotel to be confirmed","New SUV","","mariam","WanaanCancelled","                                                                        "
"642","4209","28-Feb-24 10:00","Pickup / Drop","Andrea Stastna,0, +420731837167Andrea + 3 -","50.000","50.000","0.000","0.000","Tulip Inn Corniche Dammam","Premier Hotel Juffair","SUV","","via","wanaan Cancelled","                                                                        "
"643","5591","27-Feb-24 11:59","Pickup / Drop","Michael Van Den Berg,, +31 6 38390602N/A -","45.000","0.000","45.000","0.000","ibis Styles Manama","Dammam airport","Sedan","","mac","WanaanCancelled","                                                                        "
"644","6176","27-Feb-24 07:25","Pickup / Drop","Basma Alsaleh,, 33666672 -","140.000","140.000","0.000","0.000","Fontana Tower Juffair","Fairmont Hotel Riyadh https://maps.google.com/maps/place//data=!4m2!3m1!1s0x3e2efc5ababc7065:0xbd4b4b5828b1d31a?entry=s&sa=X&ved=2ahUKEwiv0v7xn8SEAxWPhv0HHUwCB2oQ4kB6BAgOEAA&hl=en-sa","Expedition","","hassan","WanaanCancelled","                                                                        "
"645","6196","27-Feb-24 05:30","Pickup / Drop","Travel Mate,32, +973 3964 2445N/A - +966 53 883 4444","35.000","0.000","35.000","0.000","Saihat","Bahrain airport","Sedan","","mac","Travel mateCancelled","                                                                        "
"646","5869","25-Feb-24 13:00","Pickup / Drop","George El Hallal,, +971506445408George -","50.000","0.000","50.000","0.000","Radisson Blu Diplomatic area","Khobar","Vito","","via","WanaanCancelled","                                                                        "
"647","6169","24-Feb-24 22:00","Pickup / Drop","Mahammad Abdul,, +966 50 683 3435N/A -","40.000","0.000","40.000","0.000","Dammam https://maps.app.goo.gl/NoMJm6TTvUnru2QAA?g_st=iw","Bahrain airport","Sedan","","mac","WanaanCancelled","                                                                        "
"648","6165","23-Feb-24 23:40","Pickup / Drop","Kulvaran (Address Beach Hotel),, +973 3684 1584 -","25.000","0.000","25.000","0.000","Al dana amphitheater","The. Address","Suv","","hassan","WanaanCancelled","                                                                        "
"649","6154","21-Feb-24 15:30","Pickup / Drop","Hussain Alghanmi,0, 33116393N/A -","35.000","0.000","35.000","0.000","Dammam Airport","Diraz","Territory","salman","mac","WanaanCancelled","                                                                        "
"650","6146","21-Feb-24 15:00","Pickup / Drop","Mohammed Ahmed,, +44 7534 190519N/A - +966 55 079 4654","160.000","0.000","160.000","0.000","Riyadh Alshulah Compound https://maps.app.goo.gl/k2SvAEXD8rLL6woN9","Bahrain","SUV","","mac","WanaanCancelled","                                                                        "
"651","6134","20-Feb-24 06:30","Pickup / Drop","Arabian Automobile Association(AAA),-, 0May Bahzad -","8.000","0.000","8.000","0.000","House 3215 Road 3473 Block 234 Samaheej","Bahrain airport","Sedan","","via","AAACancelled","                                                                        "
"652","6117","19-Feb-24 09:40","Chauffeur","ENEOS GLOBE Corporation,0, +971 50 928 5225N/A -","120.000","0.000","120.000","0.000","Dammam Airport","Chauffeur services 12 hours Bahrain","Sedan","","mac","WanaanCancelled","                                                                        "
"653","5844","15-Feb-24 16:52","Chauffeur","MOTWANE ENT & WEDDINGS LLP ,, 00000 -","402.000","0.000","402.000","0.000","Mercure Hotel","16 Hours Chauffeur Drive","3 hiace","","via","MOTWANE ENTCancelled","                                                                        "
"654","6058","15-Feb-24 13:30","Pickup / Drop","Ahmad Kamel,, +966503650531 -","40.000","40.000","0.000","0.000","Dammam airport","Manama","SUV","","mariam","WanaanCancelled","                                                                        "
"655","6057","15-Feb-24 12:30","Chauffeur","Assaouci Nabil,, +33617911333Assaouci -","80.000","0.000","80.000","0.000","Fraser Suites","6 hours","SUV","","via","FraserCancelled","                                                                        "
"656","5860","14-Feb-24 17:41","Chauffeur","MOTWANE ENT & WEDDINGS LLP ,, 00000 -","162.000","0.000","162.000","0.000","Bahrain Beach Bay","16 Hours Chauffeur Drive","Coaster","","via","MOTWANE ENTCancelled","                                                                        "
"657","5843","14-Feb-24 16:51","Chauffeur","MOTWANE ENT & WEDDINGS LLP ,, 00000 -","402.000","0.000","402.000","0.000","Mercure Hotel","16 Hours Chauffeur Drive","3 hiace","","via","MOTWANE ENTCancelled","                                                                        "
"658","6046","14-Feb-24 12:00","Pickup / Drop","Prima Tourist Transportation and Car Rental Co W.L.L ,0, +973 3300 4473N/A -","65.000","0.000","65.000","0.000","Jumeirah","Bahrain Airport","BMW 7 Series","","via","PrimaCancelled","                                                                        "
"659","5827","14-Feb-24 06:30","Chauffeur","MOTWANE ENT & WEDDINGS LLP ,, 00000N/A -","106.000","0.000","106.000","0.000","Bahrain","Bahrain 16 Hours","Sedan","","mac","MotwaneCancelled","                                                                        "
"660","5852","14-Feb-24 05:17","Chauffeur","MOTWANE ENT & WEDDINGS LLP ,, 00000Dnc Decor -","268.000","0.000","268.000","0.000","Mercure Hotel","Mercure 16 hours","2 Hiace","","via","WanaanCancelled","                                                                        "
"661","5859","13-Feb-24 17:40","Chauffeur","MOTWANE ENT & WEDDINGS LLP ,, 00000 -","162.000","0.000","162.000","0.000","Bahrain Beach Bay","16 Hours Chauffeur Drive","Coaster","","via","MOTWANE ENTCancelled","                                                                        "
"662","5842","13-Feb-24 16:50","Chauffeur","MOTWANE ENT & WEDDINGS LLP ,, 00000 -","402.000","0.000","402.000","0.000","Mercure Hotel","16 Hours Chauffeur Drive","3 hiace","","via","MOTWANE ENTCancelled","                                                                        "
"663","5826","13-Feb-24 06:30","Chauffeur","MOTWANE ENT & WEDDINGS LLP ,, 00000N/A -","106.000","0.000","106.000","0.000","Bahrain","Bahrain 16 Hours","Sedan","","mac","MotwaneCancelled","                                                                        "
"664","5851","13-Feb-24 05:16","Chauffeur","MOTWANE ENT & WEDDINGS LLP ,, 00000Dnc Decor -","268.000","0.000","268.000","0.000","Mercure Hotel","Mercure Hotel 16 hours","2 Hiace","","via","WanaanCancelled","                                                                        "
"665","5858","12-Feb-24 17:34","Chauffeur","MOTWANE ENT & WEDDINGS LLP ,, 00000N/A -","162.000","0.000","162.000","0.000","Bahrain Beach Bay","16 Hours Chauffeur Drive","Coaster","","via","MOTWANE ENTCancelled","                                                                        "
"666","5841","12-Feb-24 16:49","Chauffeur","MOTWANE ENT & WEDDINGS LLP ,, 00000 -","402.000","0.000","402.000","0.000","Mercure Hotel","16 Hours Chauffeur Drive","3 hiace","","via","MOTWANE ENTCancelled","                                                                        "
"667","5825","12-Feb-24 06:30","Chauffeur","MOTWANE ENT & WEDDINGS LLP ,, 00000N/A -","106.000","0.000","106.000","0.000","Bahrain","Bahrain 16 Hours","Sedan","","mac","MotwaneCancelled","                                                                        "
"668","5849","12-Feb-24 06:08","Chauffeur","MOTWANE ENT & WEDDINGS LLP ,, 00000Dnc Decor -","268.000","0.000","268.000","0.000","Mercure Hotel","Mercure 16 hours","2 Hiace","","via","WanaanCancelled","                                                                        "
"669","5840","11-Feb-24 14:49","Chauffeur","MOTWANE ENT & WEDDINGS LLP ,, 00000 -","402.000","0.000","402.000","0.000","Mercure Hotel","16 Hours Chauffeur Drive","3 hiace","","via","MOTWANE ENTCancelled","                                                                        "
"670","5824","11-Feb-24 06:30","Chauffeur","MOTWANE ENT & WEDDINGS LLP ,, 00000N/A -","106.000","0.000","106.000","0.000","Bahrain","Bahrain 16 Hours","Sedan","","mac","MotwaneCancelled","                                                                        "
"671","5848","11-Feb-24 06:05","Chauffeur","MOTWANE ENT & WEDDINGS LLP ,, 00000Dnc Decor -","268.000","0.000","268.000","0.000","Mercure Hotel","Mercure Hotel 16 hours","2 Hiace","","via","WanaanCancelled","                                                                        "
"672","5857","11-Feb-24 05:28","Chauffeur","MOTWANE ENT & WEDDINGS LLP ,, 00000Catering Team -","162.000","0.000","162.000","0.000","Bahrain Beach Bay","16 hours","Coaster","","via","WanaanCancelled","                                                                        "
"673","5837","10-Feb-24 15:33","Chauffeur","MOTWANE ENT & WEDDINGS LLP ,, 00000 -","402.000","0.000","402.000","0.000","Mercure Hotel","16 Hours Chauffeur Drive","3 hiace","","via","MOTWANE ENTCancelled","                                                                        "
"674","5762","10-Feb-24 10:00","Chauffeur","Hashtag Limo Company,1010966030, +966538494984Dario Farah - 0549990101","120.000","0.000","120.000","0.000","Riyadh As Sulsymaniah","Riyadh As Sulsymaniah","2 Vito","","via","Hashtag Limo Riyadh Cancelled","                                                                        "
"675","5836","09-Feb-24 16:00","Chauffeur","MOTWANE ENT & WEDDINGS LLP ,, 00000 -","402.000","0.000","402.000","0.000","Mercure Hotel","16 Hours Chauffeur Drive","3 hiace","","via","MOTWANE ENTCancelled","                                                                        "
"676","5846","09-Feb-24 06:30","Chauffeur","MOTWANE ENT & WEDDINGS LLP ,, 00000Dnc Decor -","268.000","0.000","268.000","0.000","Mercure Hotel","Mercure Hotel 16 hours","2 Hiace","","via","WanaanCancelled","                                                                        "
"677","5854","09-Feb-24 06:00","Chauffeur","MOTWANE ENT & WEDDINGS LLP ,, 00000Catering Team -","162.000","0.000","162.000","0.000","Bahrain Beach Bay","16 hours","Coaster","","via","WanaanCancelled","                                                                        "
"678","5861","08-Feb-24 23:15","Pickup / Drop","MOTWANE ENT & WEDDINGS LLP ,, 00000Light Designer -","12.000","0.000","12.000","0.000","Bahrain Airport","Mericure Hotel","Sedan","","via","WanaanCancelled","                                                                        "
"679","5798","08-Feb-24 14:00","Chauffeur","MOTWANE ENT & WEDDINGS LLP ,, 00000 -","106.000","0.000","106.000","0.000","Jumeirah Gulf","Chauffeur services 16 hours","Sedan","","mariam","WanaanCancelled","                                                                        "
"680","5832","08-Feb-24 05:30","Pickup / Drop","Braxtone Plus W.L.L,0, +968 9920 0984Suad Saeed - 36403026","12.000","0.000","12.000","0.000","Riffa Bukawara","Bahrain Airport","Sedan","","via","BraxtoneCancelled","                                                                        "
"681","5833","07-Feb-24 15:30","Pickup / Drop","MOTWANE ENT & WEDDINGS LLP ,, 00000N/A -","20.000","0.000","20.000","0.000","Ritz Carlton","Bahrain airport","Vito","","via","Iway Cancelled","                                                                        "
"682","5817","07-Feb-24 08:10","Chauffeur","MOTWANE ENT & WEDDINGS LLP ,, 00000Mohmd Khan -","106.000","0.000","106.000","0.000","Bahrain Airport GF057","Mercure Hotel","Sedan","amohamed","mac","MOTWANE ENTCancelled","                                                                        "
"683","5810","07-Feb-24 07:30","Pickup / Drop","LDN/UAE Chauffeur ,, +44 203 588 7000/+97Jose - +1 512 545 2850","20.000","0.000","20.000","0.000","Four Seasons Hotel Bahrain","Bahrain airport Vip Terminal","SUV","","mac","LDN Chauffeur Cancelled","                                                                        "
"684","5811","07-Feb-24 07:30","Pickup / Drop","LDN/UAE Chauffeur ,, +44 203 588 7000/+97Jose - +1 512 545 2850","20.000","0.000","20.000","0.000","Four Seasons Hotel Bahrain","Bahrain airport Vip Terminal","SUV","","mac","LDN Chauffeur Cancelled","                                                                        "
"685","5794","04-Feb-24 09:00","Pickup / Drop","MOTWANE ENT & WEDDINGS LLP ,, 00000 -","18.000","0.000","18.000","0.000","Bahrain Airport","Jumeirah hotel","Cargo","","mariam","MOTWANE ENTCancelled","                                                                        "
"686","5775","03-Feb-24 11:00","Pickup / Drop","Bahrain Cab,0, 39877322 -","12.000","12.000","0.000","0.000","Riffa","Bahrain airport","SUV XL","","mariam","Bahrain CabCancelled","                                                                        "
"687","5754","01-Feb-24 20:30","Pickup / Drop","Bahrain Cab,0, 39877322 -","12.000","0.000","12.000","0.000","Salmabad","Bahrain Airport","Suv","qmakki","hassan","Bahrain cab Cancelled","                                                                        "
"688","5660","27-Jan-24 15:00","Pickup / Drop","Siddique,, +973 3511 2721 -","40.000","0.000","40.000","0.000","Insurance gate","Dammam airport","SUV","","mariam","WanaanCancelled","                                                                        "
"689","5711","27-Jan-24 11:30","Pickup / Drop","Saad,, 00966505926269Saad  - +966 54 4899 980","45.000","0.000","45.000","0.000","Arad","Dammam","Sedan","","mac","WanaanCancelled","                                                                        "
"690","5703","26-Jan-24 13:00","Pickup / Drop","First One Rent,, 33634141N/A -","25.000","0.000","25.000","0.000","Intercontinental Regency","Bahrain airport","SUV","","mac","WanaanCancelled","                                                                        "
"691","5666","23-Jan-24 08:30","Chauffeur","Travel Gate,0, 0097339133034 -","155.000","0.000","155.000","0.000","Ascott Hotel on the Corniche in Al Khobar","The trip will be between Bahrain and Dammam","Ford Expedition New","","mariam","WanaanCancelled","                                                                        "
"692","5646","21-Jan-24 14:15","Pickup / Drop","Mohamed Alshaikh,, +966 53 030 4666 -","20.000","20.000","0.000","0.000","Riffa","Bahrain airport","Suv XL","","hassan","WanaanCancelled","                                                                        "
"693","5616","18-Jan-24 15:15","Pickup / Drop","Braxtone Plus W.L.L,0, +968 9920 09844706390000156573002 - 66977944","6.000","0.000","6.000","0.000","home: 1786 road:5530 block Galali","Bahrain airport","Sedan","mariam","mac","BraxtoneCancelled","                                                                        "
"694","5555","16-Jan-24 13:45","Pickup / Drop","WELLGATE SERVICES LP,0, +44 7458 148608Aldana Al Meslemani, Souad Al Kuwari  - +974 5007 8080,+974 5007 8080","20.000","0.000","20.000","0.000","Four Seasons Hotel Bahrain","Bahrain airport","BMW","","mac","Iway Cancelled","                                                                        "
"695","5416","16-Jan-24 10:20","Pickup / Drop","WELLGATE SERVICES LP,0, +44 7458 148608MARYAM ALAJMI 424684 - +96897199933","8.740","0.000","8.740","0.000","Bahrain Airport OV263","Manama, Downtown Rotana, Government Avenue","Sedan","","mariam","Iway Cancelled","                                                                        "
"696","5544","11-Jan-24 13:00","Pickup / Drop","badria albakri,, +966567615358 -","35.000","0.000","35.000","0.000","Wyndham Grand Manama","Khobar","Sedan","","mariam","WanaanCancelled","                                                                        "
"697","5532","09-Jan-24 20:00","Pickup / Drop","Mishary ,, +966 50 099 5500N/A -","25.000","0.000","25.000","0.000","Adliya","Janabiya","BMW","","mac","WanaanCancelled","                                                                        "
"698","5508","08-Jan-24 21:00","Pickup / Drop","Abdul Rahman Al Hammadi,0, +966 54 290 2908 -","50.000","30.000","20.000","0.000","Damam","Bahrain airport","Suv XL","","hassan","WanaanCancelled","                                                                        "
"699","5516","07-Jan-24 21:00","Pickup / Drop","Mohammed Alghamdi 1,, +966 53 553 3767N/A -","45.000","0.000","45.000","0.000","Bahrain","Dammam","Sedan","","mac","WanaanCancelled","                                                                        "
"700","5467","03-Jan-24 23:20","Pickup / Drop","Ahmed Moussa ,, +966505935353 -","50.000","0.000","50.000","0.000","Bahrain Airport","AL Hasa","SUV","","mariam","WanaanCancelled","                                                                        "
"701","5482","03-Jan-24 20:30","Pickup / Drop","Wejdan Zahid,, +966566339141 -","20.000","0.000","20.000","0.000","Bahrain Circuit","Sofitel Bahrain Zallaq Thalassa sea & spa","Sedan","","mariam","WanaanCancelled","                                                                        "
"702","5425","01-Jan-24 13:00","Chauffeur","Lina Helaal ,, +966 555 423 933 -","60.000","60.000","0.000","0.000","Fraser Suites 8 hours Bahrain","Bahrain","Sedan","","mariam","WanaanCancelled","                                                                        "
"703","5377","01-Jan-24 09:55","Pickup / Drop","Lets Go Bahrain,0, 0Dr. Mike  -","9.000","0.000","9.000","0.000","Hotel","Bahrain airport","Sedan","","mariam","Lets Go Bahrain Cancelled","                                                                        "
"704","5375","01-Jan-24 01:15","Pickup / Drop","Lets Go Bahrain,0, 0Dr. Warren  -","9.000","0.000","9.000","0.000","Hotel","Bahrain airport","Sedan","","mariam","Lets Go Bahrain Cancelled","                                                                        "
"705","5443","31-Dec-23 20:00","Pickup / Drop","Hussain Alghamdi ,, +966 56 022 2644N/A -","40.000","0.000","40.000","0.000","Bahrain Airport GF153","Khobar","SUV","","mac","WanaanCancelled","                                                                        "
"706","5381","31-Dec-23 19:05","Pickup / Drop","Lets Go Bahrain,0, 0Mr. Jad & Mrs. Hind  -","9.000","0.000","9.000","0.000","Hotel","Bahrain airport","Sedan","","mariam","Lets Go Bahrain Cancelled","                                                                        "
"707","5385","31-Dec-23 19:05","Pickup / Drop","Lets Go Bahrain,0, 0Kareem & Ms -","9.000","0.000","9.000","0.000","Hotel","Bahrain airport","Sedan","","mariam","Lets Go Bahrain Cancelled","                                                                        "
"708","5424","31-Dec-23 13:00","Chauffeur","Lina Helaal ,, +966 555 423 933 -","60.000","60.000","0.000","0.000","Fraser Suites  8 hours Bahrain","Bahrain","Sedan","","mariam","WanaanCancelled","                                                                        "
"709","5383","30-Dec-23 18:45","Pickup / Drop","Lets Go Bahrain,0, 0Dr. Zakary  -","9.000","0.000","9.000","0.000","Hotel","Bahrain airport","Sedan","","mariam","Lets Go Bahrain Cancelled","                                                                        "
"710","5435","30-Dec-23 17:30","Pickup / Drop","Muhammad Samiullah Zahir,0, +973 3814 6368 -","15.000","0.000","15.000","0.000","Bahrain Airport","Riffa","Suv","","ali","Wanaan Cancelled","                                                                        "
"711","5435","30-Dec-23 17:30","Pickup / Drop","Muhammad Samiullah Zahir,0, +973 3814 6368 -","15.000","0.000","15.000","0.000","Bahrain Airport","Riffa","Suv","","ali","Wanaan Cancelled","                                                                        "
"712","5371","30-Dec-23 14:00","Pickup / Drop","Lets Go Bahrain,0, 0 -","17.000","0.000","17.000","0.000","Muharraq Walk","Elite Resort & Spa","Hiace","aanood","mariam","Lets Go Bahrain Cancelled","                                                                        "
"713","5396","30-Dec-23 14:00","Pickup / Drop","Lets Go Bahrain,0, 0 -","17.000","0.000","17.000","0.000","Muharraq Walk","Fraser Suites Seef Bahrain","Hiace","aanood","mac","Lets Go Bahrain Cancelled","                                                                        "
"714","5423","30-Dec-23 13:00","Chauffeur","Lina Helaal ,, +966 555 423 933 -","60.000","60.000","0.000","0.000","chaffeur  8 hours  Fraser Suites","Bahrain","Sedan","","mariam","WanaanCancelled","                                                                        "
"715","5370","30-Dec-23 11:00","Pickup / Drop","Lets Go Bahrain,0, 0 -","17.000","0.000","17.000","0.000","Manama Souk","Muharraq Walk","Hiace","aanood","mariam","Lets Go Bahrain Cancelled","                                                                        "
"716","5395","30-Dec-23 11:00","Pickup / Drop","Lets Go Bahrain,0, 0N/A -","17.000","0.000","17.000","0.000","Manama Souk","Muharraq Walk","Hiace","aanood","mac","Lets Go Bahrain Cancelled","                                                                        "
"717","5369","30-Dec-23 10:00","Pickup / Drop","Lets Go Bahrain,0, 0 -","17.000","0.000","17.000","0.000","Fraser Suites Seef Bahrain","Manama Souk Brkfst","Hiace","aanood","mariam","Lets Go Bahrain Cancelled","                                                                        "
"718","5394","30-Dec-23 10:00","Pickup / Drop","Lets Go Bahrain,0, 0N/A -","17.000","0.000","17.000","0.000","Elite Resort & Spa","Manama Souk Brkfst","Hiace","aanood","mac","Lets Go Bahrain Cancelled","                                                                        "
"719","5422","29-Dec-23 19:00","Chauffeur","Lina Helaal ,, +966 555 423 933 -","60.000","60.000","0.000","0.000","Bahrain Airport Chauffeur 8 hours","Bahrain","Sedan","aanood","mariam","WanaanCancelled","                                                                        "
"720","5434","28-Dec-23 20:00","Pickup / Drop","Lets Go Bahrain,0, 0 -","9.000","0.000","9.000","0.000","Elite Resort & Spa","Saar","Sedan","","mariam","Lets Go Bahrain Cancelled","                                                                        "
"721","5388","28-Dec-23 13:30","Pickup / Drop","Lets Go Bahrain,0, 0N/A -","17.000","0.000","17.000","0.000","Aaliyas house","Elite Resort & Spa","Hiace","aanood","mac","Lets Go Bahrain Cancelled","                                                                        "
"722","5154","28-Dec-23 09:30","Pickup / Drop","Arabian Automobile Association(AAA),-, 0Abdulrahman Yousif Bucheeri 00528753 - +973 6633 8816","7.000","0.000","7.000","0.000","Bahrain Airport QR 1112","Hamad Town Roundabout 7","Sedan","","mac","AAACancelled","                                                                        "
"723","5374","28-Dec-23 00:15","Pickup / Drop","Lets Go Bahrain,0, 0Dr. Warren  -","9.000","0.000","9.000","0.000","Bahrain Airport TK778","Hotel","Sedan","","mariam","Lets Go Bahrain Cancelled","                                                                        "
"724","5355","25-Dec-23 11:13","Pickup / Drop","Ebtisam ,1, +97455446662 -","17.000","0.000","17.000","0.000","Hamad Town House 3992 road 564 block 1205 https://maps.app.goo.gl/G7hK1AcmLhnVRksX6","Bahrain airport","Ford Expedition XL","","mariam","WanaanCancelled","                                                                        "
"725","5349","25-Dec-23 10:00","Pickup / Drop","Mehdi Benzaari,, +966554424331 -","40.000","40.000","0.000","0.000","Riviera Waterfront Village Compound – VIlal 410 Bayan Street Street Khobar , KSA","Bahrain airport","Ford Taurus","","mariam","WanaanCancelled","                                                                        "
"726","5253","23-Dec-23 12:30","Pickup / Drop","Lets Go Bahrain,0, 0Aditya srivastava  -","9.000","0.000","9.000","0.000","Fraser Suites Seef Bahrain","Bahrain airport","Sedan","smakhlooq","mariam","Lets Go Bahrain Cancelled","                                                                        "
"727","5252","23-Dec-23 07:30","Pickup / Drop","Lets Go Bahrain,0, 0zahid zakiuddin  -","9.000","0.000","9.000","0.000","Fraser Suites Seef Bahrain","Bahrain airport","Sedan","","mariam","Lets Go Bahrain Cancelled","                                                                        "
"728","5237","22-Dec-23 23:00","Pickup / Drop","Al-Ettifaq FC,0, +966 54 309 9902 -","120.000","0.000","120.000","0.000","Bahrain","Al-Ettifaq FC Dammam","BMW","","mariam","WanaanCancelled","                                                                        "
"729","5292","22-Dec-23 21:00","Pickup / Drop","Lets Go Bahrain,0, 0 -","9.000","0.000","9.000","0.000","Palmyard hotel","Almassarah Saar","Sedan","","mariam","Lets Go Bahrain Cancelled","                                                                        "
"730","5282","22-Dec-23 20:30","Pickup / Drop","Lets Go Bahrain,0, 0N/A -","9.000","0.000","9.000","0.000","Palmyard hotel","Fraser Suites Seef Bahrain","Sedan","","mariam","Lets Go Bahrain Cancelled","                                                                        "
"731","5281","22-Dec-23 18:30","Pickup / Drop","Lets Go Bahrain,0, 0 -","9.000","0.000","9.000","0.000","Fraser Suites Seef Bahrain","Palmyard hotel","Sedan","","mariam","Lets Go Bahrain Cancelled","                                                                        "
"732","5283","22-Dec-23 18:30","Pickup / Drop","Lets Go Bahrain,0, 0 -","9.000","0.000","9.000","0.000","Fraser Suites Seef Bahrain","Palmyard hotel","Sedan","","mariam","Lets Go Bahrain Cancelled","                                                                        "
"733","5290","21-Dec-23 21:00","Pickup / Drop","Lets Go Bahrain,0, 0N/A -","9.000","0.000","9.000","0.000","Ritz Carlton","Almassarah Saar","Sedan","","mariam","Lets Go Bahrain Cancelled","                                                                        "
"734","5294","21-Dec-23 21:00","Pickup / Drop","Lets Go Bahrain,0, 0 -","9.000","0.000","9.000","0.000","Ritz Carlton","Fraser Suites Seef Bahrain","Sedan","","mariam","Lets Go Bahrain Cancelled","                                                                        "
"735","5293","21-Dec-23 18:00","Pickup / Drop","Lets Go Bahrain,0, 0N/A -","9.000","0.000","9.000","0.000","Fraser Suites Seef Bahrain","Almassarah Saar","Sedan","","mariam","Lets Go Bahrain Cancelled","                                                                        "
"736","5289","21-Dec-23 14:34","Pickup / Drop","Lets Go Bahrain,0, 0 -","9.000","0.000","9.000","0.000","Almassarah Saar","Ritz Carlton","Sedan","","mariam","Lets Go Bahrain Cancelled","                                                                        "
"737","5287","20-Dec-23 21:00","Pickup / Drop","Lets Go Bahrain,0, 0N/A -","9.000","0.000","9.000","0.000","Ritz Carlton","Fraser Suites Seef Bahrain","Sedan","","mariam","Lets Go Bahrain Cancelled","                                                                        "
"738","5261","20-Dec-23 18:15","Pickup / Drop","Lets Go Bahrain,0, 0 -","9.000","0.000","9.000","0.000","Fraser Suites Seef Bahrain","Ritz Carlton","Sedan","","mariam","Lets Go Bahrain Cancelled","                                                                        "
"739","5207","20-Dec-23 17:45","Pickup / Drop","Zohdi Alabiad,, +966 50 055 5370N/A -","35.000","0.000","35.000","0.000","Bahrain Airport GF70","Khobar","Ford Territory","","mac","WanaanCancelled","                                                                        "
"740","5300","20-Dec-23 14:30","Pickup / Drop","Braxtone Plus W.L.L,0, +968 9920 09844706390000146437030 - +973 3330 2334","9.000","0.000","9.000","0.000","Saar https://maps.app.goo.gl/1XTxWQhKGkygUvWD9","Hamad Town","Sedan","","mac","BraxtoneCancelled","                                                                        "
"741","5313","20-Dec-23 14:00","Chauffeur","Al-Ettifaq FC,0, +966 54 309 9902 -","300.000","0.000","300.000","0.000","Riyadh","Chauffeur services  8 hours","BMW 7 sereis","admin","mariam","WanaanCancelled","                                                                        "
"742","5314","20-Dec-23 14:00","Pickup / Drop","Al-Ettifaq FC,0, +966 54 309 9902 -","150.000","0.000","150.000","0.000","Riyadh","Dammam","BMW 7 sereis","admin","mariam","WanaanCancelled","                                                                        "
"743","5065","19-Dec-23 15:00","Pickup / Drop","Robert Gray,, +44 7709 418940N/A -","45.000","45.000","0.000","0.000","Elite Resort and Spa","Ascott Corniche Al Khobar Hotel Dammam","Sedan","","mac","Wanaan Cancelled","                                                                        "
"744","5240","19-Dec-23 07:00","Pickup / Drop","Bahrain Cab,0, 39877322 -","12.000","12.000","0.000","0.000","Diyar Muharraq","Bahrain airport","SUV","","mac","WanaanCancelled","                                                                        "
"745","5111","18-Dec-23 13:00","Pickup / Drop","aldana alsaey,, +97466210110+97477148296 - +974 5556 4055","30.000","0.000","30.000","0.000","hilton garden inn bahrain bay","Bahrain airport","Ford Expedition XL","","mariam","WanaanCancelled","                                                                        "
"746","5105","17-Dec-23 22:00","Pickup / Drop","Yousef Alshobaian,, +966 50 395 9593 -","35.000","35.000","0.000","0.000","Dhahran https://maps.app.goo.gl/4fChsje9GM1AJne7A","Bahrain airport","SUV","","mariam","WanaanCancelled","                                                                        "
"747","5192","17-Dec-23 17:00","Pickup / Drop","Nadia Tazi,, +973 6630 1958N/A -","35.000","0.000","35.000","0.000","Khobar","Era Tower","Sedan","","mac","WanaanCancelled","                                                                        "
"748","5189","17-Dec-23 14:00","Chauffeur","Rooms Box Travel and Tourism Co. - Kuwait,, +965 6061 6449Mrs. Ayshah Alsabah -","100.000","0.000","100.000","0.000","Four seasons hotel","Bahrain 10 hours chauffeur service","Ford Taurus","","mac","WanaanCancelled","                                                                        "
"749","5191","17-Dec-23 08:00","Pickup / Drop","Nadia Tazi,, +973 6630 1958N/A -","35.000","0.000","35.000","0.000","Era Tower","Khobar","Sedan","","mac","WanaanCancelled","                                                                        "
"750","5185","15-Dec-23 22:00","Pickup / Drop","Bahrain Cab,0, 39877322 -","12.000","12.000","0.000","0.000","Wadi sile","Airport bh","Suv","","ali","Bahrain cab Cancelled","                                                                        "
"751","4879","08-Dec-23 05:00","Pickup / Drop","WELLGATE SERVICES LP,0, +44 7458 148608Mertens Stanislav Phone:+7 967 241-17-39 -","7.000","0.000","7.000","0.000","Manama, ibis Styles Manama Diplomatic Area","Bahrain Airport","Sedan","","hassan","IwayCancelled","                                                                        "
"752","5035","05-Dec-23 22:30","Chauffeur","Cash,, N/A -","0.000","0.000","0.000","0.000","Bahrain","Bahrain","Coaster","","mac","Wanaan Cancelled","                                                                        "
"753","5039","05-Dec-23 09:15","Pickup / Drop","Braxtone Plus W.L.L,0, +968 9920 09844706390000144409002 - 33355805","6.000","0.000","6.000","0.000","Diyar Muharraq Villa 3229 Road 6341 https://maps.app.goo.gl/18LR8UR87sKXVwrm8","Bahrain airport","Sedan","smakhlooq","mariam","BraxtoneCancelled","                                                                        "
"754","4945","04-Dec-23 18:10","Pickup / Drop","Arabian Automobile Association(AAA),-, 0Mohamed Kadhem 00522135 - +973 36649962","7.000","0.000","7.000","0.000","Bahrain Airport 3L017","Karbabad","Sedan","","mac","AAACancelled","                                                                        "
"755","4878","04-Dec-23 15:05","Pickup / Drop","WELLGATE SERVICES LP,0, +44 7458 148608Mertens Stanislav Phone:+7 967 241-17-39 -","7.000","0.000","7.000","0.000","Bahrain Airport","Manama, ibis Styles Manama Diplomatic Area","Sedan","","hassan","IwayCancelled","                                                                        "
"756","4969","01-Dec-23 23:00","Pickup / Drop","Turki ,0, +966 55 041 7991 -","50.000","50.000","0.000","0.000","Khobar","AlEhsa","Sedan","","hassan","WanaanCancelled","                                                                        "
"757","4964","30-Nov-23 20:20","Pickup / Drop","Rida Mansour ,, +973 3302 3090N/A -","45.000","0.000","45.000","0.000","Dammam Airport XY767","Zallaq https://maps.app.goo.gl/T4WWcX94ZRb3WvHR6","Sedan","","mac","WanaanCancelled","                                                                        "
"758","4951","30-Nov-23 09:00","Chauffeur","Mathail Alsaleh,, +966 56 300 3402 -","105.000","0.000","105.000","0.000","Khobar","Chauffeur services 9 hours","SUV","","mariam","WanaanCancelled","                                                                        "
"759","4808","29-Nov-23 12:00","Pickup / Drop","Mathail Alsaleh,, +966 56 300 3402 -","35.000","0.000","35.000","0.000","Dammam Train Station ( follow up the time with Ali)","Bahrain","SUV","","mariam","WanaanCancelled","                                                                        "
"760","4912","26-Nov-23 23:30","Pickup / Drop","Majid Al Qahtani ,, +966 56 524 0700N/A -","35.000","0.000","35.000","0.000","Bahrain Airport","Asad Al Kinani Street, Dhahran","SUV","","mac","WanaanCancelled","                                                                        "
"761","4906","25-Nov-23 12:45","Pickup / Drop","Travel Gate,0, 0097339133034 -","9.000","0.000","9.000","0.000","export office","Sofitel","Sedan","aanood","mariam","Lets Go Bahrain Cancelled","                                                                        "
"762","4825","24-Nov-23 05:00","Pickup / Drop","Leena Shujaa Alotaibi ,, +966 56 448 4989Leena + 4 -","40.000","0.000","40.000","0.000","Ajyal Dharan","Bahrain Airport","SUV XL","salman","mac","wanaan Cancelled","                                                                        "
"763","4886","23-Nov-23 23:50","Pickup / Drop","donny,0,  +973 33436221 - +973 3871 7755","30.000","30.000","0.000","0.000","al dana amphitheatre","orchid spiral residence, seef","SUV","","mariam","WanaanCancelled","                                                                        "
"764","4885","23-Nov-23 19:30","Pickup / Drop","donny,0,  +973 33436221 - +973 3871 7755","30.000","0.000","30.000","0.000","orchid spiral residence, seef","al dana amphitheatre","SUV","","mariam","WanaanCancelled","                                                                        "
"765","4850","21-Nov-23 18:30","Pickup / Drop","WELLGATE SERVICES LP,0, +44 7458 148608MILKY PUSPITA  376013 - 96896614604","7.000","0.000","7.000","0.000","Novotel Al Dana Resort","Bahrain airport","Sedan","","mariam","Iway Cancelled","                                                                        "
"766","4820","18-Nov-23 23:20","Pickup / Drop","Abdullah Hafejee,0, +447809628620Dominic Furniss - +44 777 377 9485","35.000","35.000","0.000","0.000","Bahrain Airport","Kempinski Al Khobor","Sedan","","mariam","Wanaan Cancelled","                                                                        "
"767","4641","16-Nov-23 19:05","Pickup / Drop","Travel Gate,0, 0097339133034Mustafa Sanad  -","8.000","0.000","8.000","0.000","Bahrain Airport","Sitra","Sedan","","mariam","travel Gate Cancelled","                                                                        "
"768","4779","15-Nov-23 20:20","Pickup / Drop","Hussain Alghanmi,0, 33116393 -","35.000","0.000","35.000","0.000","Dammam Airport","Bahrain","SUV","salman","qassim","WANAANCancelled","                                                                        "
"769","4771","15-Nov-23 06:30","Chauffeur","Hosny,, 00971522883807 -","140.000","140.000","0.000","0.000","Novitel Bahrain","Bahrain Airport","Nissan Patrol","","qassim","WANAANCancelled","                                                                        "
"770","4288","13-Nov-23 08:40","Pickup / Drop","Margaretha Van Koolwijk,, +971565037737Margaretha -","15.000","0.000","15.000","0.000","Bahrain Airport EK837","Wyndham Grand Manama","Sedan","","via","WanaanCancelled","                                                                        "
"771","4284","12-Nov-23 09:25","Pickup / Drop","Shamsa Alhosani,, +971509399966Shamsa Alhosani -","25.000","0.000","25.000","0.000","Bahrain Airport EY371","Hilton Garden Inn Avenues","Vito","","via","Wanaan WebsiteCancelled","                                                                        "
"772","4711","11-Nov-23 15:00","Pickup / Drop","Mohammed Binsaddiq,, +966535070183 -","35.000","35.000","0.000","0.000","Jumira gulf bahrain resort","Ajdan rise","Sedan","","hassan","WanaanCancelled","                                                                        "
"773","4741","10-Nov-23 22:00","Pickup / Drop","Arabian Automobile Association(AAA),-, 0Abdulla KHALED 00513488 - +973 3837 3901","7.000","0.000","7.000","0.000","aldur house 62 rod 6502 Block 0965","Bahrain Airport","Sedan","","mac","AAACancelled","                                                                        "
"774","4710","10-Nov-23 12:00","Pickup / Drop","Mohammed Binsaddiq,, +966535070183 -","35.000","35.000","0.000","0.000","Ajdan rise - Khobar","Jumira gulf Bahrain resort","Sedan","hasafarah","hassan","WanaanCancelled","                                                                        "
"775","4168","05-Nov-23 09:00","Pickup / Drop","Uwe Benker ,0, +49 163 4043241 -","45.000","45.000","0.000","0.000","Juffair Bahrain","Damam railway","Sedan","","hassan","WanaanCancelled","                                                                        "
"776","4636","04-Nov-23 08:00","Pickup / Drop","Arabian Automobile Association(AAA),-, 0FAWZEYA HASAN SE/11/2023/00509770 - 97433300740","7.000","0.000","7.000","0.000","Riffa","Bahrain Airport","Sedan","smakhlooq","mariam","AAACancelled","                                                                        "
"777","4629","02-Nov-23 18:45","Pickup / Drop","Roman,, +79119201323Riman -","5.000","5.000","0.000","0.000","Bahrain airport","Wanaan Juffair","Bmw","","hassan","WanaanCancelled","                                                                        "
"778","4639","02-Nov-23 17:30","Pickup / Drop","Hussain Alghanmi,0, 33116393N/A -","40.000","0.000","40.000","0.000","Dammam Airport","Bahrain","SUV","mariam","mariam","WanaanCancelled","                                                                        "
"779","4258","01-Nov-23 13:00","Pickup / Drop","Dhuha Alsaad,, +96566613497Dhuha Alsaad -","15.000","0.000","15.000","0.000","Bahrain Airport GF214","Home","Sedan","","via","Wanaan WebsiteCancelled","                                                                        "
"780","4608","30-Oct-23 21:30","Pickup / Drop","Lets Go Bahrain,0, 0 -","14.000","0.000","14.000","0.000","JUMEIRAH","GRAND MERCURE","GMC","","qassim","QASSIMCancelled","                                                                        "
"781","4588","30-Oct-23 20:15","Chauffeur","Lets Go Bahrain,0, 0 -","128.000","0.000","128.000","0.000","Sofitel hotel","16 hrs","Hiace","","qassim","QASSIMCancelled","                                                                        "
"782","4586","30-Oct-23 19:30","Chauffeur","Lets Go Bahrain,0, 0 -","128.000","0.000","128.000","0.000","Bahrain Beach Resort & Sofitel","16 hrs","Hiace","","qassim","QASSIMCancelled","                                                                        "
"783","4400","30-Oct-23 19:10","Pickup / Drop","Pine Tree Limousine ,0, 33991922 -","15.000","0.000","15.000","0.000","Bahrain Airport","Gulf Hotel","BMW","","mariam","Pine tree Cancelled","                                                                        "
"784","4610","30-Oct-23 17:05","Pickup / Drop","Lets Go Bahrain,0, 0 -","9.000","0.000","9.000","0.000","Gold City","Bahrain Airport","Sedan","","qassim","QASSIMCancelled","                                                                        "
"785","4609","30-Oct-23 17:00","Pickup / Drop","Lets Go Bahrain,0, 0 -","17.000","0.000","17.000","0.000","JUMEIRAH","Gold City (1 hrs waiting)","Sedan","","qassim","QASSIMCancelled","                                                                        "
"786","4575","30-Oct-23 12:55","Chauffeur","Lets Go Bahrain,0, 0 -","150.000","0.000","150.000","0.000","Grand Mericure","16 hrs","Coaster","","qassim","QASSIMCancelled","                                                                        "
"787","4577","30-Oct-23 12:55","Chauffeur","Lets Go Bahrain,0, 0 -","128.000","0.000","128.000","0.000","Grand Mericure","16 hrs","Cargo","","qassim","QASSIMCancelled","                                                                        "
"788","4292","30-Oct-23 08:00","Chauffeur","Bahraini German International Services,123456, +973 3644 2626Birgit -","180.000","0.000","180.000","0.000","Rasafa Towers Residences","Al Hufof 10 hours chauffeur","SUV","","via","GermaniCancelled","                                                                        "
"789","4342","29-Oct-23 12:00","Pickup / Drop","Ahmed Mohammed Al Hashmi,, +971506635569 -","47.500","47.500","0.000","0.000","Khobar","Bahrain","Expedition XL","","mariam","WanaanCancelled","                                                                        "
"790","4181","29-Oct-23 00:30","Pickup / Drop","Arabian Automobile Association(AAA),-, 0 SHAKER HUBAIL  ( 00501745) -  39000009","7.000","0.000","7.000","0.000","Bahrain Airport  TK 0778","VILLA 79 AVENUE 29 BLOCK 529 SAR","Sedan","","mariam","AAACancelled","                                                                        "
"791","4361","28-Oct-23 23:30","Pickup / Drop","Arabian Automobile Association(AAA),-, 0JAFFAR ALI SULTAN  00507229  - +973 39421223 - +966 54 048 6699","7.000","7.000","0.000","0.000","Bahrain Airport GF170","Sanad","Sedan","","mariam","AAACancelled","                                                                        "
"792","4361","28-Oct-23 23:30","Pickup / Drop","Arabian Automobile Association(AAA),-, 0JAFFAR ALI SULTAN  00507229  - +973 39421223 - +966 54 048 6699","7.000","7.000","0.000","0.000","Bahrain Airport GF170","Sanad","Sedan","","mariam","AAACancelled","                                                                        "
"793","4361","28-Oct-23 23:30","Pickup / Drop","Arabian Automobile Association(AAA),-, 0JAFFAR ALI SULTAN  00507229  - +973 39421223 - +966 54 048 6699","7.000","7.000","0.000","0.000","Bahrain Airport GF170","Sanad","Sedan","","mariam","AAACancelled","                                                                        "
"794","4362","28-Oct-23 23:30","Pickup / Drop","Arabian Automobile Association(AAA),-, 0JAFFAR ALI SULTAN 00507229 - +973 39421223 - +966 54 048 6699","7.000","0.000","7.000","0.000","Bahrain Airport GF170","Sanad","Sedan","","mariam","aaCancelled","                                                                        "
"795","4461","28-Oct-23 11:30","Pickup / Drop","Lets Go Bahrain,0, 0 -","17.000","0.000","17.000","0.000","Bahrain Airport","GRAND MERCURE","Hiace","","qassim","lets Go Bahrain Cancelled","                                                                        "
"796","4462","28-Oct-23 11:30","Pickup / Drop","Lets Go Bahrain,0, 0 -","17.000","0.000","17.000","0.000","Bahrain Airport","mercer hotel","Hiace","","qassim","lets Go Bahrain Cancelled","                                                                        "
"797","4440","28-Oct-23 11:18","Pickup / Drop","Lets Go Bahrain,0, 0 -","14.000","0.000","14.000","0.000","Ramada Hotel","JUMEIRAH","GMC","","qassim","lets Go Bahrain Cancelled","                                                                        "
"798","4439","28-Oct-23 11:17","Pickup / Drop","Lets Go Bahrain,0, 0 -","14.000","0.000","14.000","0.000","Haji Traditional Cafe","JUMEIRAH","GMC","","qassim","lets Go Bahrain Cancelled","                                                                        "
"799","4339","28-Oct-23 10:50","Pickup / Drop","Husain Alghanmi,0, 0 -","35.000","0.000","35.000","0.000","Diraz","Dammam airport","SUV","","mariam","hussain alghanmi Cancelled","                                                                        "
"800","4460","28-Oct-23 09:20","Chauffeur","Lets Go Bahrain,0, 0 -","128.000","0.000","128.000","0.000","Bahrain Airport","16 hrs","Hiace","","qassim","lets Go Bahrain Cancelled","                                                                        "
"801","4459","28-Oct-23 08:15","Pickup / Drop","Lets Go Bahrain,0, 0 -","17.000","0.000","17.000","0.000","Bahrain Airport","BAHRAIN BEACH RESORT","Hiace","","qassim","lets Go Bahrain Cancelled","                                                                        "
"802","4458","28-Oct-23 07:30","Chauffeur","Lets Go Bahrain,0, 0 -","128.000","0.000","128.000","0.000","Bahrain Airport","16 hrs","Hiace","","qassim","lets Go Bahrain Cancelled","                                                                        "
"803","4457","28-Oct-23 07:00","Chauffeur","Lets Go Bahrain,0, 0 -","128.000","0.000","128.000","0.000","Bahrain Airport","16 hrs","Hiace","","qassim","lets Go Bahrain Cancelled","                                                                        "
"804","4463","28-Oct-23 07:00","Chauffeur","Lets Go Bahrain,0, 0 -","176.000","0.000","176.000","0.000","Grand Mericure","16 hrs(6hrs extra)","Hiace","","qassim","lets Go Bahrain Cancelled","                                                                        "
"805","4468","28-Oct-23 06:03","Chauffeur","Lets Go Bahrain,0, 0 -","190.000","190.000","0.000","0.000","Bahrain Beach Resort","24 hrs","Coach","","qassim","lets Go Bahrain Cancelled","                                                                        "
"806","4346","27-Oct-23 19:30","Pickup / Drop","Lets Go Bahrain,0, 0 -","14.000","0.000","14.000","0.000","Bahrain Airport","JUMEIRAH","GMC","","qassim","lets Go Bahrain Cancelled","                                                                        "
"807","4345","27-Oct-23 07:30","Pickup / Drop","Lets Go Bahrain,0, 0 -","14.000","0.000","14.000","0.000","Bahrain Airport","Sofitel","GMC","hasafarah","qassim","lets Go Bahrain Cancelled","                                                                        "
"808","4323","26-Oct-23 09:20","Pickup / Drop","Lets Go Bahrain,0, 0 -","14.000","0.000","14.000","0.000","Bahrain Airport","JUMEIRAH","SUV","ajuma","qassim","lets Go Bahrain Cancelled","                                                                        "
"809","4314","26-Oct-23 08:10","Pickup / Drop","Lets Go Bahrain,0, 0BEHERA -","9.000","0.000","9.000","0.000","Bahrain Airport","BAHRAIN BEACH RESORT","Sedan","","qassim","lets Go Bahrain Cancelled","                                                                        "
"810","4144","23-Oct-23 06:45","Pickup / Drop","Drivado Company,0, +9719903438356Ms. Nour Aridi - +971 529609568","30.000","0.000","30.000","0.000","The Ritz-Carlton","Bahrain Airport","GMC Black","","via","DrivadoCancelled","                                                                        "
"811","4231","23-Oct-23 01:00","Pickup / Drop","Greg Jozefecki /  Jayride ,, +3538639957511999807 -","15.000","0.000","15.000","0.000","Bahrain Airport tk778 (Please confirm the best pick-up time directly with the passenger)","The Westin City Centre Bahrain","Sedan","","mariam","jayride Cancelled","                                                                        "
"812","4142","22-Oct-23 09:00","Chauffeur","Drivado Company,0, +9719903438356Ms. Nour Aridi - +971 529609568","160.000","0.000","160.000","0.000","The Ritz-Carlton","Bahrain","Vito","","via","DrivadoCancelled","                                                                        "
"813","4182","21-Oct-23 12:00","Chauffeur","Al-Ettifaq FC,0, +966 54 309 9902 -","220.000","0.000","220.000","0.000","Al-Ettifaq FC Dammam","chauffeur services 7 hours","SUV","","mariam","WanaanCancelled","                                                                        "
"814","4183","21-Oct-23 12:00","Chauffeur","Al-Ettifaq FC,0, +966 54 309 9902 -","220.000","0.000","220.000","0.000","Al-Ettifaq FC Dammam","Chauffeur services 7 hours","SUV","","mariam","WanaanCancelled","                                                                        "
"815","4184","21-Oct-23 12:00","Chauffeur","Al-Ettifaq FC,0, +966 54 309 9902 -","220.000","0.000","220.000","0.000","Al-Ettifaq FC Dammam","Chauffeur services 7 hours","SUV","","mariam","WanaanCancelled","                                                                        "
"816","4185","21-Oct-23 12:00","Chauffeur","Al-Ettifaq FC,0, +966 54 309 9902 -","220.000","0.000","220.000","0.000","Al-Ettifaq FC Dammam","Chauffeur services 7 hours","SUV","","mariam","WanaanCancelled","                                                                        "
"817","4186","21-Oct-23 12:00","Chauffeur","Al-Ettifaq FC,0, +966 54 309 9902 -","220.000","0.000","220.000","0.000","Al-Ettifaq FC Dammam","Chauffeur services 7 hours","SUV","","mariam","WanaanCancelled","                                                                        "
"818","4187","21-Oct-23 12:00","Chauffeur","Al-Ettifaq FC,0, +966 54 309 9902 -","220.000","0.000","220.000","0.000","Al-Ettifaq FC Dammam","Chauffeur services 7 hours","SUV","","mariam","WanaanCancelled","                                                                        "
"819","4220","21-Oct-23 12:00","Pickup / Drop","Al-Ettifaq FC,0, +966 54 309 9902N/A -","90.000","0.000","90.000","0.000","Dammam Club","Sofitel Hotel","GMC","","via","wanaan Cancelled","                                                                        "
"820","4221","21-Oct-23 12:00","Pickup / Drop","Al-Ettifaq FC,0, +966 54 309 9902N/A -","90.000","0.000","90.000","0.000","Dammam Club","Sofitel Zallaq","GMC","","via","WanaanCancelled","                                                                        "
"821","4222","21-Oct-23 12:00","Pickup / Drop","Al-Ettifaq FC,0, +966 54 309 9902N/A -","90.000","0.000","90.000","0.000","Dammam Club","Sofitel Zallaq","SUV","","via","WanaanCancelled","                                                                        "
"822","4223","21-Oct-23 12:00","Pickup / Drop","Al-Ettifaq FC,0, +966 54 309 9902N/A -","90.000","0.000","90.000","0.000","Dammam Club","Sofitel Zallaq","SUV","","via","WanaanCancelled","                                                                        "
"823","4224","21-Oct-23 12:00","Pickup / Drop","Al-Ettifaq FC,0, +966 54 309 9902N/A -","90.000","0.000","90.000","0.000","Dammam Club","Sofitel Zallaq","SUV","","via","WanaanCancelled","                                                                        "
"824","4225","21-Oct-23 12:00","Pickup / Drop","Al-Ettifaq FC,0, +966 54 309 9902N/A -","90.000","0.000","90.000","0.000","Dammam Club","Sofitel Zallaq","SUV","","via","WanaanCancelled","                                                                        "
"825","4233","20-Oct-23 10:00","Pickup / Drop","Sarah Alzamel,, +966 50 584 4479Sara -","35.000","0.000","35.000","0.000","Saeed 2 Compound Khobar https://maps.app.goo.gl/u1sriv3Tqaw8jeaVA?g_st=iw","Royal Sarray","Sedan","","via","WanaanCancelled","                                                                        "
"826","4122","08-Oct-23 20:45","Pickup / Drop","Hana Alburaidi,, +966563876061Hana -","120.000","30.000","90.000","0.000","AlArid Riyadh","Nayyarah Riyadh","Sedan","","via","WanaanCancelled","                                                                        "
"827","4078","02-Oct-23 23:00","Pickup / Drop","Lets Go Bahrain,0, 0N/A -","9.000","0.000","9.000","0.000","Jumeirah Hotel","Bahrain Airport","Sedan","","mac","Dadabhai TravelCancelled","                                                                        "
"828","4077","02-Oct-23 19:00","Pickup / Drop","Lets Go Bahrain,0, 0N/A -","14.000","0.000","14.000","0.000","Jumeirah Hotel","Bahrain Airport","SUV","","mac","Dadabhai TravelCancelled","                                                                        "
"829","4085","02-Oct-23 19:00","Chauffeur","Lets Go Bahrain,0, 0N/A -","55.000","0.000","55.000","0.000","Jumeirah Gulf (8 hrs)","Bahrain","Sedan","","via","DadabhaiCancelled","                                                                        "
"830","4026","01-Oct-23 14:45","Pickup / Drop","Al-Ettifaq FC,0, +966 54 309 9902 -","70.000","70.000","0.000","0.000","Bahrain Airport VIP  ( waiting one hours)","Al-Ettifaq FC Dammam","SUV","","mariam","wanaan Cancelled","                                                                        "
"831","4055","01-Oct-23 13:24","Pickup / Drop","Qassim Makhlooq ,0, +973 3846 7744 -","0.000","0.000","0.000","0.000","Home","Home","suv","","qassim","WANAANCancelled","                                                                        "
"832","4015","30-Sep-23 16:00","Pickup / Drop","Mohammd Binsaddiq,, ?+966535070183? -","35.000","0.000","35.000","0.000","Vida Beach resort Marassi Al Bahrain","Khobar","Sedan","","mariam","wanaanCancelled","                                                                        "
"833","3937","29-Sep-23 10:30","Pickup / Drop","Mohammd Binsaddiq,, ?+966535070183? -","35.000","35.000","0.000","0.000","Khobar","Vida Resort","Sedan","","qassim","WanaanCancelled","                                                                        "
"834","3956","25-Sep-23 08:10","Pickup / Drop","Vincent M. ORQUEJO ,, +966 54 063 5053 -","35.000","0.000","35.000","0.000","Bahrain Airport","Near Procare Hospital Al-Khobar","Sedan","","mac","wanaan Cancelled","                                                                        "
"835","4008","24-Sep-23 23:00","Pickup / Drop","Ramsey Mullins,0, +973 3881 2946Amal Ahmed - +966 54 128 4452","50.000","50.000","0.000","0.000","Dammam","Bahrain","Sedan","","qassim","WanaanCancelled","                                                                        "
"836","3989","24-Sep-23 19:00","Pickup / Drop","Reem Alghunaim,, +966534441120 -","65.000","0.000","65.000","0.000","muharrq","Dammam airport","BMW","","mariam","wanaanCancelled","                                                                        "
"837","3973","21-Sep-23 23:00","Pickup / Drop","Braxtone Plus W.L.L,0, +968 9920 09844706390000135535051 - 36002009","7.000","0.000","7.000","0.000","Burhama/Alsawafiyah","Bahrain Airport","Sedan","","mariam","BraxtoneCancelled","                                                                        "
"838","3970","20-Sep-23 19:00","Pickup / Drop","Bahrain Cab,0, 39877322N/A -","12.000","0.000","12.000","0.000","Bahrain Airport  GF 0044","Hamad Town","SUV","","via","Bahrain CabCancelled","                                                                        "
"839","3918","20-Sep-23 06:00","Chauffeur","Taha International For Industrial Services W.L.L,32652, 38966873 -","110.000","0.000","110.000","0.000","Ma'ameer","Maaden Aluminum Ras Al Khair","SUV (Ford Expedition 494862)","","mariam","wanaan Cancelled","                                                                        "
"840","3967","19-Sep-23 21:00","Pickup / Drop","Bahrain Cab,0, 39877322 -","0.000","0.000","0.000","0.000","test","test","sedan","","qassim","Bahrain CabCancelled","                                                                        "
"841","3952","17-Sep-23 18:50","Pickup / Drop","Viacloud,123654, +973 3911 6526N/a -","1.000","0.000","1.000","0.000","Janabiya","Airport","Sedan","","via","WanaanCancelled","                                                                        "
"842","3948","16-Sep-23 18:00","Pickup / Drop","Naif Alduhlian,, ?+966 58 333 5086?Naif -","30.000","0.000","30.000","0.000","Ritz Carlton Hotel","Khobar","Sedan","","via","WanaanCancelled","                                                                        "
"843","3935","15-Sep-23 13:30","Pickup / Drop","Bahrain Cab,0, 39877322N/A -","12.000","0.000","12.000","0.000","Hamad Town","Bahrain Airport","SUV","","mac","wanaan Cancelled","                                                                        "
"844","3940","14-Sep-23 15:00","Pickup / Drop","Mathail Alsaleh,, +966 56 300 3402N/A -","30.000","0.000","30.000","0.000","Khobar","Four Seasons Hotel","SUV","","mac","wanaan Cancelled","                                                                        "
"845","3917","14-Sep-23 01:00","Pickup / Drop","Bahrain Cab,0, 39877322 - 66664662","8.000","0.000","8.000","0.000","Hamad Town","Bahrain Airport","Sedan","","mariam","bahrain cab Cancelled","                                                                        "
"846","3922","13-Sep-23 13:37","Pickup / Drop","Cash,, Salah customer  -","45.000","0.000","45.000","0.000","Causeway Bahrain side","Khobar","Sedan","","mariam","Salah Cancelled","                                                                        "
"847","3717","11-Sep-23 09:20","Pickup / Drop","Saad  ALDOSSARY,, +966 50 584 8248N/A -","40.000","0.000","40.000","0.000","Bahrain Airport","House no 5 Arrabiya Aramco Dhahra","SUV 2PAX 4Luggage","","mac","wanaan Cancelled","                                                                        "
"848","3899","10-Sep-23 18:00","Pickup / Drop","API Global,32653, +971 55 297 2892 -","30.000","0.000","30.000","0.000","Riyadh Exhibition & Convention Center","Riyadh Airport Marriott Hotel","Vito","","mariam","WanaanCancelled","                                                                        "
"849","3872","08-Sep-23 12:00","Pickup / Drop","Mai Alghs,, +966 59 450 0644 -","45.000","5.000","40.000","0.000","Dammam","Four Season Bahrain","Sedan","","qassim","WanaanCancelled","                                                                        "
"850","3874","07-Sep-23 17:30","Pickup / Drop","Husain Alghanmi,0, 0 -","35.000","0.000","35.000","5.000","Dammam Airport F3 488","Bahrain","SUV","mariam","mariam","Hussain AlghanmiCancelled","                                                                        "
"851","3761","07-Sep-23 15:00","Pickup / Drop","Dadabhai Travel,0, 0Mr Adilmohamed Noman -","9.000","0.000","9.000","0.000","Sofitel Hotel Zallaq","Bahrain Airport","Sedan","abbas1","mariam","Dadabhai TravelCancelled","                                                                        "
"852","3755","06-Sep-23 19:30","Pickup / Drop","Dadabhai Travel,0, 0Mr. Mohan Kelkar -","9.000","0.000","9.000","0.000","Sofitel Hotel Zallaq","Bahrain Airport","Sedan","mariam","mariam","Dadabhai TravelCancelled","                                                                        "
"853","3857","02-Sep-23 14:00","Pickup / Drop","Bahrain Cab,0, 39877322N/A - 39939953","8.000","0.000","8.000","0.000","3892 562 1205 Hamad Town","Bahrain Airport","Sedan","","hassan","bahrain cab Cancelled","                                                                        "
"854","3834","30-Aug-23 20:30","Pickup / Drop","Stephen,, +966582871392 -","35.000","0.000","35.000","0.000","Dammam Airport","Gulf Hotel Bahrain","Sedan","jasim","mariam","wanaan Cancelled","                                                                        "
"855","3840","28-Aug-23 12:41","Pickup / Drop","Qassim Makhlooq ,0, +973 3846 7744 -","0.000","0.000","0.000","0.000","Bahrain","Bahrain Airport","Sedan","","mariam","wanaan Cancelled","                                                                        "
"856","3839","28-Aug-23 12:37","Pickup / Drop","Qassim Makhlooq ,0, +973 3846 7744 -","0.000","0.000","0.000","0.000","Bahrain","Bahrain Airport","Sedan","","mariam","wanaan Cancelled","                                                                        "
"857","3670","25-Aug-23 15:00","Chauffeur","Reema Saad,, +966555192141N/A -","180.000","0.000","180.000","0.000","Address Hotel Amwaj","Bahrain","BMW","","mac","wanaan Cancelled","                                                                        "
"858","3787","21-Aug-23 14:30","Pickup / Drop","Sudip Chowdhury,, +91 85828 23734MS. WADHA ALHAJRI SAAD - +966 509321836","20.000","20.000","0.000","0.000","InterContinental Bahrain, an IHG Hotel, King Faisal Highway, Manama, Bahrain","Bahrain Airport","SUV(Expedition)","","mariam","DrivadoCancelled","                                                                        "
"859","3715","20-Aug-23 05:30","Pickup / Drop","Saad  ALDOSSARY,, +966 50 584 8248N/A -","40.000","0.000","40.000","0.000","House no 5 Arrabiya  Aramco Dhahra","Bahrain Airport","SUV 2PAX 4Luggage","","mac","wanaan Cancelled","                                                                        "
"860","3773","19-Aug-23 09:00","Chauffeur","Mathail Alsaleh,, +966 56 300 3402 -","85.000","0.000","85.000","0.000","Khobar","Bahrain","SUV","","mac","wanaan Cancelled","                                                                        "
"861","3740","18-Aug-23 19:50","Pickup / Drop","Sayed Fadhel,, +973 3958 5563 -","0.000","0.000","0.000","0.000","Bahrain Airport G9105","Hamad Town","SUV (4 passengers&5 bags)","","mariam","wanaan Cancelled","                                                                        "
"862","3621","16-Aug-23 03:00","Pickup / Drop","Bilal Arshad,, +447759812651Bilal -","40.000","40.000","0.000","0.000","Muharraq","Dammam Airport","Sedan","","via","WanaanCancelled","                                                                        "
"863","3702","12-Aug-23 08:50","Pickup / Drop","Amelia Malley/Jayride,0, +19172132977N/A -","23.000","0.000","23.000","0.000","Bahrain Airport","Westin City Center","SUV","","mac","JayrideCancelled","                                                                        "
"864","3695","10-Aug-23 17:15","Pickup / Drop","Braxtone Plus W.L.L,0, +968 9920 09844706390000130262132 - 39848936","10.000","0.000","10.000","0.000","Sadad Villa 585, Road 3819, Sadad 1038","Bahrain Airport","Sedan","","mariam","BraxtoneCancelled","                                                                        "
"865","3466","09-Aug-23 21:00","Pickup / Drop","Jawaid Rashid,, 36437383Jawaid Rashid -","15.000","0.000","15.000","0.000","Hidd","Bahrain Airport","SUV (Expedition XL)","","via","wanaanCancelled","                                                                        "
"866","3689","09-Aug-23 08:45","Pickup / Drop","Husain Alghanmi,0, 0 -","20.000","0.000","20.000","0.000","Bahrain Airport EK837","Riffa","SUV","","mariam","Hussain AlghanmiCancelled","                                                                        "
"867","3674","08-Aug-23 18:40","Pickup / Drop","Ahmed Aljahnai,0, +966 50 581 9717 -","40.000","0.000","40.000","0.000","Bahrain Airport","Dammam","SUV XL","","qassim","wanaan Cancelled","                                                                        "
"868","3674","08-Aug-23 18:40","Pickup / Drop","Ahmed Aljahnai,0, +966 50 581 9717 -","40.000","0.000","40.000","0.000","Bahrain Airport","Dammam","SUV XL","","qassim","wanaan Cancelled","                                                                        "
"869","3690","08-Aug-23 11:20","Pickup / Drop","Qassim Makhlooq ,0, +973 3846 7744 -","1.000","1.000","0.000","0.000","Bahrain Airport","Bahrain","Sedan","","mariam","wanaan Cancelled","                                                                        "
"870","3688","08-Aug-23 09:54","Pickup / Drop","Qassim Makhlooq ,0, +973 3846 7744 -","1.000","0.000","1.000","0.000","Bahrain Airport","Bahrain","Sedan","","mariam","wanaan Cancelled","                                                                        "
"871","3669","06-Aug-23 20:30","Pickup / Drop","Ramsey Mullins,0, +973 3881 2946 -","60.000","60.000","0.000","0.000","Cebarco Tower, block 333","Residence Inn Dammam","SUV","","mariam","wanaan Cancelled","                                                                        "
"872","3648","03-Aug-23 15:00","Pickup / Drop","Hala Alsharaf,0, +973 3646 7674 -","30.000","0.000","30.000","0.000","Dammam Airport EY 0327","H 1098, Road 4615, Block 746 Aali","SUV","","mariam","wanaan Cancelled","                                                                        "
"873","3650","03-Aug-23 15:00","Pickup / Drop","Bahrain Cab,0, 39877322 -","12.000","0.000","12.000","0.000","Bahrain Airport GF0963","dyair Al Muharraq","SUV XL","","mariam","bahrain cab Cancelled","                                                                        "
"874","3645","03-Aug-23 07:15","Pickup / Drop","Bahrain Cab,0, 39877322N/A -","0.000","0.000","0.000","0.000","Bahrain Airport GF0151","12","SUV","","via","Travel GateCancelled","                                                                        "
"875","3614","29-Jul-23 07:00","Pickup / Drop","Ahmed AlGhawas,, 39676888N/A -","20.000","0.000","20.000","0.000","Reef Island","Bahrain Airport","Suv","","mac","Wanaan Cancelled","                                                                        "
"876","3585","29-Jul-23 02:00","Pickup / Drop","Najeeba,, 33844444 -","35.000","0.000","35.000","0.000","Dammam","Amwaj","SUV","","mariam","wanaan Cancelled","                                                                        "
"877","3557","28-Jul-23 19:00","Pickup / Drop","Najeeba,, 33844444Najeeba -","35.000","0.000","35.000","0.000","Amwaj","Dammam","SUV","","via","wanaanCancelled","                                                                        "
"878","3499","27-Jul-23 16:00","Pickup / Drop","Gaby El Hakim,0, +973 3636 8938 -","55.000","0.000","55.000","0.000","Tala island house 1117 road 5710 bloc 257- Amwaj islands - Muharraq","Dammam Airport","SUV XL with trolley","","mariam","wanaan Cancelled","                                                                        "
"879","3593","27-Jul-23 15:30","Pickup / Drop","Mahmoud El Nady,0, 38710003  -","12.000","0.000","12.000","0.000","Riffa","Sidra Resdedint","Sedan","","mariam","WanaanCancelled","                                                                        "
"880","3591","27-Jul-23 09:30","Chauffeur","Dadabhai Travel,0, 0N/A -","125.000","0.000","125.000","0.000","Bahrain 8H:30M","Bahrain","Expedition (8H:30M)","smakhlooq","mac","Dadabhai TravelCancelled","                                                                        "
"881","3576","25-Jul-23 19:10","Pickup / Drop","Bahrain Cab,0, 39877322 -","12.000","0.000","12.000","0.000","Arad 1070 4437 244","Bahrain Airport","SUV","","mariam","bahrain cab Cancelled","                                                                        "
"882","3578","25-Jul-23 18:00","Pickup / Drop","Bahrain Cab,0, 39877322 -","12.000","0.000","12.000","0.000","Riffa 1937 3942 939","Bahrain Airport","SUV XL","","mariam","bahrain cab Cancelled","                                                                        "
"883","3542","23-Jul-23 19:30","Pickup / Drop","Bahrain Cab,0, 39877322 -","25.000","25.000","0.000","0.000","Bahrain airport GF045","Riffa","Vito","","mariam","Bahrain Cab Cancelled","                                                                        "
"884","3551","23-Jul-23 19:30","Pickup / Drop","Bahrain Cab,0, 39877322 -","20.000","0.000","20.000","0.000","Bahrain Airport GF045","Riffa","SUV luxury  (VITO)","","mariam","wanaan Cancelled","                                                                        "
"885","3512","22-Jul-23 15:30","Pickup / Drop","Jason Alexander Tappin,0, +61 405 508 062 -","40.000","40.000","0.000","0.000","Gulf Hotel","Dammam airport","Sedan","","mariam","WanaanCancelled","                                                                        "
"886","3497","19-Jul-23 03:00","Pickup / Drop","Bashaer,0, +966 58 173 3125Mohammed alghamdi - +966552733333","30.000","0.000","30.000","0.000","Manama Stage Bahrain","Swiss-Belsuites Admiral Juffair","luxury (BMW)","","mariam","wanaan Cancelled","                                                                        "
"887","3495","18-Jul-23 22:00","Pickup / Drop","Bashaer,0, +966 58 173 3125Mohammed alghamdi - +966552733333","30.000","0.000","30.000","0.000","Swiss-Belsuites Admiral Juffair","Manama Stage Bahrain","luxury (BMW)","","mariam","wanaan Cancelled","                                                                        "
"888","3503","18-Jul-23 19:30","Pickup / Drop","Braxtone Plus W.L.L,0, +968 9920 0984N/A -","12.000","0.000","12.000","0.000","Al Qurrayah","Bahrain Airport","SUV","","via","Bahrain CabCancelled","                                                                        "
"889","3504","18-Jul-23 18:30","Chauffeur","Braxtone Plus W.L.L,0, +968 9920 0984N/A -","8.000","0.000","8.000","0.000","City Center","2 hours","Sedan","","via","Bahrain CabCancelled","                                                                        "
"890","3467","17-Jul-23 07:00","Pickup / Drop","sadiq alsameer,, 33422444 -","120.000","0.000","120.000","0.000","Bahrain","Riyadh","SUV XL","","mariam","wanaan Cancelled","                                                                        "
"891","3419","16-Jul-23 20:00","Pickup / Drop","Sameera AlJehairan,, +966 54 106 0921 -","45.000","0.000","45.000","0.000","Khobar","Bahrain Airport","SUV XL","mariam","mariam","wanaan Cancelled","                                                                        "
"892","3474","16-Jul-23 18:30","Chauffeur","Travel Mate,32, +973 3964 2445 -","0.000","0.000","0.000","0.000","Bahrain","chauffeur services 3 hours","SEDAN","","mariam","travel mateCancelled","                                                                        "
"893","3453","13-Jul-23 13:52","Pickup / Drop","Fahad ,, 17550629 -","35.000","0.000","35.000","0.000","Exhibitions Police Station","Khobar","Sedan","hasafarah","mariam","wanaan Cancelled","                                                                        "
"894","3427","07-Jul-23 20:45","Pickup / Drop","Yousef Alshobaian,, +966 50 395 9593Yousef Alshobaian -","35.000","0.000","35.000","0.000","Bahrain Airport","Dharan","Sedan","","via","wanaan Cancelled","                                                                        "
"895","3399","02-Jul-23 22:30","Pickup / Drop","Abdullah,0, +966 50 019 1945N/A -","45.000","45.000","0.000","0.000","Bahrain Airport","Al Khobar","SUV","","mac","wanaan Cancelled","                                                                        "
"896","3386","02-Jul-23 17:15","Pickup / Drop","Rony Tabbal,, +973 3334 9936N/A -","45.000","0.000","45.000","0.000","sanabis","Dammam airport","SEDAN","","ali","wanaanCancelled","                                                                        "
"897","3388","02-Jul-23 14:30","Pickup / Drop","NAWAF ALABDULLATEF,0, +966559644444N/A -","30.000","30.000","0.000","0.000","Royal Saray Hotel Seef","Bahrain Airport","BMW","fone rent","mac","wanaan Cancelled","                                                                        "
"898","3407","01-Jul-23 23:05","Pickup / Drop","Reem Alzari/Jayride,, +97333352952Reem Alzari / 1908697 -","0.000","0.000","0.000","0.000","Bahrain Airport","Janabiyah","Mercedes Vito","","via","JayrideCancelled","                                                                        "
"899","3390","01-Jul-23 15:00","Pickup / Drop","Mubarak ,, +974 5500 0466 -","45.000","45.000","0.000","0.000","Causeway first Fuel Station","Isa Town","Vito","","mac","wanaan Cancelled","                                                                        "
"900","3301","30-Jun-23 12:00","Pickup / Drop","Kayan,, +966 53 563 3388 -","35.000","0.000","35.000","0.000","Bahrain","Khobar","Suv","","qassim","WanaanCancelled","                                                                        "
"901","3374","29-Jun-23 07:00","Pickup / Drop","Bahrain Cab,0, 39877322 -","13.000","0.000","13.000","0.000","Dilmunia Island Muharraq","Bahrain Airport","SUV XL","","via","bahrain cab Cancelled","                                                                        "
"902","3367","27-Jun-23 13:30","Pickup / Drop","Ageel Alharbi ,, +966 56 937 4207Ageel -","35.000","35.000","0.000","0.000","Bahrain Airport","Dammam Alshualla","Sedan","","qassim","WanaanCancelled","                                                                        "
"903","3351","25-Jun-23 09:00","Pickup / Drop","MAJED ALSHAMMARI ,, 00966595907575 -","45.000","0.000","45.000","0.000","Intercontinental Regency Hotel","Dammam Airport","Sedan","","mac","wanaan Cancelled","                                                                        "
"904","3318","24-Jun-23 17:15","Pickup / Drop","Kumashah Mohammed,, +966 55 545 6711Kumashah Mohammed -","30.000","30.000","0.000","0.000","Bahrain Airport","Jumeirah Gulf","BMW","","via","wanaan Cancelled","                                                                        "
"905","3344","24-Jun-23 14:00","Pickup / Drop","Md Furqan Ansary ,0, +973 3205 9157 -","40.000","0.000","40.000","0.000","Manama","Dammam Airport","Sedan","","mariam","wanaan Cancelled","                                                                        "
"906","3308","20-Jun-23 18:00","Pickup / Drop","Massaad Greige,, +973 3999 1869Massaad Greige -","35.000","0.000","35.000","0.000","Bahrain","Khobar","Sedan","","mariam","WanaanCancelled","                                                                        "
"907","3300","20-Jun-23 11:45","Pickup / Drop","Sanabel,, +965 9444 9257N/A -","15.000","0.000","15.000","0.000","Bahrain Airport","Gulf Hotel","Ford Territory","","mac","wanaan Cancelled","                                                                        "
"908","3287","19-Jun-23 09:30","Pickup / Drop","Hesham Abdellatif,, 33388764Hesham Abdellatif -","45.000","0.000","45.000","0.000","House 3629 Road 3687. Block 536 Diraz","Ramada by wyndham Hotel Dammam","Sedan","","mariam","WanaanCancelled","                                                                        "
"909","3286","18-Jun-23 01:15","Pickup / Drop","Ahmed ,, +966555525508N/A -","40.000","0.000","40.000","0.000","Masso Resutaurant","Khobar","Sedan","","mac","wanaan Cancelled","                                                                        "
"910","3230","05-Jun-23 15:00","Pickup / Drop","Pine Tree Limousine ,0, 33991922Ahmed Almehiri -","10.000","0.000","10.000","0.000","Sofitel Zallaq","Bahrain Airport","Taurus","smakhlooq","via","PinetreeCancelled","                                                                        "
"911","3217","03-Jun-23 19:00","Pickup / Drop","Travel Gate,0, 0097339133034ALDERAZI/MARYAM -","10.000","0.000","10.000","0.000","Bahrain Airport","Saar","SUV","smakhlooq","mac","Travel Gate BahrainCancelled","                                                                        "
"912","3212","02-Jun-23 01:00","Pickup / Drop","Fahad ,, +966599933533N/A -","60.000","0.000","60.000","0.000","Khobar","Majestic Arjaan by Rotana - Manama hotel","BMW","","mac","wanaan Cancelled","                                                                        "
"913","3203","31-May-23 17:20","Pickup / Drop","Husain Alghanmi,0, 0 -","35.000","0.000","35.000","0.000","Dammam airport","Saar","Sedan","smakhlooq","mariam","Hussain alganmiCancelled","                                                                        "
"914","3185","27-May-23 21:15","Pickup / Drop","Braxtone Plus W.L.L,0, +968 9920 0984MAJEEDALASAD -","100,000.000","0.000","100,000.000","0.000","Tubli:  H:488 R 518 B705","Bahrain Airport","Sedan","","hassan","BraxtoneCancelled","                                                                        "
"915","3137","19-May-23 03:00","Pickup / Drop","Pine Tree Limousine ,0, 33991922N/A -","15.000","0.000","15.000","0.000","Bahrain Airport","Sofitel Hotel","Expedition 37398","smakhlooq","via","PinetreeCancelled","                                                                        "
"916","3058","14-May-23 20:00","Pickup / Drop","George Boutagy,, +966505804792George Boutagy -","45.000","0.000","45.000","0.000","Dammam Airport","Houran Towers 1","SUV","","via","wanaan Cancelled","                                                                        "
"917","3110","13-May-23 11:15","Pickup / Drop","Esmahan Bokhowa,0, +973 3997 7776Ashley, Simon, Esmahan  -","55.000","0.000","55.000","0.000","House 1551 Road 3733 Block 537 Bani Jamra","Dammam airport","SUV","","mariam","WanaanCancelled","                                                                        "
"918","3093","08-May-23 13:20","Pickup / Drop","Mohamed Sanad customer ,, +973 3999 1517N/A -","30.000","0.000","30.000","0.000","Bahrain","Khobar","Sedan","","mariam","Mohamed Sanad Cancelled","                                                                        "
"919","3099","08-May-23 13:15","Pickup / Drop","N/A,0, 0N/A -","35.000","0.000","35.000","0.000","Bahrain","Bahrain Airport","Sedan","","via","wanaan Cancelled","                                                                        "
"920","3092","07-May-23 15:00","Pickup / Drop","Pine Tree Limousine ,0, 33991922N/A -","15.000","0.000","15.000","0.000","Bahrain airport","Four Seasons Hotel Bahrain Bay","BMW","mohamed","mariam","pine treeCancelled","                                                                        "
"921","3064","06-May-23 15:30","Pickup / Drop","Sarah AlSayed,, +973 3653 3153Sarah AlSayed -","45.000","45.000","0.000","0.000","Dammam Airport","Barbar","Sedan","","via","wanaan Cancelled","                                                                        "
"922","3049","06-May-23 10:00","Pickup / Drop","Jason Sharpe,0, +966 53 121 5788Jason Sharpe -","45.000","0.000","45.000","0.000","Gulf Hotel Bahrain","Khobar","SUV","","via","wanaan Cancelled","                                                                        "
"923","3048","03-May-23 20:00","Pickup / Drop","Jason Sharpe,0, +966 53 121 5788Jason Sharpe -","45.000","0.000","45.000","0.000","Khobar","Gulf Hotel","SUV","","via","wanaan Cancelled","                                                                        "
"924","3039","01-May-23 19:30","Pickup / Drop","Latifa Hassan Abel,0, +973 3968 8509Latifa Hassan Abel - 34447172","12.000","0.000","12.000","0.000","Alsalmaniya House 130 Road 1110 Block 311","Aali","Sedan","","mariam","WanaanCancelled","                                                                        "
"925","2841","27-Apr-23 17:00","Chauffeur","Basma,, +966 50 640 5640Basma -","360.000","360.000","0.000","0.000","Gulf Hotel Bahrain","Bahrain","2 Nissan Patrol","","via","wanaan Cancelled","                                                                        "
"926","3028","27-Apr-23 10:00","Chauffeur","Um Hamood,, +965 9414 4425N/A -","10.800","0.000","10.800","0.000","Bahrain","Bahrain","Sedan","habib","mac","wanaan Cancelled","                                                                        "
"927","2840","27-Apr-23 09:00","Pickup / Drop","Abdulrahman Helal,0, +966 56 777 7988N/A -","60.000","60.000","0.000","0.000","Art Hotel Bahrain","Dammam Train station","Haice","","mariam","WanaanCancelled","                                                                        "
"928","2861","26-Apr-23 22:30","Pickup / Drop","Joselito Cabrera,, +966 50 136 2376Joselito Cabrera -","40.000","0.000","40.000","0.000","Bahrain Airport","Khobar","Sedan","","via","wanaan Cancelled","                                                                        "
"929","3005","26-Apr-23 14:20","Pickup / Drop","Abhijit Singh,1234, +973 3972 6242N/A -","1.000","0.000","1.000","0.000","Bahrain","Bahrain","SUV","","via","wanaan Cancelled","                                                                        "
"930","2839","23-Apr-23 11:00","Pickup / Drop","Abdulrahman Helal,0, +966 56 777 7988N/A -","60.000","60.000","0.000","0.000","Dammam Train station","Art Hotel Bahrain","Haice","","mariam","WanaanCancelled","                                                                        "
"931","2991","23-Apr-23 08:00","Pickup / Drop","Kayan,, +966 53 563 3388N/A -","35.000","0.000","35.000","0.000","Saar","Khobar","SUV","","mac","wanaan Cancelled","                                                                        "
"932","2983","22-Apr-23 19:30","Pickup / Drop","MR SULAIMAN ALRASHID,, +965 9985 5222N/A -","30.000","0.000","30.000","0.000","Bahrain Airport","Four Seasons Hotel","Vito","","mac","wanaan Cancelled","                                                                        "
"933","2984","22-Apr-23 19:30","Pickup / Drop","MR SULAIMAN ALRASHID,, +965 9985 5222N/A -","25.000","0.000","25.000","0.000","Bahrain Airport","Four Seasons Hotel","SUV","","mac","wanaan Cancelled","                                                                        "
"934","2951","18-Apr-23 06:20","Pickup / Drop","Mohammed Almana,, +966 50 777 8800Mohammed Almana - 816041","35.000","35.000","0.000","0.000","Bahrain airport","Khobar","Sedan","","mariam","WanaanCancelled","                                                                        "
"935","2915","15-Apr-23 18:00","Pickup / Drop","muneera alsaad,0, 33205998N/A -","45.000","0.000","45.000","0.000","road 4322 ?Block 943 ?House 209 Riffa vews 3","King Fahd Airport, Dammam","SUV","","mariam","WanaanCancelled","                                                                        "
"936","2925","13-Apr-23 19:00","Pickup / Drop","Carla ,, +961 81 663 011Carla -","10.000","0.000","10.000","0.000","Fontana Juffair","Bahrain Airport","Lexus Es350","","via","wanaan Cancelled","                                                                        "
"937","2912","09-Apr-23 19:30","Pickup / Drop","Cash,, N/A -","30.000","30.000","0.000","0.000","Jerdab","Dammam Airport","Sedan","mariam","mac","wanaan Cancelled","                                                                        "
"938","2906","08-Apr-23 21:30","Pickup / Drop","Prasanth,, +971 50 832 6100Prasanth -","30.000","0.000","30.000","0.000","Sofitel Zallaq","Le Méridien City Centre","BMW","qmakki","via","wanaan Cancelled","                                                                        "
"939","2859","08-Apr-23 13:00","Pickup / Drop","Huda salim,, +966 50 582 9229Huda -","35.000","35.000","0.000","0.000","Road 102 block 201 house no 31 Hidd","Starbucks causeway Saudi side","Expedition 37398 XL","","via","wanaan Cancelled","                                                                        "
"940","2867","08-Apr-23 13:00","Pickup / Drop","Huda salim,, +966 50 582 9229N/A -","35.000","0.000","35.000","0.000","Road 102 block 201 house no 31 Hidd","Starbucks causeway Saudi side","SUV","","mariam","WanaanCancelled","                                                                        "
"941","2896","07-Apr-23 11:00","Pickup / Drop","Leslie Sneddon,, +966548564345N/A -","45.000","0.000","45.000","0.000","Wyndham Grand Manama","Dammam Airport","Sedan","","via","wanaan Cancelled","                                                                        "
"942","2866","06-Apr-23 15:00","Pickup / Drop","Huda salim,, +966 50 582 9229N/A -","35.000","0.000","35.000","0.000","Starbucks causeway Saudi side","Road 102 block 201 houseno 31 Hidd","SUV","","mariam","WanaanCancelled","                                                                        "
"943","2860","05-Apr-23 16:00","Pickup / Drop","Joselito Cabrera,, +966 50 136 2376Joselito Cabrera -","40.000","0.000","40.000","0.000","Khobar","Bahrain","Sedan","","via","wanaan Cancelled","                                                                        "
"944","2871","05-Apr-23 07:45","Chauffeur","Taliya  Ismagilova,, +973 3997 7413N/A -","160.000","0.000","160.000","0.000","Amwaj","Bahrain","Vito","","via","wanaan Cancelled","                                                                        "
"945","2850","30-Mar-23 17:00","Pickup / Drop","Hussain Alghanmi,0, 33116393N/A -","35.000","0.000","35.000","0.000","Dammam Airport","Bahrain","SUV","","mac","wanaan Cancelled","                                                                        "
"946","2851","30-Mar-23 17:00","Pickup / Drop","Hussain Alghanmi,0, 33116393N/A -","35.000","0.000","35.000","0.000","Dammam Airport","Bahrain","SUV","","mac","wanaan Cancelled","                                                                        "
"947","2827","25-Mar-23 15:00","Pickup / Drop","Travel Mate,32, +973 3964 2445 -","30.000","0.000","30.000","0.000","Duraz","Damam airport","Sedan","smakhlooq","hassan","Travel mate Cancelled","                                                                        "
"948","2816","25-Mar-23 14:30","Pickup / Drop","Ms Latifah Aba Numay,, 00966 581421420Latifah Aba Numay -","35.000","35.000","0.000","0.000","Four Seasons Hotel","Bahrain Airport","Expedition 494862 new","mohamed","via","wanaan Cancelled","                                                                        "
"949","2678","23-Mar-23 17:30","Pickup / Drop","Rony Tabbal,0, +973 3334 9936N/A -","50.000","0.000","50.000","0.000","Sanabis , AlJazeera Tower ,Road 1010,Block 410,Bldg 487","Dammam airport","Sedan","admin","mariam","WanaanCancelled","                                                                        "
"950","2818","22-Mar-23 20:20","Pickup / Drop","Travel Mate,32, +973 3964 2445 -","35.000","0.000","35.000","0.000","Damam Airport","Bahrain","Suv","mariam","hassan","Travel mateCancelled","                                                                        "
"951","2705","18-Mar-23 17:00","Pickup / Drop","Travel Mate,32, +973 3964 2445N/A -","35.000","0.000","35.000","0.000","Juffair","Dammam Airport","Lexus Es350","hasafarah","via","Travel MateCancelled","                                                                        "
"952","2675","18-Mar-23 14:30","Pickup / Drop","Cash,, N/A -","25.000","0.000","25.000","0.000","Reef island","Khobar","Ford Taurus","smakhlooq","mariam","Hussain AljazeeriCancelled","                                                                        "
"953","2647","16-Mar-23 13:00","Pickup / Drop","Travel Gate,0, 0097339133034Ebrahim Aljazeeri -","8.000","8.000","0.000","0.000","H: 1242 R: 835 Block: 608 Sitra- Wadyan","Bahrain airport","Sedan","qmakki","mariam","WanaanCancelled","                                                                        "
"954","2515","13-Mar-23 05:30","Pickup / Drop","Braxtone Plus W.L.L,0, +968 9920 09844706390000112579030 -","0.000","0.000","0.000","0.000","Bahrain Airport","Bahrain","Sedan","admin","hassan","BraxtoneCancelled","                                                                        "
"955","2499","12-Mar-23 11:00","Pickup / Drop","Shervin,0, +966 55 261 9549Ahmad Aljunaid / Sameh Hussein -","55.000","55.000","0.000","0.000","Tatweir Bahrain","Al Khobar","Ford Taurus","","mariam","WanaanCancelled","                                                                        "
"956","2510","12-Mar-23 09:00","Pickup / Drop","Cash,, N/A -","35.000","0.000","35.000","0.000","Budaiya","Dammam airport","Sedan","syousif","mariam","WanaanCancelled","                                                                        "
"957","2511","12-Mar-23 09:00","Pickup / Drop","Cash,, N/A -","35.000","0.000","35.000","0.000","Budaiya","Dammam airport","Sedan","syousif","mariam","Hussain alganmiCancelled","                                                                        "
"958","2477","11-Mar-23 11:00","Pickup / Drop","Khalid Eissa,32, +966 50 352 2141/+97Khalid Eissa -","35.000","35.000","0.000","0.000","Budaiya","Dammam Airport","Sedan","","via","wanaan Cancelled","                                                                        "
"959","2396","11-Mar-23 10:00","Chauffeur","Yati,, +65-87489656Yati -","240.000","40.000","200.000","0.000","TBA","TBA","Territory","","via","wanaan Cancelled","                                                                        "
"960","2465","10-Mar-23 13:00","Pickup / Drop","Abdulrahman Al Shahrani,, +974 6661 6162Abdulrahman Al shahrani -","90.000","90.000","0.000","0.000","Bahrain","Dammam Airport","Expedition w/ trolley","","via","wanaan Cancelled","                                                                        "
"961","2466","10-Mar-23 13:00","Pickup / Drop","Abdulrahman Al Shahrani,, +974 6661 6162Abdulrahman Al shahrani -","60.000","60.000","0.000","0.000","Bahrain","Dammam Airport","Sedan","","via","wanaan Cancelled","                                                                        "
"962","2651","10-Mar-23 08:00","Chauffeur","Rahman Qalandar Khan,0, +971 58 588 8313N/A -","1,920.000","1,920.000","0.000","0.000","Hilton Bahrain","Chauffeur services 12 hours per day","S500","","mariam","WanaanCancelled","                                                                        "
"963","2472","10-Mar-23 07:20","Pickup / Drop","Mohammed Almousa,0, +971 54 444 1587N/A - 00966505881532","90.000","90.000","0.000","0.000","Bahrain airport","Dammam 3657 Fakhruddin Almohasib street, Alshati Alsharqi, Dammam","BMW","","mariam","WanaanCancelled","                                                                        "
"964","2576","08-Mar-23 23:00","Pickup / Drop","Dadabhai Travel,0, 0N/A -","17.000","0.000","17.000","0.000","Bahrain Airport","Jumeirah Gulf","Patrol","","via","dadabhai travelCancelled","                                                                        "
"965","2476","08-Mar-23 20:30","Pickup / Drop","Khalid Eissa,32, +966 50 352 2141/+97Khalid Eissa -","35.000","35.000","0.000","0.000","Dammam Airport","Budaiya","Sedan","","via","wanaan Cancelled","                                                                        "
"966","2468","08-Mar-23 20:00","Pickup / Drop","Reem,0, +973 3538 7750N/A -","32.500","0.000","32.500","0.000","McDonald's King Fahd Causeway","Riifa","Sedan","","mariam","WanaanCancelled","                                                                        "
"967","2485","08-Mar-23 17:30","Pickup / Drop","Travel Mate,32, +973 3964 2445Frederic Gicquel -","10.000","0.000","10.000","0.000","Riffa","Bahrain Airport","Sedan","smakhlooq","via","Travel MateCancelled","                                                                        "
"968","2464","06-Mar-23 07:00","Pickup / Drop","Haitham Hassan,, +973 3325 0805Haitham -","20.000","20.000","0.000","0.000","Zawia 2 Amwaj","Alsalam Hospital","SUV","","via","wanaan Cancelled","                                                                        "
"969","2162","05-Mar-23 13:06","Chauffeur","BMMI BSC,3256, 33968787N/A -","180.000","0.000","180.000","0.000","Bahrain","Bahrain","Expedition","","via","wanaan Cancelled","                                                                        "
"970","2450","04-Mar-23 18:45","Pickup / Drop","Cash,, N/A - +973 3668 4748","0.000","0.000","0.000","0.000","Amwaj Al-Marwa Building: 1933 road: 5716: block:257 Flat: 94","Dammam airport","Sedan","","mariam","S.Yusuf Cancelled","                                                                        "
"971","2161","04-Mar-23 13:00","Chauffeur","BMMI BSC,3256, 33968787N/A -","140.000","0.000","140.000","0.000","Bahrain","Bahrain","Expedition","","via","wanaan Cancelled","                                                                        "
"972","1896","02-Mar-23 20:09","Chauffeur","Fernandes Nunes,654, +55 11 98333-3198N/A -","1,440.000","1,440.000","0.000","0.000","Bahrain","Bahrain","SUV","","admin","Fernandes Nunes	Cancelled","                                                                        "
"973","2422","02-Mar-23 12:00","Pickup / Drop","Patrick McDonell,, +61418888759N/A -","50.000","0.000","50.000","0.000","Euro Motors Building 810 Road 31, Sitra, Bahrain","Staybridge hotel King Fahd Road, Qurtoba, Al Khobar 77065, Saudi Arabia","Sedan","","mariam","WanaanCancelled","                                                                        "
"974","2395","01-Mar-23 17:43","Chauffeur","Fernandes Nunes,654, +55 11 98333-3198n/a -","250.000","250.000","0.000","0.000","Bahrain","bahrain","s 500","","admin","wanaanCancelled","                                                                        "
"975","2414","01-Mar-23 11:15","Pickup / Drop","Kayan,, +966 53 563 3388Kayan -","40.000","0.000","40.000","0.000","Dammam","Bahrain","SUV","","mariam","WanaanCancelled","                                                                        "
"976","2410","28-Feb-23 15:45","Pickup / Drop","Ameeri Industries W.L.L,, +973 3636 4070N/A -","55.000","0.000","55.000","0.000","Ameeri Industries Hidd","Khobar","Expedition 494862","","via","wanaan Cancelled","                                                                        "
"977","2411","28-Feb-23 15:45","Pickup / Drop","Ameeri Industries W.L.L,, +973 3636 4070Mr. Shrinivas Cheshire & Mr. Maroun Attallah -","55.000","0.000","55.000","0.000","Hidd -BIIP","Crown Plaza, Khobar","Expedition 494862","","via","wanaan Cancelled","                                                                        "
"978","2394","28-Feb-23 13:00","Chauffeur","Fernandes Nunes,654, +55 11 98333-3198N/A -","250.000","250.000","0.000","0.000","Bahrain Airport","bahrain","s 500","","admin","wanaanCancelled","                                                                        "
"979","2167","27-Feb-23 13:00","Chauffeur","Fernandes Nunes,654, +55 11 98333-3198N/A -","250.000","0.000","250.000","0.000","Bahrain","Bahrain","Mercedes S Class 2021","","via","wanaan Cancelled","                                                                        "
"980","2178","27-Feb-23 08:00","Chauffeur","Fernandes Nunes,654, +55 11 98333-3198 -","250.000","0.000","250.000","0.000","Hotel","Hotel","S-CLASS 2021","","qassim","Fernandes Cancelled","                                                                        "
"981","2406","26-Feb-23 19:00","Pickup / Drop","Prima Tourist Transportation and Car Rental Co W.L.L ,0, +973 3300 4473Mohamed Al Kaabi -","40.000","0.000","40.000","0.000","Askar","Dammam Airport","SUV","mariam","via","PrimaCancelled","                                                                        "
"982","2165","25-Feb-23 13:00","Pickup / Drop","Fernandes Nunes,654, +55 11 98333-3198N/A -","35.000","0.000","35.000","0.000","Bahrain Airport","Bahrain","Mercedes S Class 2021","","via","wanaan Cancelled","                                                                        "
"983","2176","25-Feb-23 08:00","Pickup / Drop","Fernandes Nunes,654, +55 11 98333-3198 -","35.000","0.000","35.000","0.000","Bahrain Airport","Hotel","S-CLASS 2021","","qassim","Fernandes Cancelled","                                                                        "
"984","2384","23-Feb-23 23:00","Pickup / Drop","MIRA KERBAGE ,, 00971502122300N/A -","25.000","25.000","0.000","0.000","Jumeirah Gulf of Bahrain, Zallaq","Bahrain Airport","Sedan","","via","wanaan Cancelled","                                                                        "
"985","2381","23-Feb-23 17:30","Chauffeur","Braxtone Plus W.L.L,0, +968 9920 0984N/A -","100.000","0.000","100.000","0.000","Amwaj","Bahrain","MG","mariam","via","BraxtoneCancelled","                                                                        "
"986","2159","22-Feb-23 20:20","Pickup / Drop","Calum Clark,0, +966 53 146 6304Calum -","45.000","0.000","45.000","0.000","Dammam Airport","Amwaj","Sedan","","via","wanaan Cancelled","                                                                        "
"987","2371","19-Feb-23 15:50","Pickup / Drop","Dadabhai Travel,0, 0N/A -","23.000","0.000","23.000","0.000","Sofitel Zallaq","Bahrain Airport","Coaster","admin","via","Dadabhai TravelCancelled","                                                                        "
"988","2191","18-Feb-23 13:30","Pickup / Drop","Bahrain Cab,0, 39877322N/A -","10.000","0.000","10.000","0.000","Sanad","Bahrain Airport","Expedition 37398","","via","bahrain cab Cancelled","                                                                        "
"989","1926","09-Feb-23 19:25","Pickup / Drop","Bahraini German International Services,123456, +973 3644 2626N/A -","10.000","0.000","10.000","0.000","Bahrain Airport","Garden Inn Hotel","Sedan","","via","BirgitCancelled","                                                                        "
"990","2030","02-Feb-23 17:21","Pickup / Drop","Dadabhai Travel,0, 0N/A -","100.000","0.000","100.000","0.000","Bahrain Airport","Bahrain Airport","Sedan","","via","wanaan Cancelled","                                                                        "
"991","2027","02-Feb-23 09:00","Pickup / Drop","Braxtone Plus W.L.L,0, +968 9920 0984Hanadi -","6.000","0.000","6.000","0.000","Muharraq","Bahrain Airport","Sedan","","via","BraxtoneCancelled","                                                                        "
"992","1929","01-Feb-23 11:30","Pickup / Drop","Karam Aslam,, 00 44 7532 745593Karam -","50.000","0.000","50.000","0.000","Marriot Executives Aprt","Khobar","SUV","","via","WanaanCancelled","                                                                        "
"993","2025","30-Jan-23 14:00","Pickup / Drop","Dadabhai Travel,0, 0N/A -","30.000","0.000","30.000","0.000","Sofitel Zallaq","Bahrain Airport","SUV","admin","via","Dadabhai TravelCancelled","                                                                        "
"994","2023","30-Jan-23 13:59","Pickup / Drop","Dadabhai Travel,0, 0N/A -","20.000","0.000","20.000","0.000","Sofitel Zallaq","Bahrain Airport","Coaster","admin","via","Dadabhai TravelCancelled","                                                                        "
"995","2024","30-Jan-23 13:59","Pickup / Drop","Dadabhai Travel,0, 0N/A -","32.000","0.000","32.000","0.000","Sofitel Zallaq","Bahrain Airport","Hiace","admin","via","Dadabhai TravelCancelled","                                                                        "
"996","2021","30-Jan-23 13:58","Pickup / Drop","Dadabhai Travel,0, 0N/A -","30.000","0.000","30.000","0.000","Sofitel Zallaq","Bahrain Airport","SUV","admin","via","Dadabhai TravelCancelled","                                                                        "
"997","2022","30-Jan-23 13:58","Pickup / Drop","Dadabhai Travel,0, 0N/A -","30.000","0.000","30.000","0.000","Sofitel Zallaq","Bahrain Airport","SUV","admin","via","Dadabhai TravelCancelled","                                                                        "
"998","2020","30-Jan-23 13:57","Pickup / Drop","Dadabhai Travel,0, 0N/A -","15.000","0.000","15.000","0.000","Sofitel Zallaq","Bahrain Airport","SUV","","via","Dadabhai TravelCancelled","                                                                        "
"999","2018","30-Jan-23 13:56","Pickup / Drop","Dadabhai Travel,0, 0N/A -","15.000","0.000","15.000","0.000","Sofitel Zallaq","Bahrain Airport","SUV","admin","via","Dadabhai TravelCancelled","                                                                        "
"1000","2019","30-Jan-23 13:56","Pickup / Drop","Dadabhai Travel,0, 0N/A -","15.000","0.000","15.000","0.000","Sofitel Zallaq","Bahrain Airport","SUV","admin","via","Dadabhai TravelCancelled","                                                                        "
"1001","2017","30-Jan-23 13:55","Pickup / Drop","Dadabhai Travel,0, 0N/A -","15.000","0.000","15.000","0.000","Sofitel Zallaq","Bahrain Airport","SUV","admin","via","Dadabhai TravelCancelled","                                                                        "
"1002","2016","30-Jan-23 13:50","Pickup / Drop","Dadabhai Travel,0, 0N/A -","15.000","0.000","15.000","0.000","Sofitel Zallaq","Bahrain Airport","SUV","admin","via","Dadabhai TravelCancelled","                                                                        "
"1003","2015","30-Jan-23 13:46","Pickup / Drop","Dadabhai Travel,0, 0N/A -","30.000","0.000","30.000","0.000","Sofitel Zallaq","Bahrain Airport","SUV","admin","via","Dadabhai TravelCancelled","                                                                        "
"1004","2014","29-Jan-23 12:15","Chauffeur","Dadabhai Travel,0, 0N/A -","39.000","39.000","0.000","0.000","Sofitel Zallaq","Sofitel Zallaq","Coach","","via","Dadabhai TravelCancelled","                                                                        "
"1005","2035","28-Jan-23 10:44","Chauffeur","Dadabhai Travel,0, 0N/A -","32.000","0.000","32.000","0.000","Ritz Carlton Hotel","Seef Mall","Sedan","","admin","Dadabhai TravelCancelled","                                                                        "
"1006","2026","27-Jan-23 14:03","Chauffeur","Dadabhai Travel,0, 0N/A -","30.000","0.000","30.000","0.000","Sofitel Zallaq","Bahrain","SUV","","via","Dadabhai TravelCancelled","                                                                        "
"1007","1875","26-Jan-23 23:00","Pickup / Drop","Bahrain Cab,0, 39877322 -","10.000","0.000","10.000","0.000","Hamad town","Bahrain airport","Suv XL","","hassan","Bahrain cabCancelled","                                                                        "
"1008","1915","26-Jan-23 18:55","Pickup / Drop","Bahrain Cab,0, 39877322N/A -","8.000","0.000","8.000","0.000","Bahrain Airport","Sofitel Zallaq","Sedan","admin","via","bahrain cab Cancelled","                                                                        "
"1009","1841","24-Jan-23 08:40","Chauffeur","Nick Grouf,, +1 (310) 998-7382Nick -","45.000","0.000","45.000","0.000","Bahrain airport","Bahrain airport","Lexus ES350","","via","WanaanCancelled","                                                                        "
"1010","1914","24-Jan-23 08:30","Pickup / Drop","Bahrain Cab,0, 39877322N/A -","8.000","0.000","8.000","0.000","Bahrain Airport","Sofitel Hotel","Sedan","admin","via","bahrain cab Cancelled","                                                                        "
"1011","1809","23-Jan-23 12:00","Chauffeur","Sumaya,0, +971508899606 -","90.000","0.000","90.000","0.000","Jumeirah Zallaq","Bahrain","Sedan","","hassan","WanaanCancelled","                                                                        "
"1012","1808","22-Jan-23 12:00","Chauffeur","Sumaya,0, +971508899606 -","90.000","0.000","90.000","0.000","Jumeirah Zallaq","Bahrain","Sedan","","hassan","WanaanCancelled","                                                                        "
"1013","1788","19-Jan-23 17:20","Pickup / Drop","Nouf Augaish,, +966 55 508 6424Nouf Augaish -","5.000","5.000","0.000","0.000","Dammam Airport","InterContinental Bahrain","Expedition 494862","","via","wanaan Cancelled","                                                                        "
"1014","1799","17-Jan-23 17:00","Pickup / Drop","Mona Isa Ahmed Isa,, +962 7 7842 2163Mona Isa Ahmed Isa -","120.000","0.000","120.000","0.000","Khafji Saudi Arabia","Bahrain","Expedition 37402","admin","via","wanaan Cancelled","                                                                        "
"1015","1779","17-Jan-23 10:00","Pickup / Drop","Express Rent A Car,0, +973 3350 3099N/A -","12.000","0.000","12.000","0.000","Sofitel Hotel Zallaq","Bahrain Airport","SUV","hrabeea","admin","Express Rent CarCancelled","                                                                        "
"1016","1782","16-Jan-23 23:55","Pickup / Drop","Bahrain Cab,0, 39877322N/A -","10.000","10.000","0.000","0.000","Hidd","Bahrain Airport","Expedition 37398","mohamed","admin","wanaan Cancelled","                                                                        "
"1017","1793","16-Jan-23 23:55","Pickup / Drop","Bahrain Cab,0, 39877322n/a -","10.000","0.000","10.000","0.000","hidd","Bahrain Airport","suv","mohamed","mohamed","wanaanCancelled","                                                                        "
"1018","1783","16-Jan-23 16:00","Pickup / Drop","Braxtone Plus W.L.L,0, +968 9920 0984N/A -","10.000","0.000","10.000","0.000","Adliya","Sitra","Sedan","mariam","admin","BraxtoneCancelled","                                                                        "
"1019","1740","14-Jan-23 18:00","Pickup / Drop","Mustafa,, +966544666802Mustafa -","40.000","0.000","40.000","0.000","Bahrain","Dammam Airport","Sedan","","admin","wanaan Cancelled","                                                                        "
"1020","1729","14-Jan-23 04:30","Pickup / Drop","Bahrain Chauffeur ,0, +973 3306 2726N/A -","30.000","0.000","30.000","0.000","Bahrain","Khobar","Sedan","mohamed","admin","bahrain chauffeurCancelled","                                                                        "
"1021","1686","12-Jan-23 18:00","Chauffeur","Pine Tree Limousine ,0, 33991922N/A -","15.000","0.000","15.000","0.000","Four Seasons Hotel","Bahrain","BMW","","via","PinetreeCancelled","                                                                        "
"1022","1680","12-Jan-23 11:00","Chauffeur","Bahrain Chauffeur ,0, +973 3306 2726N/A -","30.000","0.000","30.000","0.000","American Mission Hospital, Amwaj","Bahrain","Sedan","qmakki","via","bahrain chauffeurCancelled","                                                                        "
"1023","1667","09-Jan-23 23:00","Pickup / Drop","Braxtone Plus W.L.L,0, +968 9920 0984Ali -","10.000","10.000","0.000","0.000","Hamad Town RB 14","Bahrain Airport","Sedan","","via","BraxtoneCancelled","                                                                        "
"1024","1755","09-Jan-23 17:00","Chauffeur","Dadabhai Travel,0, 0N/A -","46.000","0.000","46.000","16.000","Sofitel Hotel Zallaq","Bahrain","Haice","admin","admin","Dadabhai TravelCancelled","                                                                        "
"1025","1655","05-Jan-23 19:50","Pickup / Drop","Yusuf Ameen ,, +973 3667 7766Yusuf Ameen -","55.000","55.000","0.000","0.000","Dammam Airport","Busaiteen","Expedition 37398","habib","admin","wanaan Cancelled","                                                                        "
"1026","1629","01-Jan-23 16:00","Pickup / Drop","Bahrain Cab,0, 39877322N/A -","35.000","0.000","35.000","0.000","Riffa","Dammam Airport","SUV","habib","via","bahrain cab Cancelled","                                                                        "
"1027","1528","01-Jan-23 10:00","Pickup / Drop","Corazon Harthoorn,, +966 56 082 4590Corazon -","47.000","0.000","47.000","0.000","Swiss Belsuites Admiral Juffair","Khobar","Expedition 37398","","via","wanaan Cancelled","                                                                        "
"1028","1620","31-Dec-22 02:30","Pickup / Drop","Noha Alsharikh,, +966502646211N/A -","30.000","0.000","30.000","0.000","Bahrain","Khobar","Ford Taurus 314729","","via","wanaan Cancelled","                                                                        "
"1029","1527","29-Dec-22 13:00","Pickup / Drop","Corazon Harthoorn,, +966 56 082 4590Corazon -","47.000","0.000","47.000","0.000","Khobar","Swiss Belsuites Admiral Juffair","Expedition 37398","","via","wanaan Cancelled","                                                                        "
"1030","1592","28-Dec-22 19:00","Pickup / Drop","Braxtone Plus W.L.L,0, +968 9920 0984MOHAMED/PLUS-007-4706390000101313384 - 34006080","10.000","0.000","10.000","0.000","MADINAT HAMAD - FIRST ROUNDABOUT","Bahrain Airport","Sedan","","via","BraxtoneCancelled","                                                                        "
"1031","1564","22-Dec-22 02:00","Pickup / Drop","Rana Alzahid,, +966 55 922 7033N/A -","45.000","0.000","45.000","0.000","Bahrain Airport","Dammam","SUV","","via","wanaan Cancelled","                                                                        "
"1032","1554","20-Dec-22 14:00","Pickup / Drop","N/A,0, 0Alooshi Customer -","34.000","34.000","0.000","0.000","Elite Resort & Spa Muharraq","Khobar","SUV","jasim","via","AlooshiCancelled","                                                                        "
"1033","1530","19-Dec-22 09:50","Pickup / Drop","Pine Tree Limousine ,0, 33991922N/A -","15.000","15.000","0.000","0.000","Bahrain Airport","Sofitel Zallaq","SUV","","admin","PinetreeCancelled","                                                                        "
"1034","1505","17-Dec-22 15:00","Pickup / Drop","Cash,,  -","35.000","0.000","35.000","0.000","Swan executive apartments","Dammam Airport","Sedan","hrabeea","qassim","WanaanCancelled","                                                                        "
"1035","1501","17-Dec-22 13:30","Pickup / Drop","Osman Khan,, +973 3452 9228Osman Khan -","45.000","10.000","35.000","0.000","Nakheel Compound Jannusan","Dammam Airport","Expedition 37398","jasim","via","wanaan Cancelled","                                                                        "
"1036","1496","16-Dec-22 17:45","Chauffeur","Dadabhai Travel,0, 0Ms Deepa - 39208713","38.000","0.000","38.000","0.000","Golden Sands Hoora","Bahrain","Mini Bus","mohamed","via","Dadabhai TravelCancelled","                                                                        "
"1037","1469","13-Dec-22 07:00","Pickup / Drop","Sultan,, +966 50 008 8852Sultan -","120.000","120.000","0.000","0.000","Bahrain","Bahrain","Lexus Es350","","via","wanaan Cancelled","                                                                        "
"1038","1333","10-Dec-22 23:00","Pickup / Drop","Falkiewicz Elzbieta,, +49 1590 2422422Falkiewicz Elzbieta -","20.000","0.000","20.000","0.000","Swan Suit Apartments","Bahrain Airport","Expedition 37398","","via","wanaan Cancelled","                                                                        "
"1039","1415","10-Dec-22 10:30","Pickup / Drop","Calum Clark,0, +966 53 146 6304Calum -","45.000","45.000","0.000","0.000","Swiss-Belsuites Admiral Juffair","Dammam Airport","Ford Taurus 314729","","admin","wanaan Cancelled","                                                                        "
"1040","1435","10-Dec-22 10:00","Pickup / Drop","Kirk Haris,. , +966507123785Kirk Haris -","35.000","0.000","35.000","0.000","Gulf Gate hotel Bahrain","Khobar","Camry","admin","admin","wanaan Cancelled","                                                                        "
"1041","1332","07-Dec-22 01:30","Pickup / Drop","Falkiewicz Elzbieta,, +49 1590 2422422Falkiewicz Elzbieta -","20.000","0.000","20.000","0.000","Bahrain Airport","Swan Suit Apartments","Expedition 37398","","via","wanaan Cancelled","                                                                        "
"1042","1389","06-Dec-22 10:30","Chauffeur","Pine Tree Limousine ,0, 33991922N/A -","140.000","0.000","140.000","0.000","Elite Resort & Spa Muharraq","Bahrain","Ford Taurus 314729","mohamed","via","PinetreeCancelled","                                                                        "
"1043","1390","06-Dec-22 10:30","Chauffeur","Pine Tree Limousine ,0, 33991922N/A -","140.000","0.000","140.000","0.000","Elite Resort & Spa Muharraq","Bahrain","Avalon","qmakki","via","PinetreeCancelled","                                                                        "
"1044","1375","05-Dec-22 07:00","Pickup / Drop","Alhuda Limousine,, 0Maryam Kebdani -","100.000","0.000","100.000","0.000","The Nest Tower Sanabis","Qatar","Sedan","","via","Alhuda LimoCancelled","                                                                        "
"1045","1341","03-Dec-22 12:00","Pickup / Drop","Noor AlNoaimi,, 39686588N/A -","170.000","0.000","170.000","0.000","Salwa Border","Bahrain","Expedition 37398","zainb","via","wanaan Cancelled","                                                                        "
"1046","1309","27-Nov-22 10:00","Pickup / Drop","N/A,0, 0Sanad Customer -","140.000","0.000","140.000","0.000","Hidd","Qatar","SUV","","via","SanadCancelled","                                                                        "
"1047","1310","27-Nov-22 03:00","Pickup / Drop","Sky Bahrain Tourism,, 66337000N/A -","35.000","0.000","35.000","0.000","Malkiya","Dammam Airport","SUV XL","","via","Sky Bahrain TourismCancelled","                                                                        "
"1048","1236","26-Nov-22 05:30","Pickup / Drop","fooz,, 33143404N/A -","130.000","30.000","100.000","0.000","Bahrain","Doha","Sedan","","via","wanaan Cancelled","                                                                        "
"1049","1283","23-Nov-22 23:00","Pickup / Drop","First One Rent,, 33634141N/A -","15.000","0.000","15.000","0.000","Al Ali Mall","Westin City Center","Expedition 37398","zainb","via","First OneCancelled","                                                                        "
"1050","1276","23-Nov-22 22:00","Pickup / Drop","N/A,0, 0Sanad Customer -","15.000","0.000","15.000","0.000","Juffair","Bahrain Airport","Ford Taurus 314729","rabab","via","Mohammed SanadCancelled","                                                                        "
"1051","1248","21-Nov-22 00:50","Pickup / Drop","Travel Gate,0, 0097339133034N/A -","10.000","0.000","10.000","0.000","Sar","Bahrain Airport","Sedan","","via","travel gate bahrainCancelled","                                                                        "
"1052","1233","19-Nov-22 10:30","Pickup / Drop","Bahrain Cab,0, 39877322N/A -","35.000","35.000","0.000","30.000","Sadad","Damam Airport","SUV","abdullaa","via","bahrain cab Cancelled","                                                                        "
"1053","1227","17-Nov-22 09:40","Pickup / Drop","Raghad Al Ghamdi,, +966509648866Raghad Al Ghamdi -","45.000","0.000","45.000","0.000","Dammam Airport","Sofitel Hotel Zallaq","Sedan","","via","WanaanCancelled","                                                                        "
"1054","1223","16-Nov-22 07:15","Pickup / Drop","Travel Gate,0, 0097339133034Frederic Gicquel -","10.000","0.000","10.000","10.000","Saar","Bahrain Airport","Sedan","qmakki","via","travel gate bahrainCancelled","                                                                        "
"1055","1218","14-Nov-22 17:25","Pickup / Drop","Travel Gate,0, 0097339133034N/A -","10.000","0.000","10.000","0.000","Bahrain Airport","Saar","Ford Taurus 314729","","via","travel gate bahrainCancelled","                                                                        "
"1056","1190","14-Nov-22 14:30","Pickup / Drop","Ms Latifah Aba Numay,, 00966 581421420Ms Latifah Aba Numay -","25.000","25.000","0.000","0.000","Four Seasons Hotel","Bahrain Airport","Expedition 37398","","via","wanaan Cancelled","                                                                        "
"1057","1200","14-Nov-22 12:00","Pickup / Drop","Yusra Nisar,, 0545447358Yusra Nisar -","70.000","0.000","70.000","0.000","Jubail","The Spot Residence Al Juffair","Sedan","","via","wanaan Cancelled","                                                                        "
"1058","1209","13-Nov-22 14:20","Pickup / Drop","Pine Tree Limousine ,0, 33991922N/A -","15.000","0.000","15.000","0.000","Bahrain Airport","Sofitel Zallaq","SUV","","via","PinetreeCancelled","                                                                        "
"1059","1204","13-Nov-22 12:30","Pickup / Drop","Glenn Braverman,, +1 (301) 991-2460Glenn Braverman -","35.000","0.000","35.000","0.000","Le Méridien City Centre Bahrain","Hyatt Khobar","Sedan","","via","wanaan Cancelled","                                                                        "
"1060","1196","12-Nov-22 03:00","Pickup / Drop","Sky Bahrain Tourism,, 66337000N/A -","35.000","0.000","35.000","0.000","Bahrain","Khobar","GMC or similar","","via","Sky Bahrain TourismCancelled","                                                                        "
"1061","1170","10-Nov-22 08:00","Chauffeur","Mona Alkhalid,, +965 9988 5559Mona Alkhalid -","120.000","0.000","120.000","0.000","Bahrain Airport","Bahrain Airport","Lexus","mohamed","via","wanaan Cancelled","                                                                        "
"1062","1145","09-Nov-22 23:30","Pickup / Drop","Yusra Nisar,, 0545447358Yusra Nisar -","70.000","0.000","70.000","0.000","Jubail","Juffair","Expedition 37398","","via","Yusra NisarCancelled","                                                                        "
"1063","1175","09-Nov-22 04:45","Pickup / Drop","Abdulla,, 00966564255558Abdulla -","40.000","40.000","0.000","0.000","Khobar","Bahrain Airport","Expedition","","via","AbdullaCancelled","                                                                        "
"1064","1132","07-Nov-22 23:55","Pickup / Drop","Express Rent A Car,0, +973 3350 3099n/a -","12.000","0.000","12.000","0.000","SOFITEL","Bahrain Airport","GMC/SIMILAR","","mohamed","wanaanCancelled","                                                                        "
"1065","1129","07-Nov-22 23:25","Pickup / Drop","Express Rent A Car,0, +973 3350 3099n/a -","10.000","0.000","10.000","0.000","SOFITEL","Bahrain Airport","VITO","salsameer","mohamed","wanaanCancelled","                                                                        "
"1066","1140","07-Nov-22 23:05","Pickup / Drop","Express Rent A Car,0, +973 3350 3099n/a -","8.000","0.000","8.000","0.000","SOFITEL","Bahrain Airport","Taurus","","mohamed","wanaanCancelled","                                                                        "
"1067","1139","07-Nov-22 19:50","Pickup / Drop","Express Rent A Car,0, +973 3350 3099n/a -","8.000","0.000","8.000","0.000","SOFITEL","Bahrain Airport","Taurus","","mohamed","wanaanCancelled","                                                                        "
"1068","1138","07-Nov-22 17:50","Pickup / Drop","Express Rent A Car,0, +973 3350 3099n/a -","8.000","0.000","8.000","0.000","SOFITEL","Bahrain Airport","Taurus","","mohamed","wanaanCancelled","                                                                        "
"1069","1128","07-Nov-22 15:25","Pickup / Drop","Express Rent A Car,0, +973 3350 3099n/a -","10.000","0.000","10.000","0.000","SOFITEL","Bahrain Airport","VITO","salsameer","mohamed","wanaanCancelled","                                                                        "
"1070","1137","07-Nov-22 15:00","Pickup / Drop","Express Rent A Car,0, +973 3350 3099n/a -","8.000","0.000","8.000","0.000","SOFITEL","Bahrain Airport","Taurus","","mohamed","wanaanCancelled","                                                                        "
"1071","1149","07-Nov-22 15:00","Pickup / Drop","Jean Skory,, +66870677227Jean Skory -","40.000","0.000","40.000","0.000","Dharan","ibis Styles Manama Diplomatic Area","Ford Taurus 314729","","via","Jean SkoryCancelled","                                                                        "
"1072","1127","07-Nov-22 13:05","Pickup / Drop","Express Rent A Car,0, +973 3350 3099n/a -","10.000","0.000","10.000","0.000","SOFITEL","Bahrain Airport","VITO","salsameer","mohamed","wanaanCancelled","                                                                        "
"1073","1130","07-Nov-22 12:00","Pickup / Drop","Express Rent A Car,0, +973 3350 3099n/a -","12.000","0.000","12.000","0.000","SOFITEL","Bahrain Airport","GMC/SIMILAR","","mohamed","wanaanCancelled","                                                                        "
"1074","1131","07-Nov-22 12:00","Pickup / Drop","Express Rent A Car,0, +973 3350 3099n/a -","12.000","0.000","12.000","0.000","SOFITEL","Bahrain Airport","GMC/SIMILAR","","mohamed","wanaanCancelled","                                                                        "
"1075","1126","07-Nov-22 11:00","Pickup / Drop","Express Rent A Car,0, +973 3350 3099n/a -","10.000","0.000","10.000","0.000","SOFITEL","Bahrain Airport","VITO","salsameer","mohamed","wanaanCancelled","                                                                        "
"1076","1136","07-Nov-22 11:00","Pickup / Drop","Express Rent A Car,0, +973 3350 3099n/a -","8.000","0.000","8.000","0.000","SOFITEL","Bahrain Airport","Taurus","","mohamed","wanaanCancelled","                                                                        "
"1077","1125","07-Nov-22 07:40","Pickup / Drop","Express Rent A Car,0, +973 3350 3099n/a -","10.000","0.000","10.000","0.000","SOFITEL","Bahrain Airport","VITO","salsameer","mohamed","wanaanCancelled","                                                                        "
"1078","1135","07-Nov-22 07:10","Pickup / Drop","Express Rent A Car,0, +973 3350 3099n/a -","8.000","0.000","8.000","0.000","MERCURE","Bahrain Airport","Taurus","","mohamed","wanaanCancelled","                                                                        "
"1079","1134","07-Nov-22 01:05","Pickup / Drop","Express Rent A Car,0, +973 3350 3099n/a -","8.000","0.000","8.000","0.000","SOFITEL","Bahrain Airport","Taurus","","mohamed","wanaanCancelled","                                                                        "
"1080","1147","06-Nov-22 22:00","Pickup / Drop","Pine Tree Limousine ,0, 33991922N/A -","15.000","0.000","15.000","0.000","Sofitel Hotel Zallaq","Bahrain Airport","Expedition 37398","","via","PinetreeCancelled","                                                                        "
"1081","1133","06-Nov-22 19:30","Pickup / Drop","Express Rent A Car,0, +973 3350 3099n/a -","8.000","0.000","8.000","0.000","MERCURE","Bahrain Airport","Taurus","","mohamed","wanaanCancelled","                                                                        "
"1082","1112","06-Nov-22 12:00","Pickup / Drop","Cash,,  -","40.000","0.000","40.000","0.000","Park inn by raddison hotel dammam","Arman hotel Juffair bahrain","Sedan","admin","qassim","wanaanCancelled","                                                                        "
"1083","1096","05-Nov-22 03:00","Pickup / Drop","Sky Bahrain Tourism,, 66337000N/A -","40.000","0.000","40.000","0.000","Bahrain","Dammam Airport","SUV XL","rabab","via","Sky Bahrain TourismCancelled","                                                                        "
"1084","1098","04-Nov-22 08:00","Pickup / Drop","Express Rent A Car,0, +973 3350 3099N/A -","12.000","0.000","12.000","0.000","Bahrain Airport","sofitel zallaq","SUV XL","","via","Express Rent CarCancelled","                                                                        "
"1085","1110","03-Nov-22 17:30","Pickup / Drop","Pine Tree Limousine ,0, 33991922N/A -","25.000","0.000","25.000","0.000","Zallaq","Bahrain Airport","BMW","admin","via","PinetreeCancelled","                                                                        "
"1086","1084","03-Nov-22 17:00","Pickup / Drop","Leonard Rosaluna,, +966 54 329 4820 -","35.000","0.000","35.000","0.000","Bahrain","Khobar","Sedan","mariam","qassim","WanaanCancelled","                                                                        "
"1087","1094","01-Nov-22 23:00","Pickup / Drop","N/A,0, 0N/A -","30.000","30.000","0.000","0.000","Juffair","Khobar","Sedan","mohmdhussain","via","wanaan Cancelled","                                                                        "
"1088","1074","30-Oct-22 19:40","Pickup / Drop","Husain Alghanmi,0, 0N/A -","35.000","0.000","35.000","0.000","Dammam Airport","Bahrain","Expedition 37398","","via","Husain AlkanmyCancelled","                                                                        "
"1089","1069","29-Oct-22 10:00","Pickup / Drop","Dana,, +966500910095Dana -","30.000","0.000","30.000","0.000","Khobar Alabrar Street","Bahrain","Ford Taurus","","via","DanaCancelled","                                                                        "
"1090","1054","28-Oct-22 03:00","Pickup / Drop","Transportation Company,, 0N/A -","40.000","0.000","40.000","0.000","Malkiya","Dammam Airport","Expedition 37398","hassan","via","transportationCancelled","                                                                        "
"1091","1055","28-Oct-22 03:00","Pickup / Drop","Transportation Company,, 0N/A -","40.000","0.000","40.000","0.000","Aali","Dammam Airport","SUV XL","rabab","via","transportationCancelled","                                                                        "
"1092","1056","28-Oct-22 03:00","Pickup / Drop","Transportation Company,, 0N/A -","40.000","0.000","40.000","0.000","Malkiya","Dammam Airport","Expedition 37398","","via","transportationCancelled","                                                                        "
"1093","1057","28-Oct-22 03:00","Pickup / Drop","Transportation Company,, 0N/A -","40.000","0.000","40.000","0.000","Aali","Dammam Airport","Expedition 37398","","via","transportationCancelled","                                                                        "
"1094","1053","27-Oct-22 16:25","Pickup / Drop","Abdullah,, +966 56 398 4383Abdullah -","30.000","0.000","30.000","0.000","Isa Town","Khobar","Expedition 37398","habib","via","abdulaCancelled","                                                                        "
"1095","1021","22-Oct-22 12:00","Pickup / Drop","Mahmood ,6, +973 6636 6643Mahmood -","31.500","0.000","31.500","0.000","Aali","Dammam","Sedan","","via","Mahmood Cancelled","                                                                        "
"1096","954","19-Oct-22 20:30","Pickup / Drop","Mahmood ,6, +973 6636 6643Mahmood  -","35.000","0.000","35.000","0.000","Dammam Airport","Aali","Ford Taurus 314729","","via","Mahmood Cancelled","                                                                        "
"1097","989","15-Oct-22 16:00","Pickup / Drop","Cash,, N/A -","45.000","0.000","45.000","0.000","Bahrain","Dammam Airport","Sedan","","via","salahCancelled","                                                                        "
"1098","992","15-Oct-22 13:00","Pickup / Drop","Noora,, +973 3666 0071 -","65.000","0.000","65.000","0.000","Zallaq","Salasal","Suv","","hassan","WanaanCancelled","                                                                        "
"1099","984","12-Oct-22 20:00","Pickup / Drop","Cash,, N/A -","27.000","0.000","27.000","0.000","Dammam Airport","Bahrain","Ford Taurus 314729","mariam","via","JazeeriCancelled","                                                                        "
"1100","959","09-Oct-22 23:30","Pickup / Drop","Shoaib Shabbir,, 32008497Shoaib Shabbir -","65.000","45.000","20.000","0.000","Maqabah","Dammam Airport","Expedition","","via","Shoaib ShabbirCancelled","                                                                        "
"1101","936","07-Oct-22 00:00","Pickup / Drop","Farah Omar,, +966 55 116 2278Farah Omar -","30.000","0.000","30.000","0.000","Bahrain","Khobar","Ford Taurus 314729","","via","Farah OmarCancelled","                                                                        "
"1102","935","06-Oct-22 18:00","Pickup / Drop","Farah Omar,, +966 55 116 2278Farah Omar -","30.000","0.000","30.000","0.000","Khobar","Bahrain","Ford Taurus 314729","","via","Farah OmarCancelled","                                                                        "
"1103","928","06-Oct-22 08:00","Pickup / Drop","Bain Company ,, n@a Lisa Kabus - +49 89 51231577","45.000","45.000","0.000","0.000","Westin City Center Bahrain","Alrouf Factory Dammam","Ford Expedition","","via","NelliCancelled","                                                                        "
"1104","917","02-Oct-22 09:00","Pickup / Drop","Latifa,0, 97336303631Latifa Al Mannaei -","40.000","0.000","40.000","0.000","Dammam Airport","Bahrain","SUV","","via","Latifa Al MannaeiCancelled","                                                                        "
"1105","865","28-Sep-22 20:20","Pickup / Drop","Mahmood ,6, +973 6636 6643Mahmood  -","35.000","0.000","35.000","0.000","Dammam Airport","Aali Bahrain","Sedan","","via","Mahmood Cancelled","                                                                        "
"1106","911","26-Sep-22 17:15","Chauffeur","N/A,0, 0N/A -","1,000.000","1,000.000","0.000","0.000","Bahrain","Bahrain","BMW","","via","N/ACancelled","                                                                        "
"1107","879","24-Sep-22 14:00","Pickup / Drop","Bandar Alshumaisy,6, +966504405664Bandar Alshumaisy -","40.000","0.000","40.000","0.000","ITC Bu Quwa","Dammam Airport","Ford Taurus 314729","","via","Bandar AlshumaisyCancelled","                                                                        "
"1108","856","21-Sep-22 17:00","Pickup / Drop","Svetlana,, +49 176 62020171N/A -","25.000","0.000","25.000","0.000","Four Seasons Hotel","Bahrain Airport","BMW","","via","Svitlana Dedova AgencyCancelled","                                                                        "
"1109","854","19-Sep-22 23:00","Pickup / Drop","Svetlana,, +49 176 62020171N/A -","25.000","0.000","25.000","0.000","Bahrain Airport","Four Seasons Hotel","BMW","","via","Svitlana Dedova AgencyCancelled","                                                                        "
"1110","829","14-Sep-22 08:00","Pickup / Drop","HUSAIN ABDULNABI ALSODAN,, +973 3719 2921HUSAIN ABDULNABI ALSODAN -","40.000","0.000","40.000","0.000","Tubli","Dammam","Nissan Patrol 244139","habib","via","HUSAIN ABDULNABI ALSODANCancelled","                                                                        "
"1111","810","10-Sep-22 20:00","Pickup / Drop","Sara Almadi,, +966 55 859 6600Sara Almadi -","38.000","0.000","38.000","0.000","Four Seasons Hotel","Khobar","SUV","","via","Sara AlmadiCancelled","                                                                        "
"1112","757","09-Sep-22 09:00","Chauffeur","Cash,,  -","12.000","0.000","12.000","0.000","Chauffer","Chauffer","SEDAN Luxes Es350","","qassim","WanaanCancelled","                                                                        "
"1113","833","09-Sep-22 07:30","Pickup / Drop","Bahrain Cab,0, 39877322N/A -","8.000","8.000","0.000","0.000","Jid Ali","Bahrain Airport","Sedan","","via","bahrain cab Cancelled","                                                                        "
"1114","766","02-Sep-22 16:30","Pickup / Drop","N/A,0, 0N/A -","45.000","45.000","0.000","0.000","Bahrain Airport","Khobar","Sedan","hassan","via","Mohamed KhudairCancelled","                                                                        "
"1115","758","31-Aug-22 07:00","Pickup / Drop","Zohair Alhariri,, +966553063698Zohair -","35.000","0.000","35.000","0.000","Retal Residence Khobar","Bahrain Airport","Sedan","","via","zohairCancelled","                                                                        "
"1116","756","31-Aug-22 06:45","Pickup / Drop","Zohair Alhariri,, +966553063698 -","35.000","0.000","35.000","0.000","Khobar / Retail Residence","Bahrain Airport","SEDAN","","qassim","WanaanCancelled","                                                                        "
"1117","740","27-Aug-22 02:15","Pickup / Drop","Bahrain Cab,0, 39877322N/A -","8.000","8.000","0.000","0.000","Bahrain Airport","Four Seasons Hotel","Sedan","","via","bahrain cab Cancelled","                                                                        "
"1118","721","24-Aug-22 16:30","Chauffeur","Saud,, +965 559 99596Saud -","120.000","120.000","0.000","0.000","Bahrain","Bahrain","Lexus Es350","","via","saudCancelled","                                                                        "
"1119","679","21-Aug-22 15:00","Pickup / Drop","Razan Alghamdi,, +966 55 074 9777Razan Alghamdi and Ghadi Alanzi  -","30.000","30.000","0.000","0.000","Khobar","Bahrain","Sedan","","via","Razan AlghamdiCancelled","                                                                        "
"1120","657","14-Aug-22 13:20","Pickup / Drop","Drivado Company,0, +9719903438356Felwa Alureiyni  -","20.000","20.000","0.000","0.000","Bahrain Airport","Four season Hotel","Expedition","hassan","qassim","wanaanCancelled","                                                                        "
"1121","661","13-Aug-22 19:00","Pickup / Drop","N/A,0, 0N/A -","27.000","27.000","0.000","0.000","Khobar","Bahrain Insurance","Sunny","","via","N/ACancelled","                                                                        "
"1122","625","11-Aug-22 16:00","Pickup / Drop","Tyler Basler,, +1 (325) 812-2346Tyler Basler -","35.000","35.000","0.000","0.000","Hilton Garden Inn Al Khobar","Bahrain","Sedan","","via","Tyler BaslerCancelled","                                                                        "
"1123","611","07-Aug-22 20:00","Pickup / Drop","Manoor Aldosarry,, +966 58 244 2290Manoor Aldosarry -","40.000","40.000","0.000","0.000","City Center","Dharan","SUV XL","","via","Manoor AldosarryCancelled","                                                                        "
"1124","612","06-Aug-22 10:00","Pickup / Drop","Manoor Aldosarry,, +966 58 244 2290Manoor Aldosarry -","40.000","40.000","0.000","0.000","Dharan","Royal Saray Resort","SUV XL","","via","Manoor AldosarryCancelled","                                                                        "
"1125","602","04-Aug-22 15:00","Pickup / Drop","Bahrain Cab,0, 39877322Bassam -","10.000","10.000","0.000","0.000","Malkiya","Bahrain Airport","SUV XL","","via","bahrain cab Cancelled","                                                                        "
"1126","592","03-Aug-22 19:00","Pickup / Drop","Dana Alzawawi,, +973 3302 2242Dana  -","20.000","20.000","0.000","0.000","Bahrain Airport","East Riffa","Expedition 37398 (XL)","","via","danaCancelled","                                                                        "
"1127","573","03-Aug-22 09:30","Chauffeur","Barlow Nikolai,, +79162053952Mr.barlow -","90.000","90.000","0.000","0.000","Bahrain Airport","Four season","BMW","","qassim","wanaanCancelled","                                                                        "
"1128","594","03-Aug-22 00:00","Pickup / Drop","Bahrain Chauffeur ,0, +973 3306 2726N/A -","10.000","10.000","0.000","0.000","Bahrain Airport","Hamad Town","Nissan Patrol 244139","","via","bahrain cab Cancelled","                                                                        "
"1129","562","28-Jul-22 06:45","Pickup / Drop","Dana Alzawawi,, +973 3302 2242Dana -","20.000","20.000","0.000","0.000","East Riffa Bukuwara","Bahrain Airport","Expedition","","via","DanaCancelled","                                                                        "
"1130","552","26-Jul-22 16:00","Pickup / Drop","Mohammed Alsaleh,, 00966505243354Mohammed alsaleh -","40.000","40.000","0.000","0.000","Movanpic Hotel Khobar","Ritz Carlton Bahrain","Sedan","","via","MohammedCancelled","                                                                        "
"1131","533","25-Jul-22 20:00","Pickup / Drop","Hussain Al-Attas,, +966544343544N/A -","35.000","35.000","0.000","0.000","Bahrain","Khobar","Expedition 37398","","qassim","wanaan Cancelled","                                                                        "
"1132","504","16-Jul-22 19:30","Pickup / Drop","Bahrain Cab,0, 39877322N/A -","30.000","30.000","0.000","0.000","Bahrain","Bahrain","Expedition 37398","","via","bahrain cab Cancelled","                                                                        "
"1133","500","14-Jul-22 13:00","Pickup / Drop","Amna,, +966 55 368 4422Amna -","38.000","0.000","38.000","0.000","ramee grand hotel","Dammam shoolah","Sedan","","via","wanaan Cancelled","                                                                        "
"1134","461","12-Jul-22 13:09","Pickup / Drop","Dale shelby,, +966 55 572 7983Dale shelby -","35.000","35.000","0.000","0.000","Crown Plaza Hotel","Lulu Khobar","Ford Taurus 314729","","via","Dale shelbyCancelled","                                                                        "
"1135","471","10-Jul-22 06:45","Pickup / Drop","Fatima Janahi,, +973 3308 3681N/A -","25.000","25.000","0.000","0.000","Sanad","Bahrain Airport","Veto","mac","via","wanaan Cancelled","                                                                        "
"1136","458","07-Jul-22 03:15","Pickup / Drop","Elvin Joseph,, +973 3399 2779Elvin Joseph -","20.000","20.000","0.000","0.000","Palace Garden 1, Villa 7 Saar","Bahrain Airport","Expedition 37398","ali","via","JosephCancelled","                                                                        "
"1137","462","06-Jul-22 04:00","Pickup / Drop","Darren Coxon,, +973 3444 4603Darren - +973 3444 4603","20.000","20.000","0.000","0.000","Harbour Heights","Bahrain Airport","GMC or similar","","via","DarrenCancelled","                                                                        "
"1138","454","03-Jul-22 20:00","Pickup / Drop","N/A,0, 0N/A -","22.500","0.000","22.500","0.000","Manama","bah bridge","expedition","","via","wanaan Cancelled","                                                                        "
"1139","412","02-Jul-22 23:30","Pickup / Drop","Bahrain Cab,0, 39877322N/A -","10.000","10.000","0.000","0.000","Sanad","Bahrain Airport","Expedition","hassan","admin","Bahrain CabCancelled","                                                                        "
"1140","393","28-Jun-22 07:45","Pickup / Drop","Express Rent A Car,0, +973 3350 3099N/A -","40.000","0.000","40.000","0.000","four season","Khobar","Lexus ES350","hassan","admin","PrimaCancelled","                                                                        "
"1141","335","07-Jun-22 21:00","Chauffeur","Mathail Alsaleh,, +966 56 300 3402Mathail -","150.000","150.000","0.000","0.000","Khobar","Bahrain","Expedition","via","admin","MaithalCancelled","                                                                        "
"1142","287","04-Jun-22 11:30","Pickup / Drop","Pine Tree Limousine ,0, 33991922N/A -","20.000","20.000","0.000","0.000","Sofitel Hotel","BAH Airport","BMW 243183","","admin","Pine TreeCancelled","                                                                        "
"1143","312","29-May-22 14:30","Chauffeur","Bahrain Chauffeur ,0, +973 3306 2726N/A - +973 3306 2726","0.000","0.000","0.000","0.000","Riffa","BH airport","BMW","","via","Bahrain chauffeur Cancelled","                                                                        "
"1144","304","29-May-22 12:00","Pickup / Drop","Bahrain Chauffeur ,0, +973 3306 2726N/A -","20.000","20.000","0.000","0.000","Home 1499 Road 2549 Block 925","Bahrain Airport","BMW","","qassim","N/ACancelled","                                                                        "
"1145","305","29-May-22 12:00","Pickup / Drop","Bahrain Chauffeur ,0, +973 3306 2726N/A -","20.000","20.000","0.000","0.000","Home 1499 Road 2549 Block 925","Bahrain Airport","BMW","mariam","qassim","N/ACancelled","                                                                        "
"1146","311","29-May-22 08:55","Pickup / Drop","Bahrain Chauffeur ,0, +973 3306 2726N/A - N/A","20.000","20.000","0.000","0.000","Hotel","BH Airport","BMW","via","via","Bahrain chauffeur Cancelled","                                                                        "
"1147","303","29-May-22 00:00","Pickup / Drop","Bahrain Chauffeur ,0, +973 3306 2726N/A -","20.000","20.000","0.000","0.000","Home 1499 Road 2549 Block 925","Bahrain Airport","BMW","","qassim","N/ACancelled","                                                                        "
"1148","293","27-May-22 13:49","Pickup / Drop","Pine Tree Limousine ,0, 33991922 -","20.000","20.000","0.000","0.000","Magkano Ritz","Bahrain Airport","BMW","","qassim","33991922Cancelled","                                                                        "
"1149","282","26-May-22 21:30","Pickup / Drop","Futoun Fahad Alshammari,, +965 9449 3807Futoun Fahad -","30.000","30.000","0.000","0.000","Opa Restaurant","Al Ghalya Residence","BMW 243183","mariam","admin","FutounCancelled","                                                                        "
"1150","281","26-May-22 19:00","Pickup / Drop","Futoun Fahad Alshammari,, +965 9449 3807Futoun Fahad -","30.000","30.000","0.000","0.000","Al Ghalya Residence","Opa Restaurant","BMW 243183","mariam","admin","FutounCancelled","                                                                        "
"1151","277","23-May-22 17:05","Pickup / Drop","Azzam Alshareef,, +966 59 669 7988Azzam Alshareef -","40.000","0.000","40.000","0.000","BAH Airport","Dammam","Ford Taurus or similar","via","admin","AzzamCancelled","                                                                        "
"1152","245","18-May-22 18:15","Pickup / Drop","BASIL ABULHAMAYEL,, +966 55 600 0427BASIL ABULHAMAYEL -","40.000","0.000","40.000","0.000","BAH Airport","Khobar","Expedition","","admin","N/ACancelled","                                                                        "
"1153","267","16-May-22 14:00","Pickup / Drop","Bahrain Chauffeur ,0, +973 3306 2726N/A -","200.000","0.000","200.000","0.000","Four Seasons Hotel","Riyadh","BMW 243183","via","admin","Bahrain Chauffeur Cancelled","                                                                        "
"1154","268","15-May-22 18:00","Pickup / Drop","Alla Obeidat,, +966 54 330 0008Alla Obeidat -","35.000","0.000","35.000","0.000","Gulf Hotel Bahrain","Khobar","Expedition 37398","hassan","admin","AllaCancelled","                                                                        "
"1155","248","15-May-22 11:43","Pickup / Drop","AXA International,, +971 55 664 4191Mr Steven Peterson  -","18.000","18.000","0.000","0.000","BH Airport","Wyndham Grand Manama","GMC or similar","","via","AxaCancelled","                                                                        "
"1156","247","12-May-22 13:00","Pickup / Drop","Habib Abdulla,, +966 50 586 93922 passengers  -","35.000","35.000","0.000","0.000","Dharan","Westin Hotel BH","GMC or similar","","via","HabibCancelled","                                                                        "
"1157","234","06-May-22 19:25","Pickup / Drop","Muhamad Ashraf,, +13072237911Muhamad Ashraf -","80.000","0.000","80.000","0.000","Dammam Airport","Arman Hotel","GMC or similar","","admin","N/ACancelled","                                                                        "
"1158","231","26-Apr-22 07:00","Pickup / Drop","Zohair Alhariri,, +966553063698Zohair Alhariri -","35.000","35.000","0.000","0.000","Retal Residence Khobar","BAH airport","Ford Taurus","via","admin","N/ACancelled","                                                                        "
"1159","193","03-Mar-22 19:00","Pickup / Drop","Cash,,  -","49.500","49.500","0.000","0.000","Bahrain","Dmm Airport","Expedition","admin","admin","Cancelled","                                                                        "
"1160","191","01-Mar-22 13:30","Pickup / Drop","Mr. Eisa alEisa,0, 96565552375Mr. Eisa alEisa -","0.000","0.000","0.000","0.000","Dmm Airport","Bahrain","Expedition","jasim","admin","Cancelled","                                                                        "